title,body,url,source_url,page
주택청약예금의 비대면채널을 통한 상품 전환(이자지급방법 변경)이 가능한가요?,"주택청약예금(월이자지급식)을 상품 전환(예금담보대출 포함)하는 경우
「주택공급에 관한 규칙」에 따라 주민등록상 등·초본 등으로 확인해야 하므로
현재 거주지 면적별 예치금액을 확인 및 변경하는 업무에 대해서는 영업점 방문을 통한 업무처리가 필요합니다.
■ 주택청약예금(월이자지급식) 상품 특징
- 목적: 아파트 청약을 위한 목적부예금
- 판매기간: 1978.2.4일 ~ 2015.8.31일 (판매중단)
- 특징: 개설 시기별로 청약 인정금액, 이자 자동적금 이체 여부, 평형 변경시 2개의 계좌 생성 등 상품내용 다양
 - 상품종류(2종): 만기이자지급식, 월이자지급식
※ 상품간 전환하는 경우 전환 해지 후 전환 신규를 통해 가입당시 순위기산일을 유지하면서 계좌 개설과 동시에 이자
지급방법 변경 가능",https://obank.kbstar.com/quics?page=C019772&boardId=683&compId=b033618&articleId=112310&bbsMode=view&viewPage=1&articleClass=&searchCondition=title&searchStr=,https://obank.kbstar.com/quics?page=C019772,1
"미성년자인 자녀 예금의 제신고, 해지 등의 업무를 하려고 합니다. 친권자 중 1인의 내점으로 가능한가요?","가능합니다.
부모님이 내점하여 미성년자 자녀명의 예금의 제신고, 해지 등의 업무를 할 경우 필요한 서류는 아래와 같습니다.
1. 내점하는 부모님(법정대리인)의 실명확인증표(주민등록증, 운전면허증 등)
2. 가족관계확인서류
☞ 아래 서류 중 하나
- 가족관계증명서[내점한 신청인(부 또는 모) 또는 미성년자 자녀 기준으로 발급]
- 주민등록등본[내점한 신청인(부 또는 모)이 세대주인 경우에 한함]
3. 미성년자 자녀 기준으로 발급한 기본증명서(특정-친권·후견) 또는 기본증명서(상세)
※ 가족관계확인서류 및 기본증명서는 발급일로부터 3개월이내어야 하며, 주민등록번호가 전부 표시되어야 합니다.",https://obank.kbstar.com/quics?page=C019772&boardId=683&compId=b033618&articleId=1686&bbsMode=view&viewPage=1&articleClass=&searchCondition=title&searchStr=,https://obank.kbstar.com/quics?page=C019772,1
KB스타클럽 제도가 무엇인가요?,"♣ KB스타클럽제도란 KB국민은행을 세계적인 은행으로 도약할 수 있도록 많은 도움을 주신 고객님들께 다양한 혜택으로 보답해 드리는 특별한 제도입니다.
♣ 고객님께서 거래하신 모든 상품 및 각종 거래실적을 종합하여 스타클럽 고객으로 선정하고 선정된 고객등급에 따라 차별화된 각종 우대서비스를 제공해 드리는 제도로 모든 거래를 저희 국민은행
으로 집중하시면 더욱 유리합니다.
※ KB스타클럽 관련 상세내용은
(우측상단) 전체서비스 >고객센터 > KB스타클럽 
> KB스타클럽 안내
을 통해 확인하실 수 있습니다.",https://obank.kbstar.com/quics?page=C019772&boardId=683&compId=b033618&articleId=599&bbsMode=view&viewPage=1&articleClass=&searchCondition=title&searchStr=,https://obank.kbstar.com/quics?page=C019772,1
"KB가맹점우대통장을 가입하려고 하는데, 법인사업자도 가능한가요?","KB가맹점우대통장은 ‘개인’ 또는 ‘개인사업자'만 가입이 가능하며, 법인 및 고유(납세)번호를 부여받은 
단체 등은 가입할 수 없습니다.",https://obank.kbstar.com/quics?page=C019772&boardId=683&compId=b033618&articleId=598&bbsMode=view&viewPage=1&articleClass=&searchCondition=title&searchStr=,https://obank.kbstar.com/quics?page=C019772,1
타행 자기앞수표 입금 후 언제 출금 가능한가요?,"타행 자기앞수표로 입금하신 경우에는 다음 영업일 교환결제 출금가능시간(월~금요일 12:20) 이후에
 출금 가능합니다.
  다만, 은행간 사정으로 인해 특별한 경우 출금가능시간이 연장될 수 있습니다.",https://obank.kbstar.com/quics?page=C019772&boardId=683&compId=b033618&articleId=597&bbsMode=view&viewPage=1&articleClass=&searchCondition=title&searchStr=,https://obank.kbstar.com/quics?page=C019772,1
사업자우대적금은 어떤 상품인가요?,"저탄소 녹색성장 관련 기업, 종업원 급여이체 기업 등에게 다양한 우대이율로 목돈마련을 지원하고,
「적금관계대출」시에 대출금리 할인 등의 대출지원 서비스를 제공하며, 대출금 상환이나 사업장 구입
 (임차)을 위해 중도해지하는 경우 특별이율을 적용하는 기업 전용 적립식 예금상품입니다.",https://obank.kbstar.com/quics?page=C019772&boardId=683&compId=b033618&articleId=595&bbsMode=view&viewPage=1&articleClass=&searchCondition=title&searchStr=,https://obank.kbstar.com/quics?page=C019772,1
비밀번호 오류로 거래제한이 되었습니다. 어떻게 해야 하나요?,"비밀번호를 연속4회이상 오류입력할 경우 고객의 안전한 금융거래를 위해 사고 예방차원에서 거래가 제한됩니다.
거래제한 해제는 KB스타뱅킹 APP [전체메뉴 > 뱅킹 > 상품관리/해지 > 계좌 > 계좌비밀번호 관리] 을 통해 하시거나
가까운 국민은행 영업점으로 본인이 주민등록증을 지참하시고 내점하시어 해제하셔야 하며,
만약 비밀번호를 모르실 경우 비밀번호를 변경하시어 사용하시면 됩니다.
※ 미성년자가 예금주인 경우 본인에 의한 거래가 불가하며 법정대리인이 서류지참 후 내점하여 해제 가능
[단,거래일 현재 만 17세이상 미성년(주민등록상 주민등록증 발급대상자)본인은 거래가능하며 잔액이 1천만원 이상인 계좌의 경우 법정대리인 의사 확인]",https://obank.kbstar.com/quics?page=C019772&boardId=683&compId=b033618&articleId=592&bbsMode=view&viewPage=1&articleClass=&searchCondition=title&searchStr=,https://obank.kbstar.com/quics?page=C019772,1
장기주택마련저축에 가입 후 소득공제를 받고나서 저축을 해지하게되면 어떻게 되나요?,"제목 없음
가입일로부터   아래 기간내에 중도해지할 경우에는 소
득공제분을 추징합니다.
장기주택마련저축 소득공제 이후 저축 해지시 추징 내용
구분
내용
납입증명서를
발급받지 않은 계좌
추징 없음
납입증명서를
발급받은 계좌
가입후 1년이내 중도해지시 : 불입금액×8.8% (연간 66만원 한도, 지방소득세 포함)
가입후 5년이내 중도해지시 : 불입금액×4.4% (연간 33만원 한도, 지방소득세 포함)
[단, 해지 당해연도 불입분 제외]
☞ 단, 감면받은 세액이 해지추징세액에 미달하는 사실이 증명될 경우는 실제로   감면받은 세액 상당액만
추징
☞ 소
득공제를 받지 아니한 사실을 증명하는 경우 또는 특별중도해지 사유   발생일로부터 6개월 이내에   해
지시 해지추징세액 징구 면제",https://obank.kbstar.com/quics?page=C019772&boardId=683&compId=b033618&articleId=591&bbsMode=view&viewPage=1&articleClass=&searchCondition=title&searchStr=,https://obank.kbstar.com/quics?page=C019772,1
장기주택마련저축의 저축금액은 어떻게 되나요?,"분기별 최저 1만원이상 300만원 이내에서 1만원 단위로 저축 금액 및 회차에 관계없이 자유롭게 저축할 수 있습니다
☞ 분기별 저축한도 이내에서 금융 기관간 중복가입이 가능 합니다.",https://obank.kbstar.com/quics?page=C019772&boardId=683&compId=b033618&articleId=587&bbsMode=view&viewPage=1&articleClass=&searchCondition=title&searchStr=,https://obank.kbstar.com/quics?page=C019772,1
통장으로 자동화기기에서 출금을 하고 싶습니다.,"ATM기에서 통장으로 출금하고자 할 경우 우선 예금주 본인이 직접 주민등록증 및 통장과 거래인감
(서명에 의한 신청도 가능)을 지참하시고 영업점에 내점하시어 통장출금서비스 신청을 하셔야 합니다.
계좌비밀번호와는 별도로 자동화기기 이용번호 4자리 숫자를 등록하여 사용하셔야 하며, 이용한도는
자동화기기 이용한도와 동일합니다.
출금가능한 예금은 보통예금, 저축예금, 기업자유예금, 가계당좌예금이며, 현금.수표출금 및 국민은행간
 계좌이체, 타행계좌이체(연계계좌 송금거래 포함) 업무가 가능합니다.
☞  법인은 통장출금서비스를 신청할 수 없습니다.",https://obank.kbstar.com/quics?page=C019772&boardId=683&compId=b033618&articleId=585&bbsMode=view&viewPage=1&articleClass=&searchCondition=title&searchStr=,https://obank.kbstar.com/quics?page=C019772,1
주택청약예금의 비대면채널을 통한 상품 전환(이자지급방법 변경)이 가능한가요?,"주택청약예금(월이자지급식)을 상품 전환(예금담보대출 포함)하는 경우
「주택공급에 관한 규칙」에 따라 주민등록상 등·초본 등으로 확인해야 하므로
현재 거주지 면적별 예치금액을 확인 및 변경하는 업무에 대해서는 영업점 방문을 통한 업무처리가 필요합니다.
■ 주택청약예금(월이자지급식) 상품 특징
- 목적: 아파트 청약을 위한 목적부예금
- 판매기간: 1978.2.4일 ~ 2015.8.31일 (판매중단)
- 특징: 개설 시기별로 청약 인정금액, 이자 자동적금 이체 여부, 평형 변경시 2개의 계좌 생성 등 상품내용 다양
 - 상품종류(2종): 만기이자지급식, 월이자지급식
※ 상품간 전환하는 경우 전환 해지 후 전환 신규를 통해 가입당시 순위기산일을 유지하면서 계좌 개설과 동시에 이자
지급방법 변경 가능",https://obank.kbstar.com/quics?page=C019772&boardId=683&compId=b033618&articleId=112310&bbsMode=view&viewPage=1&articleClass=&searchCondition=title&searchStr=,https://obank.kbstar.com/quics?page=C019772,2
"미성년자인 자녀 예금의 제신고, 해지 등의 업무를 하려고 합니다. 친권자 중 1인의 내점으로 가능한가요?","가능합니다.
부모님이 내점하여 미성년자 자녀명의 예금의 제신고, 해지 등의 업무를 할 경우 필요한 서류는 아래와 같습니다.
1. 내점하는 부모님(법정대리인)의 실명확인증표(주민등록증, 운전면허증 등)
2. 가족관계확인서류
☞ 아래 서류 중 하나
- 가족관계증명서[내점한 신청인(부 또는 모) 또는 미성년자 자녀 기준으로 발급]
- 주민등록등본[내점한 신청인(부 또는 모)이 세대주인 경우에 한함]
3. 미성년자 자녀 기준으로 발급한 기본증명서(특정-친권·후견) 또는 기본증명서(상세)
※ 가족관계확인서류 및 기본증명서는 발급일로부터 3개월이내어야 하며, 주민등록번호가 전부 표시되어야 합니다.",https://obank.kbstar.com/quics?page=C019772&boardId=683&compId=b033618&articleId=1686&bbsMode=view&viewPage=1&articleClass=&searchCondition=title&searchStr=,https://obank.kbstar.com/quics?page=C019772,2
KB스타클럽 제도가 무엇인가요?,"♣ KB스타클럽제도란 KB국민은행을 세계적인 은행으로 도약할 수 있도록 많은 도움을 주신 고객님들께 다양한 혜택으로 보답해 드리는 특별한 제도입니다.
♣ 고객님께서 거래하신 모든 상품 및 각종 거래실적을 종합하여 스타클럽 고객으로 선정하고 선정된 고객등급에 따라 차별화된 각종 우대서비스를 제공해 드리는 제도로 모든 거래를 저희 국민은행
으로 집중하시면 더욱 유리합니다.
※ KB스타클럽 관련 상세내용은
(우측상단) 전체서비스 >고객센터 > KB스타클럽 
> KB스타클럽 안내
을 통해 확인하실 수 있습니다.",https://obank.kbstar.com/quics?page=C019772&boardId=683&compId=b033618&articleId=599&bbsMode=view&viewPage=1&articleClass=&searchCondition=title&searchStr=,https://obank.kbstar.com/quics?page=C019772,2
"KB가맹점우대통장을 가입하려고 하는데, 법인사업자도 가능한가요?","KB가맹점우대통장은 ‘개인’ 또는 ‘개인사업자'만 가입이 가능하며, 법인 및 고유(납세)번호를 부여받은 
단체 등은 가입할 수 없습니다.",https://obank.kbstar.com/quics?page=C019772&boardId=683&compId=b033618&articleId=598&bbsMode=view&viewPage=1&articleClass=&searchCondition=title&searchStr=,https://obank.kbstar.com/quics?page=C019772,2
타행 자기앞수표 입금 후 언제 출금 가능한가요?,"타행 자기앞수표로 입금하신 경우에는 다음 영업일 교환결제 출금가능시간(월~금요일 12:20) 이후에
 출금 가능합니다.
  다만, 은행간 사정으로 인해 특별한 경우 출금가능시간이 연장될 수 있습니다.",https://obank.kbstar.com/quics?page=C019772&boardId=683&compId=b033618&articleId=597&bbsMode=view&viewPage=1&articleClass=&searchCondition=title&searchStr=,https://obank.kbstar.com/quics?page=C019772,2
사업자우대적금은 어떤 상품인가요?,"저탄소 녹색성장 관련 기업, 종업원 급여이체 기업 등에게 다양한 우대이율로 목돈마련을 지원하고,
「적금관계대출」시에 대출금리 할인 등의 대출지원 서비스를 제공하며, 대출금 상환이나 사업장 구입
 (임차)을 위해 중도해지하는 경우 특별이율을 적용하는 기업 전용 적립식 예금상품입니다.",https://obank.kbstar.com/quics?page=C019772&boardId=683&compId=b033618&articleId=595&bbsMode=view&viewPage=1&articleClass=&searchCondition=title&searchStr=,https://obank.kbstar.com/quics?page=C019772,2
비밀번호 오류로 거래제한이 되었습니다. 어떻게 해야 하나요?,"비밀번호를 연속4회이상 오류입력할 경우 고객의 안전한 금융거래를 위해 사고 예방차원에서 거래가 제한됩니다.
거래제한 해제는 KB스타뱅킹 APP [전체메뉴 > 뱅킹 > 상품관리/해지 > 계좌 > 계좌비밀번호 관리] 을 통해 하시거나
가까운 국민은행 영업점으로 본인이 주민등록증을 지참하시고 내점하시어 해제하셔야 하며,
만약 비밀번호를 모르실 경우 비밀번호를 변경하시어 사용하시면 됩니다.
※ 미성년자가 예금주인 경우 본인에 의한 거래가 불가하며 법정대리인이 서류지참 후 내점하여 해제 가능
[단,거래일 현재 만 17세이상 미성년(주민등록상 주민등록증 발급대상자)본인은 거래가능하며 잔액이 1천만원 이상인 계좌의 경우 법정대리인 의사 확인]",https://obank.kbstar.com/quics?page=C019772&boardId=683&compId=b033618&articleId=592&bbsMode=view&viewPage=1&articleClass=&searchCondition=title&searchStr=,https://obank.kbstar.com/quics?page=C019772,2
장기주택마련저축에 가입 후 소득공제를 받고나서 저축을 해지하게되면 어떻게 되나요?,"제목 없음
가입일로부터   아래 기간내에 중도해지할 경우에는 소
득공제분을 추징합니다.
장기주택마련저축 소득공제 이후 저축 해지시 추징 내용
구분
내용
납입증명서를
발급받지 않은 계좌
추징 없음
납입증명서를
발급받은 계좌
가입후 1년이내 중도해지시 : 불입금액×8.8% (연간 66만원 한도, 지방소득세 포함)
가입후 5년이내 중도해지시 : 불입금액×4.4% (연간 33만원 한도, 지방소득세 포함)
[단, 해지 당해연도 불입분 제외]
☞ 단, 감면받은 세액이 해지추징세액에 미달하는 사실이 증명될 경우는 실제로   감면받은 세액 상당액만
추징
☞ 소
득공제를 받지 아니한 사실을 증명하는 경우 또는 특별중도해지 사유   발생일로부터 6개월 이내에   해
지시 해지추징세액 징구 면제",https://obank.kbstar.com/quics?page=C019772&boardId=683&compId=b033618&articleId=591&bbsMode=view&viewPage=1&articleClass=&searchCondition=title&searchStr=,https://obank.kbstar.com/quics?page=C019772,2
장기주택마련저축의 저축금액은 어떻게 되나요?,"분기별 최저 1만원이상 300만원 이내에서 1만원 단위로 저축 금액 및 회차에 관계없이 자유롭게 저축할 수 있습니다
☞ 분기별 저축한도 이내에서 금융 기관간 중복가입이 가능 합니다.",https://obank.kbstar.com/quics?page=C019772&boardId=683&compId=b033618&articleId=587&bbsMode=view&viewPage=1&articleClass=&searchCondition=title&searchStr=,https://obank.kbstar.com/quics?page=C019772,2
통장으로 자동화기기에서 출금을 하고 싶습니다.,"ATM기에서 통장으로 출금하고자 할 경우 우선 예금주 본인이 직접 주민등록증 및 통장과 거래인감
(서명에 의한 신청도 가능)을 지참하시고 영업점에 내점하시어 통장출금서비스 신청을 하셔야 합니다.
계좌비밀번호와는 별도로 자동화기기 이용번호 4자리 숫자를 등록하여 사용하셔야 하며, 이용한도는
자동화기기 이용한도와 동일합니다.
출금가능한 예금은 보통예금, 저축예금, 기업자유예금, 가계당좌예금이며, 현금.수표출금 및 국민은행간
 계좌이체, 타행계좌이체(연계계좌 송금거래 포함) 업무가 가능합니다.
☞  법인은 통장출금서비스를 신청할 수 없습니다.",https://obank.kbstar.com/quics?page=C019772&boardId=683&compId=b033618&articleId=585&bbsMode=view&viewPage=1&articleClass=&searchCondition=title&searchStr=,https://obank.kbstar.com/quics?page=C019772,2
주택청약예금의 비대면채널을 통한 상품 전환(이자지급방법 변경)이 가능한가요?,"주택청약예금(월이자지급식)을 상품 전환(예금담보대출 포함)하는 경우
「주택공급에 관한 규칙」에 따라 주민등록상 등·초본 등으로 확인해야 하므로
현재 거주지 면적별 예치금액을 확인 및 변경하는 업무에 대해서는 영업점 방문을 통한 업무처리가 필요합니다.
■ 주택청약예금(월이자지급식) 상품 특징
- 목적: 아파트 청약을 위한 목적부예금
- 판매기간: 1978.2.4일 ~ 2015.8.31일 (판매중단)
- 특징: 개설 시기별로 청약 인정금액, 이자 자동적금 이체 여부, 평형 변경시 2개의 계좌 생성 등 상품내용 다양
 - 상품종류(2종): 만기이자지급식, 월이자지급식
※ 상품간 전환하는 경우 전환 해지 후 전환 신규를 통해 가입당시 순위기산일을 유지하면서 계좌 개설과 동시에 이자
지급방법 변경 가능",https://obank.kbstar.com/quics?page=C019772&boardId=683&compId=b033618&articleId=112310&bbsMode=view&viewPage=1&articleClass=&searchCondition=title&searchStr=,https://obank.kbstar.com/quics?page=C019772,3
"미성년자인 자녀 예금의 제신고, 해지 등의 업무를 하려고 합니다. 친권자 중 1인의 내점으로 가능한가요?","가능합니다.
부모님이 내점하여 미성년자 자녀명의 예금의 제신고, 해지 등의 업무를 할 경우 필요한 서류는 아래와 같습니다.
1. 내점하는 부모님(법정대리인)의 실명확인증표(주민등록증, 운전면허증 등)
2. 가족관계확인서류
☞ 아래 서류 중 하나
- 가족관계증명서[내점한 신청인(부 또는 모) 또는 미성년자 자녀 기준으로 발급]
- 주민등록등본[내점한 신청인(부 또는 모)이 세대주인 경우에 한함]
3. 미성년자 자녀 기준으로 발급한 기본증명서(특정-친권·후견) 또는 기본증명서(상세)
※ 가족관계확인서류 및 기본증명서는 발급일로부터 3개월이내어야 하며, 주민등록번호가 전부 표시되어야 합니다.",https://obank.kbstar.com/quics?page=C019772&boardId=683&compId=b033618&articleId=1686&bbsMode=view&viewPage=1&articleClass=&searchCondition=title&searchStr=,https://obank.kbstar.com/quics?page=C019772,3
KB스타클럽 제도가 무엇인가요?,"♣ KB스타클럽제도란 KB국민은행을 세계적인 은행으로 도약할 수 있도록 많은 도움을 주신 고객님들께 다양한 혜택으로 보답해 드리는 특별한 제도입니다.
♣ 고객님께서 거래하신 모든 상품 및 각종 거래실적을 종합하여 스타클럽 고객으로 선정하고 선정된 고객등급에 따라 차별화된 각종 우대서비스를 제공해 드리는 제도로 모든 거래를 저희 국민은행
으로 집중하시면 더욱 유리합니다.
※ KB스타클럽 관련 상세내용은
(우측상단) 전체서비스 >고객센터 > KB스타클럽 
> KB스타클럽 안내
을 통해 확인하실 수 있습니다.",https://obank.kbstar.com/quics?page=C019772&boardId=683&compId=b033618&articleId=599&bbsMode=view&viewPage=1&articleClass=&searchCondition=title&searchStr=,https://obank.kbstar.com/quics?page=C019772,3
"KB가맹점우대통장을 가입하려고 하는데, 법인사업자도 가능한가요?","KB가맹점우대통장은 ‘개인’ 또는 ‘개인사업자'만 가입이 가능하며, 법인 및 고유(납세)번호를 부여받은 
단체 등은 가입할 수 없습니다.",https://obank.kbstar.com/quics?page=C019772&boardId=683&compId=b033618&articleId=598&bbsMode=view&viewPage=1&articleClass=&searchCondition=title&searchStr=,https://obank.kbstar.com/quics?page=C019772,3
타행 자기앞수표 입금 후 언제 출금 가능한가요?,"타행 자기앞수표로 입금하신 경우에는 다음 영업일 교환결제 출금가능시간(월~금요일 12:20) 이후에
 출금 가능합니다.
  다만, 은행간 사정으로 인해 특별한 경우 출금가능시간이 연장될 수 있습니다.",https://obank.kbstar.com/quics?page=C019772&boardId=683&compId=b033618&articleId=597&bbsMode=view&viewPage=1&articleClass=&searchCondition=title&searchStr=,https://obank.kbstar.com/quics?page=C019772,3
사업자우대적금은 어떤 상품인가요?,"저탄소 녹색성장 관련 기업, 종업원 급여이체 기업 등에게 다양한 우대이율로 목돈마련을 지원하고,
「적금관계대출」시에 대출금리 할인 등의 대출지원 서비스를 제공하며, 대출금 상환이나 사업장 구입
 (임차)을 위해 중도해지하는 경우 특별이율을 적용하는 기업 전용 적립식 예금상품입니다.",https://obank.kbstar.com/quics?page=C019772&boardId=683&compId=b033618&articleId=595&bbsMode=view&viewPage=1&articleClass=&searchCondition=title&searchStr=,https://obank.kbstar.com/quics?page=C019772,3
비밀번호 오류로 거래제한이 되었습니다. 어떻게 해야 하나요?,"비밀번호를 연속4회이상 오류입력할 경우 고객의 안전한 금융거래를 위해 사고 예방차원에서 거래가 제한됩니다.
거래제한 해제는 KB스타뱅킹 APP [전체메뉴 > 뱅킹 > 상품관리/해지 > 계좌 > 계좌비밀번호 관리] 을 통해 하시거나
가까운 국민은행 영업점으로 본인이 주민등록증을 지참하시고 내점하시어 해제하셔야 하며,
만약 비밀번호를 모르실 경우 비밀번호를 변경하시어 사용하시면 됩니다.
※ 미성년자가 예금주인 경우 본인에 의한 거래가 불가하며 법정대리인이 서류지참 후 내점하여 해제 가능
[단,거래일 현재 만 17세이상 미성년(주민등록상 주민등록증 발급대상자)본인은 거래가능하며 잔액이 1천만원 이상인 계좌의 경우 법정대리인 의사 확인]",https://obank.kbstar.com/quics?page=C019772&boardId=683&compId=b033618&articleId=592&bbsMode=view&viewPage=1&articleClass=&searchCondition=title&searchStr=,https://obank.kbstar.com/quics?page=C019772,3
장기주택마련저축에 가입 후 소득공제를 받고나서 저축을 해지하게되면 어떻게 되나요?,"제목 없음
가입일로부터   아래 기간내에 중도해지할 경우에는 소
득공제분을 추징합니다.
장기주택마련저축 소득공제 이후 저축 해지시 추징 내용
구분
내용
납입증명서를
발급받지 않은 계좌
추징 없음
납입증명서를
발급받은 계좌
가입후 1년이내 중도해지시 : 불입금액×8.8% (연간 66만원 한도, 지방소득세 포함)
가입후 5년이내 중도해지시 : 불입금액×4.4% (연간 33만원 한도, 지방소득세 포함)
[단, 해지 당해연도 불입분 제외]
☞ 단, 감면받은 세액이 해지추징세액에 미달하는 사실이 증명될 경우는 실제로   감면받은 세액 상당액만
추징
☞ 소
득공제를 받지 아니한 사실을 증명하는 경우 또는 특별중도해지 사유   발생일로부터 6개월 이내에   해
지시 해지추징세액 징구 면제",https://obank.kbstar.com/quics?page=C019772&boardId=683&compId=b033618&articleId=591&bbsMode=view&viewPage=1&articleClass=&searchCondition=title&searchStr=,https://obank.kbstar.com/quics?page=C019772,3
장기주택마련저축의 저축금액은 어떻게 되나요?,"분기별 최저 1만원이상 300만원 이내에서 1만원 단위로 저축 금액 및 회차에 관계없이 자유롭게 저축할 수 있습니다
☞ 분기별 저축한도 이내에서 금융 기관간 중복가입이 가능 합니다.",https://obank.kbstar.com/quics?page=C019772&boardId=683&compId=b033618&articleId=587&bbsMode=view&viewPage=1&articleClass=&searchCondition=title&searchStr=,https://obank.kbstar.com/quics?page=C019772,3
통장으로 자동화기기에서 출금을 하고 싶습니다.,"ATM기에서 통장으로 출금하고자 할 경우 우선 예금주 본인이 직접 주민등록증 및 통장과 거래인감
(서명에 의한 신청도 가능)을 지참하시고 영업점에 내점하시어 통장출금서비스 신청을 하셔야 합니다.
계좌비밀번호와는 별도로 자동화기기 이용번호 4자리 숫자를 등록하여 사용하셔야 하며, 이용한도는
자동화기기 이용한도와 동일합니다.
출금가능한 예금은 보통예금, 저축예금, 기업자유예금, 가계당좌예금이며, 현금.수표출금 및 국민은행간
 계좌이체, 타행계좌이체(연계계좌 송금거래 포함) 업무가 가능합니다.
☞  법인은 통장출금서비스를 신청할 수 없습니다.",https://obank.kbstar.com/quics?page=C019772&boardId=683&compId=b033618&articleId=585&bbsMode=view&viewPage=1&articleClass=&searchCondition=title&searchStr=,https://obank.kbstar.com/quics?page=C019772,3
주택청약예금의 비대면채널을 통한 상품 전환(이자지급방법 변경)이 가능한가요?,"주택청약예금(월이자지급식)을 상품 전환(예금담보대출 포함)하는 경우
「주택공급에 관한 규칙」에 따라 주민등록상 등·초본 등으로 확인해야 하므로
현재 거주지 면적별 예치금액을 확인 및 변경하는 업무에 대해서는 영업점 방문을 통한 업무처리가 필요합니다.
■ 주택청약예금(월이자지급식) 상품 특징
- 목적: 아파트 청약을 위한 목적부예금
- 판매기간: 1978.2.4일 ~ 2015.8.31일 (판매중단)
- 특징: 개설 시기별로 청약 인정금액, 이자 자동적금 이체 여부, 평형 변경시 2개의 계좌 생성 등 상품내용 다양
 - 상품종류(2종): 만기이자지급식, 월이자지급식
※ 상품간 전환하는 경우 전환 해지 후 전환 신규를 통해 가입당시 순위기산일을 유지하면서 계좌 개설과 동시에 이자
지급방법 변경 가능",https://obank.kbstar.com/quics?page=C019772&boardId=683&compId=b033618&articleId=112310&bbsMode=view&viewPage=1&articleClass=&searchCondition=title&searchStr=,https://obank.kbstar.com/quics?page=C019772,4
"미성년자인 자녀 예금의 제신고, 해지 등의 업무를 하려고 합니다. 친권자 중 1인의 내점으로 가능한가요?","가능합니다.
부모님이 내점하여 미성년자 자녀명의 예금의 제신고, 해지 등의 업무를 할 경우 필요한 서류는 아래와 같습니다.
1. 내점하는 부모님(법정대리인)의 실명확인증표(주민등록증, 운전면허증 등)
2. 가족관계확인서류
☞ 아래 서류 중 하나
- 가족관계증명서[내점한 신청인(부 또는 모) 또는 미성년자 자녀 기준으로 발급]
- 주민등록등본[내점한 신청인(부 또는 모)이 세대주인 경우에 한함]
3. 미성년자 자녀 기준으로 발급한 기본증명서(특정-친권·후견) 또는 기본증명서(상세)
※ 가족관계확인서류 및 기본증명서는 발급일로부터 3개월이내어야 하며, 주민등록번호가 전부 표시되어야 합니다.",https://obank.kbstar.com/quics?page=C019772&boardId=683&compId=b033618&articleId=1686&bbsMode=view&viewPage=1&articleClass=&searchCondition=title&searchStr=,https://obank.kbstar.com/quics?page=C019772,4
KB스타클럽 제도가 무엇인가요?,"♣ KB스타클럽제도란 KB국민은행을 세계적인 은행으로 도약할 수 있도록 많은 도움을 주신 고객님들께 다양한 혜택으로 보답해 드리는 특별한 제도입니다.
♣ 고객님께서 거래하신 모든 상품 및 각종 거래실적을 종합하여 스타클럽 고객으로 선정하고 선정된 고객등급에 따라 차별화된 각종 우대서비스를 제공해 드리는 제도로 모든 거래를 저희 국민은행
으로 집중하시면 더욱 유리합니다.
※ KB스타클럽 관련 상세내용은
(우측상단) 전체서비스 >고객센터 > KB스타클럽 
> KB스타클럽 안내
을 통해 확인하실 수 있습니다.",https://obank.kbstar.com/quics?page=C019772&boardId=683&compId=b033618&articleId=599&bbsMode=view&viewPage=1&articleClass=&searchCondition=title&searchStr=,https://obank.kbstar.com/quics?page=C019772,4
"KB가맹점우대통장을 가입하려고 하는데, 법인사업자도 가능한가요?","KB가맹점우대통장은 ‘개인’ 또는 ‘개인사업자'만 가입이 가능하며, 법인 및 고유(납세)번호를 부여받은 
단체 등은 가입할 수 없습니다.",https://obank.kbstar.com/quics?page=C019772&boardId=683&compId=b033618&articleId=598&bbsMode=view&viewPage=1&articleClass=&searchCondition=title&searchStr=,https://obank.kbstar.com/quics?page=C019772,4
타행 자기앞수표 입금 후 언제 출금 가능한가요?,"타행 자기앞수표로 입금하신 경우에는 다음 영업일 교환결제 출금가능시간(월~금요일 12:20) 이후에
 출금 가능합니다.
  다만, 은행간 사정으로 인해 특별한 경우 출금가능시간이 연장될 수 있습니다.",https://obank.kbstar.com/quics?page=C019772&boardId=683&compId=b033618&articleId=597&bbsMode=view&viewPage=1&articleClass=&searchCondition=title&searchStr=,https://obank.kbstar.com/quics?page=C019772,4
사업자우대적금은 어떤 상품인가요?,"저탄소 녹색성장 관련 기업, 종업원 급여이체 기업 등에게 다양한 우대이율로 목돈마련을 지원하고,
「적금관계대출」시에 대출금리 할인 등의 대출지원 서비스를 제공하며, 대출금 상환이나 사업장 구입
 (임차)을 위해 중도해지하는 경우 특별이율을 적용하는 기업 전용 적립식 예금상품입니다.",https://obank.kbstar.com/quics?page=C019772&boardId=683&compId=b033618&articleId=595&bbsMode=view&viewPage=1&articleClass=&searchCondition=title&searchStr=,https://obank.kbstar.com/quics?page=C019772,4
비밀번호 오류로 거래제한이 되었습니다. 어떻게 해야 하나요?,"비밀번호를 연속4회이상 오류입력할 경우 고객의 안전한 금융거래를 위해 사고 예방차원에서 거래가 제한됩니다.
거래제한 해제는 KB스타뱅킹 APP [전체메뉴 > 뱅킹 > 상품관리/해지 > 계좌 > 계좌비밀번호 관리] 을 통해 하시거나
가까운 국민은행 영업점으로 본인이 주민등록증을 지참하시고 내점하시어 해제하셔야 하며,
만약 비밀번호를 모르실 경우 비밀번호를 변경하시어 사용하시면 됩니다.
※ 미성년자가 예금주인 경우 본인에 의한 거래가 불가하며 법정대리인이 서류지참 후 내점하여 해제 가능
[단,거래일 현재 만 17세이상 미성년(주민등록상 주민등록증 발급대상자)본인은 거래가능하며 잔액이 1천만원 이상인 계좌의 경우 법정대리인 의사 확인]",https://obank.kbstar.com/quics?page=C019772&boardId=683&compId=b033618&articleId=592&bbsMode=view&viewPage=1&articleClass=&searchCondition=title&searchStr=,https://obank.kbstar.com/quics?page=C019772,4
장기주택마련저축에 가입 후 소득공제를 받고나서 저축을 해지하게되면 어떻게 되나요?,"제목 없음
가입일로부터   아래 기간내에 중도해지할 경우에는 소
득공제분을 추징합니다.
장기주택마련저축 소득공제 이후 저축 해지시 추징 내용
구분
내용
납입증명서를
발급받지 않은 계좌
추징 없음
납입증명서를
발급받은 계좌
가입후 1년이내 중도해지시 : 불입금액×8.8% (연간 66만원 한도, 지방소득세 포함)
가입후 5년이내 중도해지시 : 불입금액×4.4% (연간 33만원 한도, 지방소득세 포함)
[단, 해지 당해연도 불입분 제외]
☞ 단, 감면받은 세액이 해지추징세액에 미달하는 사실이 증명될 경우는 실제로   감면받은 세액 상당액만
추징
☞ 소
득공제를 받지 아니한 사실을 증명하는 경우 또는 특별중도해지 사유   발생일로부터 6개월 이내에   해
지시 해지추징세액 징구 면제",https://obank.kbstar.com/quics?page=C019772&boardId=683&compId=b033618&articleId=591&bbsMode=view&viewPage=1&articleClass=&searchCondition=title&searchStr=,https://obank.kbstar.com/quics?page=C019772,4
장기주택마련저축의 저축금액은 어떻게 되나요?,"분기별 최저 1만원이상 300만원 이내에서 1만원 단위로 저축 금액 및 회차에 관계없이 자유롭게 저축할 수 있습니다
☞ 분기별 저축한도 이내에서 금융 기관간 중복가입이 가능 합니다.",https://obank.kbstar.com/quics?page=C019772&boardId=683&compId=b033618&articleId=587&bbsMode=view&viewPage=1&articleClass=&searchCondition=title&searchStr=,https://obank.kbstar.com/quics?page=C019772,4
통장으로 자동화기기에서 출금을 하고 싶습니다.,"ATM기에서 통장으로 출금하고자 할 경우 우선 예금주 본인이 직접 주민등록증 및 통장과 거래인감
(서명에 의한 신청도 가능)을 지참하시고 영업점에 내점하시어 통장출금서비스 신청을 하셔야 합니다.
계좌비밀번호와는 별도로 자동화기기 이용번호 4자리 숫자를 등록하여 사용하셔야 하며, 이용한도는
자동화기기 이용한도와 동일합니다.
출금가능한 예금은 보통예금, 저축예금, 기업자유예금, 가계당좌예금이며, 현금.수표출금 및 국민은행간
 계좌이체, 타행계좌이체(연계계좌 송금거래 포함) 업무가 가능합니다.
☞  법인은 통장출금서비스를 신청할 수 없습니다.",https://obank.kbstar.com/quics?page=C019772&boardId=683&compId=b033618&articleId=585&bbsMode=view&viewPage=1&articleClass=&searchCondition=title&searchStr=,https://obank.kbstar.com/quics?page=C019772,4
주택청약예금의 비대면채널을 통한 상품 전환(이자지급방법 변경)이 가능한가요?,"주택청약예금(월이자지급식)을 상품 전환(예금담보대출 포함)하는 경우
「주택공급에 관한 규칙」에 따라 주민등록상 등·초본 등으로 확인해야 하므로
현재 거주지 면적별 예치금액을 확인 및 변경하는 업무에 대해서는 영업점 방문을 통한 업무처리가 필요합니다.
■ 주택청약예금(월이자지급식) 상품 특징
- 목적: 아파트 청약을 위한 목적부예금
- 판매기간: 1978.2.4일 ~ 2015.8.31일 (판매중단)
- 특징: 개설 시기별로 청약 인정금액, 이자 자동적금 이체 여부, 평형 변경시 2개의 계좌 생성 등 상품내용 다양
 - 상품종류(2종): 만기이자지급식, 월이자지급식
※ 상품간 전환하는 경우 전환 해지 후 전환 신규를 통해 가입당시 순위기산일을 유지하면서 계좌 개설과 동시에 이자
지급방법 변경 가능",https://obank.kbstar.com/quics?page=C019772&boardId=683&compId=b033618&articleId=112310&bbsMode=view&viewPage=1&articleClass=&searchCondition=title&searchStr=,https://obank.kbstar.com/quics?page=C019772,5
"미성년자인 자녀 예금의 제신고, 해지 등의 업무를 하려고 합니다. 친권자 중 1인의 내점으로 가능한가요?","가능합니다.
부모님이 내점하여 미성년자 자녀명의 예금의 제신고, 해지 등의 업무를 할 경우 필요한 서류는 아래와 같습니다.
1. 내점하는 부모님(법정대리인)의 실명확인증표(주민등록증, 운전면허증 등)
2. 가족관계확인서류
☞ 아래 서류 중 하나
- 가족관계증명서[내점한 신청인(부 또는 모) 또는 미성년자 자녀 기준으로 발급]
- 주민등록등본[내점한 신청인(부 또는 모)이 세대주인 경우에 한함]
3. 미성년자 자녀 기준으로 발급한 기본증명서(특정-친권·후견) 또는 기본증명서(상세)
※ 가족관계확인서류 및 기본증명서는 발급일로부터 3개월이내어야 하며, 주민등록번호가 전부 표시되어야 합니다.",https://obank.kbstar.com/quics?page=C019772&boardId=683&compId=b033618&articleId=1686&bbsMode=view&viewPage=1&articleClass=&searchCondition=title&searchStr=,https://obank.kbstar.com/quics?page=C019772,5
KB스타클럽 제도가 무엇인가요?,"♣ KB스타클럽제도란 KB국민은행을 세계적인 은행으로 도약할 수 있도록 많은 도움을 주신 고객님들께 다양한 혜택으로 보답해 드리는 특별한 제도입니다.
♣ 고객님께서 거래하신 모든 상품 및 각종 거래실적을 종합하여 스타클럽 고객으로 선정하고 선정된 고객등급에 따라 차별화된 각종 우대서비스를 제공해 드리는 제도로 모든 거래를 저희 국민은행
으로 집중하시면 더욱 유리합니다.
※ KB스타클럽 관련 상세내용은
(우측상단) 전체서비스 >고객센터 > KB스타클럽 
> KB스타클럽 안내
을 통해 확인하실 수 있습니다.",https://obank.kbstar.com/quics?page=C019772&boardId=683&compId=b033618&articleId=599&bbsMode=view&viewPage=1&articleClass=&searchCondition=title&searchStr=,https://obank.kbstar.com/quics?page=C019772,5
"KB가맹점우대통장을 가입하려고 하는데, 법인사업자도 가능한가요?","KB가맹점우대통장은 ‘개인’ 또는 ‘개인사업자'만 가입이 가능하며, 법인 및 고유(납세)번호를 부여받은 
단체 등은 가입할 수 없습니다.",https://obank.kbstar.com/quics?page=C019772&boardId=683&compId=b033618&articleId=598&bbsMode=view&viewPage=1&articleClass=&searchCondition=title&searchStr=,https://obank.kbstar.com/quics?page=C019772,5
타행 자기앞수표 입금 후 언제 출금 가능한가요?,"타행 자기앞수표로 입금하신 경우에는 다음 영업일 교환결제 출금가능시간(월~금요일 12:20) 이후에
 출금 가능합니다.
  다만, 은행간 사정으로 인해 특별한 경우 출금가능시간이 연장될 수 있습니다.",https://obank.kbstar.com/quics?page=C019772&boardId=683&compId=b033618&articleId=597&bbsMode=view&viewPage=1&articleClass=&searchCondition=title&searchStr=,https://obank.kbstar.com/quics?page=C019772,5
사업자우대적금은 어떤 상품인가요?,"저탄소 녹색성장 관련 기업, 종업원 급여이체 기업 등에게 다양한 우대이율로 목돈마련을 지원하고,
「적금관계대출」시에 대출금리 할인 등의 대출지원 서비스를 제공하며, 대출금 상환이나 사업장 구입
 (임차)을 위해 중도해지하는 경우 특별이율을 적용하는 기업 전용 적립식 예금상품입니다.",https://obank.kbstar.com/quics?page=C019772&boardId=683&compId=b033618&articleId=595&bbsMode=view&viewPage=1&articleClass=&searchCondition=title&searchStr=,https://obank.kbstar.com/quics?page=C019772,5
비밀번호 오류로 거래제한이 되었습니다. 어떻게 해야 하나요?,"비밀번호를 연속4회이상 오류입력할 경우 고객의 안전한 금융거래를 위해 사고 예방차원에서 거래가 제한됩니다.
거래제한 해제는 KB스타뱅킹 APP [전체메뉴 > 뱅킹 > 상품관리/해지 > 계좌 > 계좌비밀번호 관리] 을 통해 하시거나
가까운 국민은행 영업점으로 본인이 주민등록증을 지참하시고 내점하시어 해제하셔야 하며,
만약 비밀번호를 모르실 경우 비밀번호를 변경하시어 사용하시면 됩니다.
※ 미성년자가 예금주인 경우 본인에 의한 거래가 불가하며 법정대리인이 서류지참 후 내점하여 해제 가능
[단,거래일 현재 만 17세이상 미성년(주민등록상 주민등록증 발급대상자)본인은 거래가능하며 잔액이 1천만원 이상인 계좌의 경우 법정대리인 의사 확인]",https://obank.kbstar.com/quics?page=C019772&boardId=683&compId=b033618&articleId=592&bbsMode=view&viewPage=1&articleClass=&searchCondition=title&searchStr=,https://obank.kbstar.com/quics?page=C019772,5
장기주택마련저축에 가입 후 소득공제를 받고나서 저축을 해지하게되면 어떻게 되나요?,"제목 없음
가입일로부터   아래 기간내에 중도해지할 경우에는 소
득공제분을 추징합니다.
장기주택마련저축 소득공제 이후 저축 해지시 추징 내용
구분
내용
납입증명서를
발급받지 않은 계좌
추징 없음
납입증명서를
발급받은 계좌
가입후 1년이내 중도해지시 : 불입금액×8.8% (연간 66만원 한도, 지방소득세 포함)
가입후 5년이내 중도해지시 : 불입금액×4.4% (연간 33만원 한도, 지방소득세 포함)
[단, 해지 당해연도 불입분 제외]
☞ 단, 감면받은 세액이 해지추징세액에 미달하는 사실이 증명될 경우는 실제로   감면받은 세액 상당액만
추징
☞ 소
득공제를 받지 아니한 사실을 증명하는 경우 또는 특별중도해지 사유   발생일로부터 6개월 이내에   해
지시 해지추징세액 징구 면제",https://obank.kbstar.com/quics?page=C019772&boardId=683&compId=b033618&articleId=591&bbsMode=view&viewPage=1&articleClass=&searchCondition=title&searchStr=,https://obank.kbstar.com/quics?page=C019772,5
장기주택마련저축의 저축금액은 어떻게 되나요?,"분기별 최저 1만원이상 300만원 이내에서 1만원 단위로 저축 금액 및 회차에 관계없이 자유롭게 저축할 수 있습니다
☞ 분기별 저축한도 이내에서 금융 기관간 중복가입이 가능 합니다.",https://obank.kbstar.com/quics?page=C019772&boardId=683&compId=b033618&articleId=587&bbsMode=view&viewPage=1&articleClass=&searchCondition=title&searchStr=,https://obank.kbstar.com/quics?page=C019772,5
통장으로 자동화기기에서 출금을 하고 싶습니다.,"ATM기에서 통장으로 출금하고자 할 경우 우선 예금주 본인이 직접 주민등록증 및 통장과 거래인감
(서명에 의한 신청도 가능)을 지참하시고 영업점에 내점하시어 통장출금서비스 신청을 하셔야 합니다.
계좌비밀번호와는 별도로 자동화기기 이용번호 4자리 숫자를 등록하여 사용하셔야 하며, 이용한도는
자동화기기 이용한도와 동일합니다.
출금가능한 예금은 보통예금, 저축예금, 기업자유예금, 가계당좌예금이며, 현금.수표출금 및 국민은행간
 계좌이체, 타행계좌이체(연계계좌 송금거래 포함) 업무가 가능합니다.
☞  법인은 통장출금서비스를 신청할 수 없습니다.",https://obank.kbstar.com/quics?page=C019772&boardId=683&compId=b033618&articleId=585&bbsMode=view&viewPage=1&articleClass=&searchCondition=title&searchStr=,https://obank.kbstar.com/quics?page=C019772,5
주택청약예금의 비대면채널을 통한 상품 전환(이자지급방법 변경)이 가능한가요?,"주택청약예금(월이자지급식)을 상품 전환(예금담보대출 포함)하는 경우
「주택공급에 관한 규칙」에 따라 주민등록상 등·초본 등으로 확인해야 하므로
현재 거주지 면적별 예치금액을 확인 및 변경하는 업무에 대해서는 영업점 방문을 통한 업무처리가 필요합니다.
■ 주택청약예금(월이자지급식) 상품 특징
- 목적: 아파트 청약을 위한 목적부예금
- 판매기간: 1978.2.4일 ~ 2015.8.31일 (판매중단)
- 특징: 개설 시기별로 청약 인정금액, 이자 자동적금 이체 여부, 평형 변경시 2개의 계좌 생성 등 상품내용 다양
 - 상품종류(2종): 만기이자지급식, 월이자지급식
※ 상품간 전환하는 경우 전환 해지 후 전환 신규를 통해 가입당시 순위기산일을 유지하면서 계좌 개설과 동시에 이자
지급방법 변경 가능",https://obank.kbstar.com/quics?page=C019772&boardId=683&compId=b033618&articleId=112310&bbsMode=view&viewPage=1&articleClass=&searchCondition=title&searchStr=,https://obank.kbstar.com/quics?page=C019772,6
"미성년자인 자녀 예금의 제신고, 해지 등의 업무를 하려고 합니다. 친권자 중 1인의 내점으로 가능한가요?","가능합니다.
부모님이 내점하여 미성년자 자녀명의 예금의 제신고, 해지 등의 업무를 할 경우 필요한 서류는 아래와 같습니다.
1. 내점하는 부모님(법정대리인)의 실명확인증표(주민등록증, 운전면허증 등)
2. 가족관계확인서류
☞ 아래 서류 중 하나
- 가족관계증명서[내점한 신청인(부 또는 모) 또는 미성년자 자녀 기준으로 발급]
- 주민등록등본[내점한 신청인(부 또는 모)이 세대주인 경우에 한함]
3. 미성년자 자녀 기준으로 발급한 기본증명서(특정-친권·후견) 또는 기본증명서(상세)
※ 가족관계확인서류 및 기본증명서는 발급일로부터 3개월이내어야 하며, 주민등록번호가 전부 표시되어야 합니다.",https://obank.kbstar.com/quics?page=C019772&boardId=683&compId=b033618&articleId=1686&bbsMode=view&viewPage=1&articleClass=&searchCondition=title&searchStr=,https://obank.kbstar.com/quics?page=C019772,6
KB스타클럽 제도가 무엇인가요?,"♣ KB스타클럽제도란 KB국민은행을 세계적인 은행으로 도약할 수 있도록 많은 도움을 주신 고객님들께 다양한 혜택으로 보답해 드리는 특별한 제도입니다.
♣ 고객님께서 거래하신 모든 상품 및 각종 거래실적을 종합하여 스타클럽 고객으로 선정하고 선정된 고객등급에 따라 차별화된 각종 우대서비스를 제공해 드리는 제도로 모든 거래를 저희 국민은행
으로 집중하시면 더욱 유리합니다.
※ KB스타클럽 관련 상세내용은
(우측상단) 전체서비스 >고객센터 > KB스타클럽 
> KB스타클럽 안내
을 통해 확인하실 수 있습니다.",https://obank.kbstar.com/quics?page=C019772&boardId=683&compId=b033618&articleId=599&bbsMode=view&viewPage=1&articleClass=&searchCondition=title&searchStr=,https://obank.kbstar.com/quics?page=C019772,6
"KB가맹점우대통장을 가입하려고 하는데, 법인사업자도 가능한가요?","KB가맹점우대통장은 ‘개인’ 또는 ‘개인사업자'만 가입이 가능하며, 법인 및 고유(납세)번호를 부여받은 
단체 등은 가입할 수 없습니다.",https://obank.kbstar.com/quics?page=C019772&boardId=683&compId=b033618&articleId=598&bbsMode=view&viewPage=1&articleClass=&searchCondition=title&searchStr=,https://obank.kbstar.com/quics?page=C019772,6
타행 자기앞수표 입금 후 언제 출금 가능한가요?,"타행 자기앞수표로 입금하신 경우에는 다음 영업일 교환결제 출금가능시간(월~금요일 12:20) 이후에
 출금 가능합니다.
  다만, 은행간 사정으로 인해 특별한 경우 출금가능시간이 연장될 수 있습니다.",https://obank.kbstar.com/quics?page=C019772&boardId=683&compId=b033618&articleId=597&bbsMode=view&viewPage=1&articleClass=&searchCondition=title&searchStr=,https://obank.kbstar.com/quics?page=C019772,6
사업자우대적금은 어떤 상품인가요?,"저탄소 녹색성장 관련 기업, 종업원 급여이체 기업 등에게 다양한 우대이율로 목돈마련을 지원하고,
「적금관계대출」시에 대출금리 할인 등의 대출지원 서비스를 제공하며, 대출금 상환이나 사업장 구입
 (임차)을 위해 중도해지하는 경우 특별이율을 적용하는 기업 전용 적립식 예금상품입니다.",https://obank.kbstar.com/quics?page=C019772&boardId=683&compId=b033618&articleId=595&bbsMode=view&viewPage=1&articleClass=&searchCondition=title&searchStr=,https://obank.kbstar.com/quics?page=C019772,6
비밀번호 오류로 거래제한이 되었습니다. 어떻게 해야 하나요?,"비밀번호를 연속4회이상 오류입력할 경우 고객의 안전한 금융거래를 위해 사고 예방차원에서 거래가 제한됩니다.
거래제한 해제는 KB스타뱅킹 APP [전체메뉴 > 뱅킹 > 상품관리/해지 > 계좌 > 계좌비밀번호 관리] 을 통해 하시거나
가까운 국민은행 영업점으로 본인이 주민등록증을 지참하시고 내점하시어 해제하셔야 하며,
만약 비밀번호를 모르실 경우 비밀번호를 변경하시어 사용하시면 됩니다.
※ 미성년자가 예금주인 경우 본인에 의한 거래가 불가하며 법정대리인이 서류지참 후 내점하여 해제 가능
[단,거래일 현재 만 17세이상 미성년(주민등록상 주민등록증 발급대상자)본인은 거래가능하며 잔액이 1천만원 이상인 계좌의 경우 법정대리인 의사 확인]",https://obank.kbstar.com/quics?page=C019772&boardId=683&compId=b033618&articleId=592&bbsMode=view&viewPage=1&articleClass=&searchCondition=title&searchStr=,https://obank.kbstar.com/quics?page=C019772,6
장기주택마련저축에 가입 후 소득공제를 받고나서 저축을 해지하게되면 어떻게 되나요?,"제목 없음
가입일로부터   아래 기간내에 중도해지할 경우에는 소
득공제분을 추징합니다.
장기주택마련저축 소득공제 이후 저축 해지시 추징 내용
구분
내용
납입증명서를
발급받지 않은 계좌
추징 없음
납입증명서를
발급받은 계좌
가입후 1년이내 중도해지시 : 불입금액×8.8% (연간 66만원 한도, 지방소득세 포함)
가입후 5년이내 중도해지시 : 불입금액×4.4% (연간 33만원 한도, 지방소득세 포함)
[단, 해지 당해연도 불입분 제외]
☞ 단, 감면받은 세액이 해지추징세액에 미달하는 사실이 증명될 경우는 실제로   감면받은 세액 상당액만
추징
☞ 소
득공제를 받지 아니한 사실을 증명하는 경우 또는 특별중도해지 사유   발생일로부터 6개월 이내에   해
지시 해지추징세액 징구 면제",https://obank.kbstar.com/quics?page=C019772&boardId=683&compId=b033618&articleId=591&bbsMode=view&viewPage=1&articleClass=&searchCondition=title&searchStr=,https://obank.kbstar.com/quics?page=C019772,6
장기주택마련저축의 저축금액은 어떻게 되나요?,"분기별 최저 1만원이상 300만원 이내에서 1만원 단위로 저축 금액 및 회차에 관계없이 자유롭게 저축할 수 있습니다
☞ 분기별 저축한도 이내에서 금융 기관간 중복가입이 가능 합니다.",https://obank.kbstar.com/quics?page=C019772&boardId=683&compId=b033618&articleId=587&bbsMode=view&viewPage=1&articleClass=&searchCondition=title&searchStr=,https://obank.kbstar.com/quics?page=C019772,6
통장으로 자동화기기에서 출금을 하고 싶습니다.,"ATM기에서 통장으로 출금하고자 할 경우 우선 예금주 본인이 직접 주민등록증 및 통장과 거래인감
(서명에 의한 신청도 가능)을 지참하시고 영업점에 내점하시어 통장출금서비스 신청을 하셔야 합니다.
계좌비밀번호와는 별도로 자동화기기 이용번호 4자리 숫자를 등록하여 사용하셔야 하며, 이용한도는
자동화기기 이용한도와 동일합니다.
출금가능한 예금은 보통예금, 저축예금, 기업자유예금, 가계당좌예금이며, 현금.수표출금 및 국민은행간
 계좌이체, 타행계좌이체(연계계좌 송금거래 포함) 업무가 가능합니다.
☞  법인은 통장출금서비스를 신청할 수 없습니다.",https://obank.kbstar.com/quics?page=C019772&boardId=683&compId=b033618&articleId=585&bbsMode=view&viewPage=1&articleClass=&searchCondition=title&searchStr=,https://obank.kbstar.com/quics?page=C019772,6
주택청약예금의 비대면채널을 통한 상품 전환(이자지급방법 변경)이 가능한가요?,"주택청약예금(월이자지급식)을 상품 전환(예금담보대출 포함)하는 경우
「주택공급에 관한 규칙」에 따라 주민등록상 등·초본 등으로 확인해야 하므로
현재 거주지 면적별 예치금액을 확인 및 변경하는 업무에 대해서는 영업점 방문을 통한 업무처리가 필요합니다.
■ 주택청약예금(월이자지급식) 상품 특징
- 목적: 아파트 청약을 위한 목적부예금
- 판매기간: 1978.2.4일 ~ 2015.8.31일 (판매중단)
- 특징: 개설 시기별로 청약 인정금액, 이자 자동적금 이체 여부, 평형 변경시 2개의 계좌 생성 등 상품내용 다양
 - 상품종류(2종): 만기이자지급식, 월이자지급식
※ 상품간 전환하는 경우 전환 해지 후 전환 신규를 통해 가입당시 순위기산일을 유지하면서 계좌 개설과 동시에 이자
지급방법 변경 가능",https://obank.kbstar.com/quics?page=C019772&boardId=683&compId=b033618&articleId=112310&bbsMode=view&viewPage=1&articleClass=&searchCondition=title&searchStr=,https://obank.kbstar.com/quics?page=C019772,7
"미성년자인 자녀 예금의 제신고, 해지 등의 업무를 하려고 합니다. 친권자 중 1인의 내점으로 가능한가요?","가능합니다.
부모님이 내점하여 미성년자 자녀명의 예금의 제신고, 해지 등의 업무를 할 경우 필요한 서류는 아래와 같습니다.
1. 내점하는 부모님(법정대리인)의 실명확인증표(주민등록증, 운전면허증 등)
2. 가족관계확인서류
☞ 아래 서류 중 하나
- 가족관계증명서[내점한 신청인(부 또는 모) 또는 미성년자 자녀 기준으로 발급]
- 주민등록등본[내점한 신청인(부 또는 모)이 세대주인 경우에 한함]
3. 미성년자 자녀 기준으로 발급한 기본증명서(특정-친권·후견) 또는 기본증명서(상세)
※ 가족관계확인서류 및 기본증명서는 발급일로부터 3개월이내어야 하며, 주민등록번호가 전부 표시되어야 합니다.",https://obank.kbstar.com/quics?page=C019772&boardId=683&compId=b033618&articleId=1686&bbsMode=view&viewPage=1&articleClass=&searchCondition=title&searchStr=,https://obank.kbstar.com/quics?page=C019772,7
KB스타클럽 제도가 무엇인가요?,"♣ KB스타클럽제도란 KB국민은행을 세계적인 은행으로 도약할 수 있도록 많은 도움을 주신 고객님들께 다양한 혜택으로 보답해 드리는 특별한 제도입니다.
♣ 고객님께서 거래하신 모든 상품 및 각종 거래실적을 종합하여 스타클럽 고객으로 선정하고 선정된 고객등급에 따라 차별화된 각종 우대서비스를 제공해 드리는 제도로 모든 거래를 저희 국민은행
으로 집중하시면 더욱 유리합니다.
※ KB스타클럽 관련 상세내용은
(우측상단) 전체서비스 >고객센터 > KB스타클럽 
> KB스타클럽 안내
을 통해 확인하실 수 있습니다.",https://obank.kbstar.com/quics?page=C019772&boardId=683&compId=b033618&articleId=599&bbsMode=view&viewPage=1&articleClass=&searchCondition=title&searchStr=,https://obank.kbstar.com/quics?page=C019772,7
"KB가맹점우대통장을 가입하려고 하는데, 법인사업자도 가능한가요?","KB가맹점우대통장은 ‘개인’ 또는 ‘개인사업자'만 가입이 가능하며, 법인 및 고유(납세)번호를 부여받은 
단체 등은 가입할 수 없습니다.",https://obank.kbstar.com/quics?page=C019772&boardId=683&compId=b033618&articleId=598&bbsMode=view&viewPage=1&articleClass=&searchCondition=title&searchStr=,https://obank.kbstar.com/quics?page=C019772,7
타행 자기앞수표 입금 후 언제 출금 가능한가요?,"타행 자기앞수표로 입금하신 경우에는 다음 영업일 교환결제 출금가능시간(월~금요일 12:20) 이후에
 출금 가능합니다.
  다만, 은행간 사정으로 인해 특별한 경우 출금가능시간이 연장될 수 있습니다.",https://obank.kbstar.com/quics?page=C019772&boardId=683&compId=b033618&articleId=597&bbsMode=view&viewPage=1&articleClass=&searchCondition=title&searchStr=,https://obank.kbstar.com/quics?page=C019772,7
사업자우대적금은 어떤 상품인가요?,"저탄소 녹색성장 관련 기업, 종업원 급여이체 기업 등에게 다양한 우대이율로 목돈마련을 지원하고,
「적금관계대출」시에 대출금리 할인 등의 대출지원 서비스를 제공하며, 대출금 상환이나 사업장 구입
 (임차)을 위해 중도해지하는 경우 특별이율을 적용하는 기업 전용 적립식 예금상품입니다.",https://obank.kbstar.com/quics?page=C019772&boardId=683&compId=b033618&articleId=595&bbsMode=view&viewPage=1&articleClass=&searchCondition=title&searchStr=,https://obank.kbstar.com/quics?page=C019772,7
비밀번호 오류로 거래제한이 되었습니다. 어떻게 해야 하나요?,"비밀번호를 연속4회이상 오류입력할 경우 고객의 안전한 금융거래를 위해 사고 예방차원에서 거래가 제한됩니다.
거래제한 해제는 KB스타뱅킹 APP [전체메뉴 > 뱅킹 > 상품관리/해지 > 계좌 > 계좌비밀번호 관리] 을 통해 하시거나
가까운 국민은행 영업점으로 본인이 주민등록증을 지참하시고 내점하시어 해제하셔야 하며,
만약 비밀번호를 모르실 경우 비밀번호를 변경하시어 사용하시면 됩니다.
※ 미성년자가 예금주인 경우 본인에 의한 거래가 불가하며 법정대리인이 서류지참 후 내점하여 해제 가능
[단,거래일 현재 만 17세이상 미성년(주민등록상 주민등록증 발급대상자)본인은 거래가능하며 잔액이 1천만원 이상인 계좌의 경우 법정대리인 의사 확인]",https://obank.kbstar.com/quics?page=C019772&boardId=683&compId=b033618&articleId=592&bbsMode=view&viewPage=1&articleClass=&searchCondition=title&searchStr=,https://obank.kbstar.com/quics?page=C019772,7
장기주택마련저축에 가입 후 소득공제를 받고나서 저축을 해지하게되면 어떻게 되나요?,"제목 없음
가입일로부터   아래 기간내에 중도해지할 경우에는 소
득공제분을 추징합니다.
장기주택마련저축 소득공제 이후 저축 해지시 추징 내용
구분
내용
납입증명서를
발급받지 않은 계좌
추징 없음
납입증명서를
발급받은 계좌
가입후 1년이내 중도해지시 : 불입금액×8.8% (연간 66만원 한도, 지방소득세 포함)
가입후 5년이내 중도해지시 : 불입금액×4.4% (연간 33만원 한도, 지방소득세 포함)
[단, 해지 당해연도 불입분 제외]
☞ 단, 감면받은 세액이 해지추징세액에 미달하는 사실이 증명될 경우는 실제로   감면받은 세액 상당액만
추징
☞ 소
득공제를 받지 아니한 사실을 증명하는 경우 또는 특별중도해지 사유   발생일로부터 6개월 이내에   해
지시 해지추징세액 징구 면제",https://obank.kbstar.com/quics?page=C019772&boardId=683&compId=b033618&articleId=591&bbsMode=view&viewPage=1&articleClass=&searchCondition=title&searchStr=,https://obank.kbstar.com/quics?page=C019772,7
장기주택마련저축의 저축금액은 어떻게 되나요?,"분기별 최저 1만원이상 300만원 이내에서 1만원 단위로 저축 금액 및 회차에 관계없이 자유롭게 저축할 수 있습니다
☞ 분기별 저축한도 이내에서 금융 기관간 중복가입이 가능 합니다.",https://obank.kbstar.com/quics?page=C019772&boardId=683&compId=b033618&articleId=587&bbsMode=view&viewPage=1&articleClass=&searchCondition=title&searchStr=,https://obank.kbstar.com/quics?page=C019772,7
통장으로 자동화기기에서 출금을 하고 싶습니다.,"ATM기에서 통장으로 출금하고자 할 경우 우선 예금주 본인이 직접 주민등록증 및 통장과 거래인감
(서명에 의한 신청도 가능)을 지참하시고 영업점에 내점하시어 통장출금서비스 신청을 하셔야 합니다.
계좌비밀번호와는 별도로 자동화기기 이용번호 4자리 숫자를 등록하여 사용하셔야 하며, 이용한도는
자동화기기 이용한도와 동일합니다.
출금가능한 예금은 보통예금, 저축예금, 기업자유예금, 가계당좌예금이며, 현금.수표출금 및 국민은행간
 계좌이체, 타행계좌이체(연계계좌 송금거래 포함) 업무가 가능합니다.
☞  법인은 통장출금서비스를 신청할 수 없습니다.",https://obank.kbstar.com/quics?page=C019772&boardId=683&compId=b033618&articleId=585&bbsMode=view&viewPage=1&articleClass=&searchCondition=title&searchStr=,https://obank.kbstar.com/quics?page=C019772,7
펀드운용보고서 통보방법을 인터넷으로 변경할 수 있나요?,"제목 없음
♣ 가능합니다.
단,   인터넷뱅킹 가입자만 가능하며, 금융상품몰>펀드>My펀드관리>운용보고서   신청에서 변경하시면
됩니다.
(자택통보, 직장통보, E-MAIL통보, 통보하지   않음 중 선택)",https://obank.kbstar.com/quics?page=C019773&boardId=684&compId=b033621&articleId=638&bbsMode=view&viewPage=1&articleClass=&searchCondition=title&searchStr=,https://obank.kbstar.com/quics?page=C019773,1
적립식 펀드 자동이체일에 자동이체 계좌의 잔액이 없을 경우 어떻게 되나요?,"제목 없음
♣ 자동이체   지정일에 요구불계좌의 잔액이 부족한 경우 해당월의 자동이체는 불가합니다.
잔액이   채워지는 날에 재처리 하지 않습니다.(자동이체 지정일 당일에 한하여 월1회 출금처리)
※ 요구불계좌에서   자동이체 해당금액 출금시 현금화되지 않은 수표 및 어음은 출금이 불가하여
출금가능한 잔액이 부족한 경우 자동이체 처리가   불가능합니다.",https://obank.kbstar.com/quics?page=C019773&boardId=684&compId=b033621&articleId=637&bbsMode=view&viewPage=1&articleClass=&searchCondition=title&searchStr=,https://obank.kbstar.com/quics?page=C019773,1
펀드도 세금우대로 지정 할 수 있나요?,"제목 없음
♣ 가능합니다.
계약기간   1년이상인 거치식 또는 적립식 펀드에 한함(역외펀드 제외)
※   단, 세금우대 등록 계좌는 분할환매가 제한됩니다.
※   인터넷상에서는 세금우대로 가입이 불가능하므로 가까운 영업점을 방문하여 가입하셔야   합니다.",https://obank.kbstar.com/quics?page=C019773&boardId=684&compId=b033621&articleId=636&bbsMode=view&viewPage=1&articleClass=&searchCondition=title&searchStr=,https://obank.kbstar.com/quics?page=C019773,1
환매예약 당시 평가금액이 신청금액보다 많았는데도 실제 환매일에 환매가 되지 않았어요.,"제목 없음
환매예약 당시   평가금액 이하의 금액으로 금액출금 신청한 경우라도
세금, 중도환매수수료, 환매기준가
적용일의 기준가 하락 등
으로 환매대금 지급일에 금액부족 사유로   환매되지 않을 수 있습니다.
※ 단, 전액출금 방식으로 환매예약시에는   금액부족 사유로 환매오류가 발생하지는 않으나 위와 같은
사유로 인하여   환매대금 지급일에 실제 지급되는 금액이 예상금액과 달라질 수 있음에 유의.",https://obank.kbstar.com/quics?page=C019773&boardId=684&compId=b033621&articleId=635&bbsMode=view&viewPage=1&articleClass=&searchCondition=title&searchStr=,https://obank.kbstar.com/quics?page=C019773,1
기준가격과 과표기준가격의 차이점은?,"♣ 기준가격: 집합투자증권의 매입 또는 환매시 금액산정의 기준이 되는 가격으로 집합투자증권의
거래   단위(좌)당   순자산가치를 나타냅니다.
기준가격               =
펀드의               총자산- 부채ㆍ비용
×               1,000
------------------------------------------------
공고일               전일의 잔존 수익증권 총좌수
♣ 과표기준가격 : 수익증권의 매매기준으로 사용하는‘기준가격’과 달리 ‘과표기준가격’은   세금징수
를   위한 과세표준을 계산하기 위해 산출되며, 펀드에서 발생하는 수익원 중 과세대상이   되는 수익만
을 합산하여 산정됩니다.
※ 국내 상장주식 또는 주식관련 파생상품의 매매/평가손익, 소득세법상 거주자가   받는 소득 중 국외상장
주식의 매매/평가로 인해 발생한 손익은(한시적   비과세:2007.6.1~2009.12.31)은 과세대상에서 제외됨
※ 주식이 편입되지 않는 채권형 및 MMF 펀드는 기준가격과 과표기준가격이 동일",https://obank.kbstar.com/quics?page=C019773&boardId=684&compId=b033621&articleId=634&bbsMode=view&viewPage=1&articleClass=&searchCondition=title&searchStr=,https://obank.kbstar.com/quics?page=C019773,1
펀드 환매시 손해가 발생하였음에도 불구하고 세금이 발생할 수 있는 이유는?,"제목 없음
기준가격과 과표기준가격은   별도로 계산되므로 편입된 주식부분의 가격이 크게 하락하여 손해를
보았을 경우에도   과세대상 소득(채권이자, 채권매매 차익, 주식의 배당소득 등)에서 수익이 발생
하는 경우에는   과표기준가격을 기준으로 세금을 납부해야 하는 경우가 발생하기 때문입니다.
♣   기준가격 : 집합투자증권의 매입 또는 환매시 금액산정의 기준이 되는 가격으로 집합투자증권의
거래단위(좌)당 순자산가치를 나타냄
♣ 과표기준가격:   수익증권의 매매기준으로 사용하는 ‘기준가격’과 달리 ‘과표기준가격’은 세금징수를
위한 과세표준을 계산하기 위해 산출되며, 펀드에서 발생하는   수익원 중 과세대상이 되는 수익만을
합산하여 산정됨",https://obank.kbstar.com/quics?page=C019773&boardId=684&compId=b033621&articleId=633&bbsMode=view&viewPage=1&articleClass=&searchCondition=title&searchStr=,https://obank.kbstar.com/quics?page=C019773,1
개인연금신탁 연말소득공제에 대하여 알고 싶습니다,"개인연금신탁은 20세이상의 거주자이면 근로소득자가 아니더라도 소득공제를 받으실 수 있는 상품입니다.
♣ 소득공제금액 : 가입자 본인의 연간 저축금액의 40% (공제한도 : 72만원)임.
♣ 납입증명서 발급 및 제출 : 첫번 연말정산시에는 거래은행에서 ‘개인연금신탁납입증명서’를 수령하
시면   되며, 다음 연도 연말정산시부터는 통장사본을 원천징수의무자에게 제출하시면 됩니다.
※ 유의사항
ㅇ 소득공제를 받은 후 5년이내에 중도해지하면 저축금액의 4%(연간 한도 7만2천원)를 추징합니다.
(단, 주민세 별도)
ㅇ 2001년부터는 개인연금신탁제도가 폐지되고,'연금저축’으로 변경 시행되는데 기존 가입자는 현행
제도대로 계속 소득공제를 받으실 수 있습니다.",https://obank.kbstar.com/quics?page=C019773&boardId=684&compId=b033621&articleId=632&bbsMode=view&viewPage=1&articleClass=&searchCondition=title&searchStr=,https://obank.kbstar.com/quics?page=C019773,1
"개인연금 상품의 종류와 납입방법, 배당률, 소득공제혜택에 대해서 알고 싶습니다.","개인연금 상품의 종류는 2004.5.10부터 판매중인 KB실버웰빙연금신탁과 판매가 중지된 (신)개인연금신탁이 있습니다.
납입방법은 매회1만원이상 원단위로 전금융기관을 합해 분기 300만원 한도  내에서 자유롭게 적립이 가능하며, 기존의 (신)개인연금신탁과 KB실버웰빙연금신탁이   별도의 한도로 거래 가능합니다.
신탁기간은 연금 및 개인연금신탁 적립기간과 연금지급기간으로 구분되며
적립기간은 10년이상 연단위로   수익자의 연령이 만 55세 이후가 되는 시점까지로 정해야 하며
연금지급기간은   적립기간 만료일로부터 5년 이상 연단위로 정하여야 합니다.
소득공제 혜택은 각 상품별로 달리 적용되며, KB실버웰빙연금신탁과 (신)개인연금신탁 각각 별도의
소득공제 혜택을   받으실 수 있습니다.
먼저 연금신탁의 소득공제 한도는 불입금액의 100%이내에서 연간 400만원
까지   신청하실 수 있습니다.
(소득공제한도 : 연금저축 + 퇴직연금 본인부담금 불입액)
2011년도   불입금액분부터 최대400만원, '10.12.31이전 적립분300만원,'05.12.31 이전적립분은 240만원 한도)
다만, KB실버웰빙연금신탁은   향후 중도해지를 하실 경우 이를  기타소득으로 보아
주민세포함 22%를 과세하며, 특히 계좌신규일로부터 5년이내 중도해지시에는
신탁원금(2011년도   불입금액분부터 최대400만원, '10.12.31이전 적립분300만원,
'05.12.31 이전적립분은   240만원 한도)에 대해 해지가산세 2.2%(주민세포함)가 부과됩니다.
연금으로 수령시에도 연금소득세(주민세포함 5.5%)를 과세합니다.
다만, 연금소득세와 기타소득세는 연간 400만원
이내 불입금중
실제로 소득공제 받은 부분에 대하여만 부과
됩니다.
한편 기존의 (신)개인연금신탁(판매중지상품)은 연간 적립액의 40%한도내에서 최고 72만원까지
소득공제가 가능합니다.
만기해지 및 5년이상 연금 수령 후 중도해지시 신탁이익에 대해서 전액 비과세합니다.
참고로, 적립기간 5년미만 중도해지시에는 중도해지수수료 부과 및 소득공제 추징되며,
신탁이익에 대해서 전액 일반세율로 과세됩니다.
적립기간 5년경과후 중도해지시에는 중도해지수수료 면제 및 소득공제 추징은 없으나
신탁이익에 대해서는 전액 일반세율로 과세됩니다.",https://obank.kbstar.com/quics?page=C019773&boardId=684&compId=b033621&articleId=631&bbsMode=view&viewPage=1&articleClass=&searchCondition=title&searchStr=,https://obank.kbstar.com/quics?page=C019773,1
사업자 등록증을 갖고 있는 자영업자도 연금신탁으로 소득공제를 받을 수 있나요?,자영업자도 매년 5월 종합소득 신고시 연금신탁 및 (신)개인연금신탁으로 소득공제를 받을 수 있습니다.,https://obank.kbstar.com/quics?page=C019773&boardId=684&compId=b033621&articleId=630&bbsMode=view&viewPage=1&articleClass=&searchCondition=title&searchStr=,https://obank.kbstar.com/quics?page=C019773,1
"연금신탁은 예금자보호법에 의한 원본보전 대상 신탁상품으로 알고 있는데, 중도해지를 했더니 원본미달이 되었습니다.","원본보전 대상 신탁상품에서 「원본보전」이란, 신탁자산의 운용결과 원본에 손실이 난 경우 원본을 보전
한다는 의미로, 중도해지에 따른 세금(기타소득세, 해지가산세 등) 징수분은 원본보장 대상이 아닙니다.
따라서 중도해지시 세금징수로 인하여 고객의 실수령액이 원본에 미달할 수 있으며, 미달하는 금액 그대로
지급하게 됩니다.",https://obank.kbstar.com/quics?page=C019773&boardId=684&compId=b033621&articleId=628&bbsMode=view&viewPage=1&articleClass=&searchCondition=title&searchStr=,https://obank.kbstar.com/quics?page=C019773,1
펀드운용보고서 통보방법을 인터넷으로 변경할 수 있나요?,"제목 없음
♣ 가능합니다.
단,   인터넷뱅킹 가입자만 가능하며, 금융상품몰>펀드>My펀드관리>운용보고서   신청에서 변경하시면
됩니다.
(자택통보, 직장통보, E-MAIL통보, 통보하지   않음 중 선택)",https://obank.kbstar.com/quics?page=C019773&boardId=684&compId=b033621&articleId=638&bbsMode=view&viewPage=1&articleClass=&searchCondition=title&searchStr=,https://obank.kbstar.com/quics?page=C019773,2
적립식 펀드 자동이체일에 자동이체 계좌의 잔액이 없을 경우 어떻게 되나요?,"제목 없음
♣ 자동이체   지정일에 요구불계좌의 잔액이 부족한 경우 해당월의 자동이체는 불가합니다.
잔액이   채워지는 날에 재처리 하지 않습니다.(자동이체 지정일 당일에 한하여 월1회 출금처리)
※ 요구불계좌에서   자동이체 해당금액 출금시 현금화되지 않은 수표 및 어음은 출금이 불가하여
출금가능한 잔액이 부족한 경우 자동이체 처리가   불가능합니다.",https://obank.kbstar.com/quics?page=C019773&boardId=684&compId=b033621&articleId=637&bbsMode=view&viewPage=1&articleClass=&searchCondition=title&searchStr=,https://obank.kbstar.com/quics?page=C019773,2
펀드도 세금우대로 지정 할 수 있나요?,"제목 없음
♣ 가능합니다.
계약기간   1년이상인 거치식 또는 적립식 펀드에 한함(역외펀드 제외)
※   단, 세금우대 등록 계좌는 분할환매가 제한됩니다.
※   인터넷상에서는 세금우대로 가입이 불가능하므로 가까운 영업점을 방문하여 가입하셔야   합니다.",https://obank.kbstar.com/quics?page=C019773&boardId=684&compId=b033621&articleId=636&bbsMode=view&viewPage=1&articleClass=&searchCondition=title&searchStr=,https://obank.kbstar.com/quics?page=C019773,2
환매예약 당시 평가금액이 신청금액보다 많았는데도 실제 환매일에 환매가 되지 않았어요.,"제목 없음
환매예약 당시   평가금액 이하의 금액으로 금액출금 신청한 경우라도
세금, 중도환매수수료, 환매기준가
적용일의 기준가 하락 등
으로 환매대금 지급일에 금액부족 사유로   환매되지 않을 수 있습니다.
※ 단, 전액출금 방식으로 환매예약시에는   금액부족 사유로 환매오류가 발생하지는 않으나 위와 같은
사유로 인하여   환매대금 지급일에 실제 지급되는 금액이 예상금액과 달라질 수 있음에 유의.",https://obank.kbstar.com/quics?page=C019773&boardId=684&compId=b033621&articleId=635&bbsMode=view&viewPage=1&articleClass=&searchCondition=title&searchStr=,https://obank.kbstar.com/quics?page=C019773,2
기준가격과 과표기준가격의 차이점은?,"♣ 기준가격: 집합투자증권의 매입 또는 환매시 금액산정의 기준이 되는 가격으로 집합투자증권의
거래   단위(좌)당   순자산가치를 나타냅니다.
기준가격               =
펀드의               총자산- 부채ㆍ비용
×               1,000
------------------------------------------------
공고일               전일의 잔존 수익증권 총좌수
♣ 과표기준가격 : 수익증권의 매매기준으로 사용하는‘기준가격’과 달리 ‘과표기준가격’은   세금징수
를   위한 과세표준을 계산하기 위해 산출되며, 펀드에서 발생하는 수익원 중 과세대상이   되는 수익만
을 합산하여 산정됩니다.
※ 국내 상장주식 또는 주식관련 파생상품의 매매/평가손익, 소득세법상 거주자가   받는 소득 중 국외상장
주식의 매매/평가로 인해 발생한 손익은(한시적   비과세:2007.6.1~2009.12.31)은 과세대상에서 제외됨
※ 주식이 편입되지 않는 채권형 및 MMF 펀드는 기준가격과 과표기준가격이 동일",https://obank.kbstar.com/quics?page=C019773&boardId=684&compId=b033621&articleId=634&bbsMode=view&viewPage=1&articleClass=&searchCondition=title&searchStr=,https://obank.kbstar.com/quics?page=C019773,2
펀드 환매시 손해가 발생하였음에도 불구하고 세금이 발생할 수 있는 이유는?,"제목 없음
기준가격과 과표기준가격은   별도로 계산되므로 편입된 주식부분의 가격이 크게 하락하여 손해를
보았을 경우에도   과세대상 소득(채권이자, 채권매매 차익, 주식의 배당소득 등)에서 수익이 발생
하는 경우에는   과표기준가격을 기준으로 세금을 납부해야 하는 경우가 발생하기 때문입니다.
♣   기준가격 : 집합투자증권의 매입 또는 환매시 금액산정의 기준이 되는 가격으로 집합투자증권의
거래단위(좌)당 순자산가치를 나타냄
♣ 과표기준가격:   수익증권의 매매기준으로 사용하는 ‘기준가격’과 달리 ‘과표기준가격’은 세금징수를
위한 과세표준을 계산하기 위해 산출되며, 펀드에서 발생하는   수익원 중 과세대상이 되는 수익만을
합산하여 산정됨",https://obank.kbstar.com/quics?page=C019773&boardId=684&compId=b033621&articleId=633&bbsMode=view&viewPage=1&articleClass=&searchCondition=title&searchStr=,https://obank.kbstar.com/quics?page=C019773,2
개인연금신탁 연말소득공제에 대하여 알고 싶습니다,"개인연금신탁은 20세이상의 거주자이면 근로소득자가 아니더라도 소득공제를 받으실 수 있는 상품입니다.
♣ 소득공제금액 : 가입자 본인의 연간 저축금액의 40% (공제한도 : 72만원)임.
♣ 납입증명서 발급 및 제출 : 첫번 연말정산시에는 거래은행에서 ‘개인연금신탁납입증명서’를 수령하
시면   되며, 다음 연도 연말정산시부터는 통장사본을 원천징수의무자에게 제출하시면 됩니다.
※ 유의사항
ㅇ 소득공제를 받은 후 5년이내에 중도해지하면 저축금액의 4%(연간 한도 7만2천원)를 추징합니다.
(단, 주민세 별도)
ㅇ 2001년부터는 개인연금신탁제도가 폐지되고,'연금저축’으로 변경 시행되는데 기존 가입자는 현행
제도대로 계속 소득공제를 받으실 수 있습니다.",https://obank.kbstar.com/quics?page=C019773&boardId=684&compId=b033621&articleId=632&bbsMode=view&viewPage=1&articleClass=&searchCondition=title&searchStr=,https://obank.kbstar.com/quics?page=C019773,2
"개인연금 상품의 종류와 납입방법, 배당률, 소득공제혜택에 대해서 알고 싶습니다.","개인연금 상품의 종류는 2004.5.10부터 판매중인 KB실버웰빙연금신탁과 판매가 중지된 (신)개인연금신탁이 있습니다.
납입방법은 매회1만원이상 원단위로 전금융기관을 합해 분기 300만원 한도  내에서 자유롭게 적립이 가능하며, 기존의 (신)개인연금신탁과 KB실버웰빙연금신탁이   별도의 한도로 거래 가능합니다.
신탁기간은 연금 및 개인연금신탁 적립기간과 연금지급기간으로 구분되며
적립기간은 10년이상 연단위로   수익자의 연령이 만 55세 이후가 되는 시점까지로 정해야 하며
연금지급기간은   적립기간 만료일로부터 5년 이상 연단위로 정하여야 합니다.
소득공제 혜택은 각 상품별로 달리 적용되며, KB실버웰빙연금신탁과 (신)개인연금신탁 각각 별도의
소득공제 혜택을   받으실 수 있습니다.
먼저 연금신탁의 소득공제 한도는 불입금액의 100%이내에서 연간 400만원
까지   신청하실 수 있습니다.
(소득공제한도 : 연금저축 + 퇴직연금 본인부담금 불입액)
2011년도   불입금액분부터 최대400만원, '10.12.31이전 적립분300만원,'05.12.31 이전적립분은 240만원 한도)
다만, KB실버웰빙연금신탁은   향후 중도해지를 하실 경우 이를  기타소득으로 보아
주민세포함 22%를 과세하며, 특히 계좌신규일로부터 5년이내 중도해지시에는
신탁원금(2011년도   불입금액분부터 최대400만원, '10.12.31이전 적립분300만원,
'05.12.31 이전적립분은   240만원 한도)에 대해 해지가산세 2.2%(주민세포함)가 부과됩니다.
연금으로 수령시에도 연금소득세(주민세포함 5.5%)를 과세합니다.
다만, 연금소득세와 기타소득세는 연간 400만원
이내 불입금중
실제로 소득공제 받은 부분에 대하여만 부과
됩니다.
한편 기존의 (신)개인연금신탁(판매중지상품)은 연간 적립액의 40%한도내에서 최고 72만원까지
소득공제가 가능합니다.
만기해지 및 5년이상 연금 수령 후 중도해지시 신탁이익에 대해서 전액 비과세합니다.
참고로, 적립기간 5년미만 중도해지시에는 중도해지수수료 부과 및 소득공제 추징되며,
신탁이익에 대해서 전액 일반세율로 과세됩니다.
적립기간 5년경과후 중도해지시에는 중도해지수수료 면제 및 소득공제 추징은 없으나
신탁이익에 대해서는 전액 일반세율로 과세됩니다.",https://obank.kbstar.com/quics?page=C019773&boardId=684&compId=b033621&articleId=631&bbsMode=view&viewPage=1&articleClass=&searchCondition=title&searchStr=,https://obank.kbstar.com/quics?page=C019773,2
사업자 등록증을 갖고 있는 자영업자도 연금신탁으로 소득공제를 받을 수 있나요?,자영업자도 매년 5월 종합소득 신고시 연금신탁 및 (신)개인연금신탁으로 소득공제를 받을 수 있습니다.,https://obank.kbstar.com/quics?page=C019773&boardId=684&compId=b033621&articleId=630&bbsMode=view&viewPage=1&articleClass=&searchCondition=title&searchStr=,https://obank.kbstar.com/quics?page=C019773,2
"연금신탁은 예금자보호법에 의한 원본보전 대상 신탁상품으로 알고 있는데, 중도해지를 했더니 원본미달이 되었습니다.","원본보전 대상 신탁상품에서 「원본보전」이란, 신탁자산의 운용결과 원본에 손실이 난 경우 원본을 보전
한다는 의미로, 중도해지에 따른 세금(기타소득세, 해지가산세 등) 징수분은 원본보장 대상이 아닙니다.
따라서 중도해지시 세금징수로 인하여 고객의 실수령액이 원본에 미달할 수 있으며, 미달하는 금액 그대로
지급하게 됩니다.",https://obank.kbstar.com/quics?page=C019773&boardId=684&compId=b033621&articleId=628&bbsMode=view&viewPage=1&articleClass=&searchCondition=title&searchStr=,https://obank.kbstar.com/quics?page=C019773,2
펀드운용보고서 통보방법을 인터넷으로 변경할 수 있나요?,"제목 없음
♣ 가능합니다.
단,   인터넷뱅킹 가입자만 가능하며, 금융상품몰>펀드>My펀드관리>운용보고서   신청에서 변경하시면
됩니다.
(자택통보, 직장통보, E-MAIL통보, 통보하지   않음 중 선택)",https://obank.kbstar.com/quics?page=C019773&boardId=684&compId=b033621&articleId=638&bbsMode=view&viewPage=1&articleClass=&searchCondition=title&searchStr=,https://obank.kbstar.com/quics?page=C019773,3
적립식 펀드 자동이체일에 자동이체 계좌의 잔액이 없을 경우 어떻게 되나요?,"제목 없음
♣ 자동이체   지정일에 요구불계좌의 잔액이 부족한 경우 해당월의 자동이체는 불가합니다.
잔액이   채워지는 날에 재처리 하지 않습니다.(자동이체 지정일 당일에 한하여 월1회 출금처리)
※ 요구불계좌에서   자동이체 해당금액 출금시 현금화되지 않은 수표 및 어음은 출금이 불가하여
출금가능한 잔액이 부족한 경우 자동이체 처리가   불가능합니다.",https://obank.kbstar.com/quics?page=C019773&boardId=684&compId=b033621&articleId=637&bbsMode=view&viewPage=1&articleClass=&searchCondition=title&searchStr=,https://obank.kbstar.com/quics?page=C019773,3
펀드도 세금우대로 지정 할 수 있나요?,"제목 없음
♣ 가능합니다.
계약기간   1년이상인 거치식 또는 적립식 펀드에 한함(역외펀드 제외)
※   단, 세금우대 등록 계좌는 분할환매가 제한됩니다.
※   인터넷상에서는 세금우대로 가입이 불가능하므로 가까운 영업점을 방문하여 가입하셔야   합니다.",https://obank.kbstar.com/quics?page=C019773&boardId=684&compId=b033621&articleId=636&bbsMode=view&viewPage=1&articleClass=&searchCondition=title&searchStr=,https://obank.kbstar.com/quics?page=C019773,3
환매예약 당시 평가금액이 신청금액보다 많았는데도 실제 환매일에 환매가 되지 않았어요.,"제목 없음
환매예약 당시   평가금액 이하의 금액으로 금액출금 신청한 경우라도
세금, 중도환매수수료, 환매기준가
적용일의 기준가 하락 등
으로 환매대금 지급일에 금액부족 사유로   환매되지 않을 수 있습니다.
※ 단, 전액출금 방식으로 환매예약시에는   금액부족 사유로 환매오류가 발생하지는 않으나 위와 같은
사유로 인하여   환매대금 지급일에 실제 지급되는 금액이 예상금액과 달라질 수 있음에 유의.",https://obank.kbstar.com/quics?page=C019773&boardId=684&compId=b033621&articleId=635&bbsMode=view&viewPage=1&articleClass=&searchCondition=title&searchStr=,https://obank.kbstar.com/quics?page=C019773,3
기준가격과 과표기준가격의 차이점은?,"♣ 기준가격: 집합투자증권의 매입 또는 환매시 금액산정의 기준이 되는 가격으로 집합투자증권의
거래   단위(좌)당   순자산가치를 나타냅니다.
기준가격               =
펀드의               총자산- 부채ㆍ비용
×               1,000
------------------------------------------------
공고일               전일의 잔존 수익증권 총좌수
♣ 과표기준가격 : 수익증권의 매매기준으로 사용하는‘기준가격’과 달리 ‘과표기준가격’은   세금징수
를   위한 과세표준을 계산하기 위해 산출되며, 펀드에서 발생하는 수익원 중 과세대상이   되는 수익만
을 합산하여 산정됩니다.
※ 국내 상장주식 또는 주식관련 파생상품의 매매/평가손익, 소득세법상 거주자가   받는 소득 중 국외상장
주식의 매매/평가로 인해 발생한 손익은(한시적   비과세:2007.6.1~2009.12.31)은 과세대상에서 제외됨
※ 주식이 편입되지 않는 채권형 및 MMF 펀드는 기준가격과 과표기준가격이 동일",https://obank.kbstar.com/quics?page=C019773&boardId=684&compId=b033621&articleId=634&bbsMode=view&viewPage=1&articleClass=&searchCondition=title&searchStr=,https://obank.kbstar.com/quics?page=C019773,3
펀드 환매시 손해가 발생하였음에도 불구하고 세금이 발생할 수 있는 이유는?,"제목 없음
기준가격과 과표기준가격은   별도로 계산되므로 편입된 주식부분의 가격이 크게 하락하여 손해를
보았을 경우에도   과세대상 소득(채권이자, 채권매매 차익, 주식의 배당소득 등)에서 수익이 발생
하는 경우에는   과표기준가격을 기준으로 세금을 납부해야 하는 경우가 발생하기 때문입니다.
♣   기준가격 : 집합투자증권의 매입 또는 환매시 금액산정의 기준이 되는 가격으로 집합투자증권의
거래단위(좌)당 순자산가치를 나타냄
♣ 과표기준가격:   수익증권의 매매기준으로 사용하는 ‘기준가격’과 달리 ‘과표기준가격’은 세금징수를
위한 과세표준을 계산하기 위해 산출되며, 펀드에서 발생하는   수익원 중 과세대상이 되는 수익만을
합산하여 산정됨",https://obank.kbstar.com/quics?page=C019773&boardId=684&compId=b033621&articleId=633&bbsMode=view&viewPage=1&articleClass=&searchCondition=title&searchStr=,https://obank.kbstar.com/quics?page=C019773,3
개인연금신탁 연말소득공제에 대하여 알고 싶습니다,"개인연금신탁은 20세이상의 거주자이면 근로소득자가 아니더라도 소득공제를 받으실 수 있는 상품입니다.
♣ 소득공제금액 : 가입자 본인의 연간 저축금액의 40% (공제한도 : 72만원)임.
♣ 납입증명서 발급 및 제출 : 첫번 연말정산시에는 거래은행에서 ‘개인연금신탁납입증명서’를 수령하
시면   되며, 다음 연도 연말정산시부터는 통장사본을 원천징수의무자에게 제출하시면 됩니다.
※ 유의사항
ㅇ 소득공제를 받은 후 5년이내에 중도해지하면 저축금액의 4%(연간 한도 7만2천원)를 추징합니다.
(단, 주민세 별도)
ㅇ 2001년부터는 개인연금신탁제도가 폐지되고,'연금저축’으로 변경 시행되는데 기존 가입자는 현행
제도대로 계속 소득공제를 받으실 수 있습니다.",https://obank.kbstar.com/quics?page=C019773&boardId=684&compId=b033621&articleId=632&bbsMode=view&viewPage=1&articleClass=&searchCondition=title&searchStr=,https://obank.kbstar.com/quics?page=C019773,3
"개인연금 상품의 종류와 납입방법, 배당률, 소득공제혜택에 대해서 알고 싶습니다.","개인연금 상품의 종류는 2004.5.10부터 판매중인 KB실버웰빙연금신탁과 판매가 중지된 (신)개인연금신탁이 있습니다.
납입방법은 매회1만원이상 원단위로 전금융기관을 합해 분기 300만원 한도  내에서 자유롭게 적립이 가능하며, 기존의 (신)개인연금신탁과 KB실버웰빙연금신탁이   별도의 한도로 거래 가능합니다.
신탁기간은 연금 및 개인연금신탁 적립기간과 연금지급기간으로 구분되며
적립기간은 10년이상 연단위로   수익자의 연령이 만 55세 이후가 되는 시점까지로 정해야 하며
연금지급기간은   적립기간 만료일로부터 5년 이상 연단위로 정하여야 합니다.
소득공제 혜택은 각 상품별로 달리 적용되며, KB실버웰빙연금신탁과 (신)개인연금신탁 각각 별도의
소득공제 혜택을   받으실 수 있습니다.
먼저 연금신탁의 소득공제 한도는 불입금액의 100%이내에서 연간 400만원
까지   신청하실 수 있습니다.
(소득공제한도 : 연금저축 + 퇴직연금 본인부담금 불입액)
2011년도   불입금액분부터 최대400만원, '10.12.31이전 적립분300만원,'05.12.31 이전적립분은 240만원 한도)
다만, KB실버웰빙연금신탁은   향후 중도해지를 하실 경우 이를  기타소득으로 보아
주민세포함 22%를 과세하며, 특히 계좌신규일로부터 5년이내 중도해지시에는
신탁원금(2011년도   불입금액분부터 최대400만원, '10.12.31이전 적립분300만원,
'05.12.31 이전적립분은   240만원 한도)에 대해 해지가산세 2.2%(주민세포함)가 부과됩니다.
연금으로 수령시에도 연금소득세(주민세포함 5.5%)를 과세합니다.
다만, 연금소득세와 기타소득세는 연간 400만원
이내 불입금중
실제로 소득공제 받은 부분에 대하여만 부과
됩니다.
한편 기존의 (신)개인연금신탁(판매중지상품)은 연간 적립액의 40%한도내에서 최고 72만원까지
소득공제가 가능합니다.
만기해지 및 5년이상 연금 수령 후 중도해지시 신탁이익에 대해서 전액 비과세합니다.
참고로, 적립기간 5년미만 중도해지시에는 중도해지수수료 부과 및 소득공제 추징되며,
신탁이익에 대해서 전액 일반세율로 과세됩니다.
적립기간 5년경과후 중도해지시에는 중도해지수수료 면제 및 소득공제 추징은 없으나
신탁이익에 대해서는 전액 일반세율로 과세됩니다.",https://obank.kbstar.com/quics?page=C019773&boardId=684&compId=b033621&articleId=631&bbsMode=view&viewPage=1&articleClass=&searchCondition=title&searchStr=,https://obank.kbstar.com/quics?page=C019773,3
사업자 등록증을 갖고 있는 자영업자도 연금신탁으로 소득공제를 받을 수 있나요?,자영업자도 매년 5월 종합소득 신고시 연금신탁 및 (신)개인연금신탁으로 소득공제를 받을 수 있습니다.,https://obank.kbstar.com/quics?page=C019773&boardId=684&compId=b033621&articleId=630&bbsMode=view&viewPage=1&articleClass=&searchCondition=title&searchStr=,https://obank.kbstar.com/quics?page=C019773,3
"연금신탁은 예금자보호법에 의한 원본보전 대상 신탁상품으로 알고 있는데, 중도해지를 했더니 원본미달이 되었습니다.","원본보전 대상 신탁상품에서 「원본보전」이란, 신탁자산의 운용결과 원본에 손실이 난 경우 원본을 보전
한다는 의미로, 중도해지에 따른 세금(기타소득세, 해지가산세 등) 징수분은 원본보장 대상이 아닙니다.
따라서 중도해지시 세금징수로 인하여 고객의 실수령액이 원본에 미달할 수 있으며, 미달하는 금액 그대로
지급하게 됩니다.",https://obank.kbstar.com/quics?page=C019773&boardId=684&compId=b033621&articleId=628&bbsMode=view&viewPage=1&articleClass=&searchCondition=title&searchStr=,https://obank.kbstar.com/quics?page=C019773,3
펀드운용보고서 통보방법을 인터넷으로 변경할 수 있나요?,"제목 없음
♣ 가능합니다.
단,   인터넷뱅킹 가입자만 가능하며, 금융상품몰>펀드>My펀드관리>운용보고서   신청에서 변경하시면
됩니다.
(자택통보, 직장통보, E-MAIL통보, 통보하지   않음 중 선택)",https://obank.kbstar.com/quics?page=C019773&boardId=684&compId=b033621&articleId=638&bbsMode=view&viewPage=1&articleClass=&searchCondition=title&searchStr=,https://obank.kbstar.com/quics?page=C019773,4
적립식 펀드 자동이체일에 자동이체 계좌의 잔액이 없을 경우 어떻게 되나요?,"제목 없음
♣ 자동이체   지정일에 요구불계좌의 잔액이 부족한 경우 해당월의 자동이체는 불가합니다.
잔액이   채워지는 날에 재처리 하지 않습니다.(자동이체 지정일 당일에 한하여 월1회 출금처리)
※ 요구불계좌에서   자동이체 해당금액 출금시 현금화되지 않은 수표 및 어음은 출금이 불가하여
출금가능한 잔액이 부족한 경우 자동이체 처리가   불가능합니다.",https://obank.kbstar.com/quics?page=C019773&boardId=684&compId=b033621&articleId=637&bbsMode=view&viewPage=1&articleClass=&searchCondition=title&searchStr=,https://obank.kbstar.com/quics?page=C019773,4
펀드도 세금우대로 지정 할 수 있나요?,"제목 없음
♣ 가능합니다.
계약기간   1년이상인 거치식 또는 적립식 펀드에 한함(역외펀드 제외)
※   단, 세금우대 등록 계좌는 분할환매가 제한됩니다.
※   인터넷상에서는 세금우대로 가입이 불가능하므로 가까운 영업점을 방문하여 가입하셔야   합니다.",https://obank.kbstar.com/quics?page=C019773&boardId=684&compId=b033621&articleId=636&bbsMode=view&viewPage=1&articleClass=&searchCondition=title&searchStr=,https://obank.kbstar.com/quics?page=C019773,4
환매예약 당시 평가금액이 신청금액보다 많았는데도 실제 환매일에 환매가 되지 않았어요.,"제목 없음
환매예약 당시   평가금액 이하의 금액으로 금액출금 신청한 경우라도
세금, 중도환매수수료, 환매기준가
적용일의 기준가 하락 등
으로 환매대금 지급일에 금액부족 사유로   환매되지 않을 수 있습니다.
※ 단, 전액출금 방식으로 환매예약시에는   금액부족 사유로 환매오류가 발생하지는 않으나 위와 같은
사유로 인하여   환매대금 지급일에 실제 지급되는 금액이 예상금액과 달라질 수 있음에 유의.",https://obank.kbstar.com/quics?page=C019773&boardId=684&compId=b033621&articleId=635&bbsMode=view&viewPage=1&articleClass=&searchCondition=title&searchStr=,https://obank.kbstar.com/quics?page=C019773,4
기준가격과 과표기준가격의 차이점은?,"♣ 기준가격: 집합투자증권의 매입 또는 환매시 금액산정의 기준이 되는 가격으로 집합투자증권의
거래   단위(좌)당   순자산가치를 나타냅니다.
기준가격               =
펀드의               총자산- 부채ㆍ비용
×               1,000
------------------------------------------------
공고일               전일의 잔존 수익증권 총좌수
♣ 과표기준가격 : 수익증권의 매매기준으로 사용하는‘기준가격’과 달리 ‘과표기준가격’은   세금징수
를   위한 과세표준을 계산하기 위해 산출되며, 펀드에서 발생하는 수익원 중 과세대상이   되는 수익만
을 합산하여 산정됩니다.
※ 국내 상장주식 또는 주식관련 파생상품의 매매/평가손익, 소득세법상 거주자가   받는 소득 중 국외상장
주식의 매매/평가로 인해 발생한 손익은(한시적   비과세:2007.6.1~2009.12.31)은 과세대상에서 제외됨
※ 주식이 편입되지 않는 채권형 및 MMF 펀드는 기준가격과 과표기준가격이 동일",https://obank.kbstar.com/quics?page=C019773&boardId=684&compId=b033621&articleId=634&bbsMode=view&viewPage=1&articleClass=&searchCondition=title&searchStr=,https://obank.kbstar.com/quics?page=C019773,4
펀드 환매시 손해가 발생하였음에도 불구하고 세금이 발생할 수 있는 이유는?,"제목 없음
기준가격과 과표기준가격은   별도로 계산되므로 편입된 주식부분의 가격이 크게 하락하여 손해를
보았을 경우에도   과세대상 소득(채권이자, 채권매매 차익, 주식의 배당소득 등)에서 수익이 발생
하는 경우에는   과표기준가격을 기준으로 세금을 납부해야 하는 경우가 발생하기 때문입니다.
♣   기준가격 : 집합투자증권의 매입 또는 환매시 금액산정의 기준이 되는 가격으로 집합투자증권의
거래단위(좌)당 순자산가치를 나타냄
♣ 과표기준가격:   수익증권의 매매기준으로 사용하는 ‘기준가격’과 달리 ‘과표기준가격’은 세금징수를
위한 과세표준을 계산하기 위해 산출되며, 펀드에서 발생하는   수익원 중 과세대상이 되는 수익만을
합산하여 산정됨",https://obank.kbstar.com/quics?page=C019773&boardId=684&compId=b033621&articleId=633&bbsMode=view&viewPage=1&articleClass=&searchCondition=title&searchStr=,https://obank.kbstar.com/quics?page=C019773,4
개인연금신탁 연말소득공제에 대하여 알고 싶습니다,"개인연금신탁은 20세이상의 거주자이면 근로소득자가 아니더라도 소득공제를 받으실 수 있는 상품입니다.
♣ 소득공제금액 : 가입자 본인의 연간 저축금액의 40% (공제한도 : 72만원)임.
♣ 납입증명서 발급 및 제출 : 첫번 연말정산시에는 거래은행에서 ‘개인연금신탁납입증명서’를 수령하
시면   되며, 다음 연도 연말정산시부터는 통장사본을 원천징수의무자에게 제출하시면 됩니다.
※ 유의사항
ㅇ 소득공제를 받은 후 5년이내에 중도해지하면 저축금액의 4%(연간 한도 7만2천원)를 추징합니다.
(단, 주민세 별도)
ㅇ 2001년부터는 개인연금신탁제도가 폐지되고,'연금저축’으로 변경 시행되는데 기존 가입자는 현행
제도대로 계속 소득공제를 받으실 수 있습니다.",https://obank.kbstar.com/quics?page=C019773&boardId=684&compId=b033621&articleId=632&bbsMode=view&viewPage=1&articleClass=&searchCondition=title&searchStr=,https://obank.kbstar.com/quics?page=C019773,4
"개인연금 상품의 종류와 납입방법, 배당률, 소득공제혜택에 대해서 알고 싶습니다.","개인연금 상품의 종류는 2004.5.10부터 판매중인 KB실버웰빙연금신탁과 판매가 중지된 (신)개인연금신탁이 있습니다.
납입방법은 매회1만원이상 원단위로 전금융기관을 합해 분기 300만원 한도  내에서 자유롭게 적립이 가능하며, 기존의 (신)개인연금신탁과 KB실버웰빙연금신탁이   별도의 한도로 거래 가능합니다.
신탁기간은 연금 및 개인연금신탁 적립기간과 연금지급기간으로 구분되며
적립기간은 10년이상 연단위로   수익자의 연령이 만 55세 이후가 되는 시점까지로 정해야 하며
연금지급기간은   적립기간 만료일로부터 5년 이상 연단위로 정하여야 합니다.
소득공제 혜택은 각 상품별로 달리 적용되며, KB실버웰빙연금신탁과 (신)개인연금신탁 각각 별도의
소득공제 혜택을   받으실 수 있습니다.
먼저 연금신탁의 소득공제 한도는 불입금액의 100%이내에서 연간 400만원
까지   신청하실 수 있습니다.
(소득공제한도 : 연금저축 + 퇴직연금 본인부담금 불입액)
2011년도   불입금액분부터 최대400만원, '10.12.31이전 적립분300만원,'05.12.31 이전적립분은 240만원 한도)
다만, KB실버웰빙연금신탁은   향후 중도해지를 하실 경우 이를  기타소득으로 보아
주민세포함 22%를 과세하며, 특히 계좌신규일로부터 5년이내 중도해지시에는
신탁원금(2011년도   불입금액분부터 최대400만원, '10.12.31이전 적립분300만원,
'05.12.31 이전적립분은   240만원 한도)에 대해 해지가산세 2.2%(주민세포함)가 부과됩니다.
연금으로 수령시에도 연금소득세(주민세포함 5.5%)를 과세합니다.
다만, 연금소득세와 기타소득세는 연간 400만원
이내 불입금중
실제로 소득공제 받은 부분에 대하여만 부과
됩니다.
한편 기존의 (신)개인연금신탁(판매중지상품)은 연간 적립액의 40%한도내에서 최고 72만원까지
소득공제가 가능합니다.
만기해지 및 5년이상 연금 수령 후 중도해지시 신탁이익에 대해서 전액 비과세합니다.
참고로, 적립기간 5년미만 중도해지시에는 중도해지수수료 부과 및 소득공제 추징되며,
신탁이익에 대해서 전액 일반세율로 과세됩니다.
적립기간 5년경과후 중도해지시에는 중도해지수수료 면제 및 소득공제 추징은 없으나
신탁이익에 대해서는 전액 일반세율로 과세됩니다.",https://obank.kbstar.com/quics?page=C019773&boardId=684&compId=b033621&articleId=631&bbsMode=view&viewPage=1&articleClass=&searchCondition=title&searchStr=,https://obank.kbstar.com/quics?page=C019773,4
사업자 등록증을 갖고 있는 자영업자도 연금신탁으로 소득공제를 받을 수 있나요?,자영업자도 매년 5월 종합소득 신고시 연금신탁 및 (신)개인연금신탁으로 소득공제를 받을 수 있습니다.,https://obank.kbstar.com/quics?page=C019773&boardId=684&compId=b033621&articleId=630&bbsMode=view&viewPage=1&articleClass=&searchCondition=title&searchStr=,https://obank.kbstar.com/quics?page=C019773,4
"연금신탁은 예금자보호법에 의한 원본보전 대상 신탁상품으로 알고 있는데, 중도해지를 했더니 원본미달이 되었습니다.","원본보전 대상 신탁상품에서 「원본보전」이란, 신탁자산의 운용결과 원본에 손실이 난 경우 원본을 보전
한다는 의미로, 중도해지에 따른 세금(기타소득세, 해지가산세 등) 징수분은 원본보장 대상이 아닙니다.
따라서 중도해지시 세금징수로 인하여 고객의 실수령액이 원본에 미달할 수 있으며, 미달하는 금액 그대로
지급하게 됩니다.",https://obank.kbstar.com/quics?page=C019773&boardId=684&compId=b033621&articleId=628&bbsMode=view&viewPage=1&articleClass=&searchCondition=title&searchStr=,https://obank.kbstar.com/quics?page=C019773,4
펀드운용보고서 통보방법을 인터넷으로 변경할 수 있나요?,"제목 없음
♣ 가능합니다.
단,   인터넷뱅킹 가입자만 가능하며, 금융상품몰>펀드>My펀드관리>운용보고서   신청에서 변경하시면
됩니다.
(자택통보, 직장통보, E-MAIL통보, 통보하지   않음 중 선택)",https://obank.kbstar.com/quics?page=C019773&boardId=684&compId=b033621&articleId=638&bbsMode=view&viewPage=1&articleClass=&searchCondition=title&searchStr=,https://obank.kbstar.com/quics?page=C019773,5
적립식 펀드 자동이체일에 자동이체 계좌의 잔액이 없을 경우 어떻게 되나요?,"제목 없음
♣ 자동이체   지정일에 요구불계좌의 잔액이 부족한 경우 해당월의 자동이체는 불가합니다.
잔액이   채워지는 날에 재처리 하지 않습니다.(자동이체 지정일 당일에 한하여 월1회 출금처리)
※ 요구불계좌에서   자동이체 해당금액 출금시 현금화되지 않은 수표 및 어음은 출금이 불가하여
출금가능한 잔액이 부족한 경우 자동이체 처리가   불가능합니다.",https://obank.kbstar.com/quics?page=C019773&boardId=684&compId=b033621&articleId=637&bbsMode=view&viewPage=1&articleClass=&searchCondition=title&searchStr=,https://obank.kbstar.com/quics?page=C019773,5
펀드도 세금우대로 지정 할 수 있나요?,"제목 없음
♣ 가능합니다.
계약기간   1년이상인 거치식 또는 적립식 펀드에 한함(역외펀드 제외)
※   단, 세금우대 등록 계좌는 분할환매가 제한됩니다.
※   인터넷상에서는 세금우대로 가입이 불가능하므로 가까운 영업점을 방문하여 가입하셔야   합니다.",https://obank.kbstar.com/quics?page=C019773&boardId=684&compId=b033621&articleId=636&bbsMode=view&viewPage=1&articleClass=&searchCondition=title&searchStr=,https://obank.kbstar.com/quics?page=C019773,5
환매예약 당시 평가금액이 신청금액보다 많았는데도 실제 환매일에 환매가 되지 않았어요.,"제목 없음
환매예약 당시   평가금액 이하의 금액으로 금액출금 신청한 경우라도
세금, 중도환매수수료, 환매기준가
적용일의 기준가 하락 등
으로 환매대금 지급일에 금액부족 사유로   환매되지 않을 수 있습니다.
※ 단, 전액출금 방식으로 환매예약시에는   금액부족 사유로 환매오류가 발생하지는 않으나 위와 같은
사유로 인하여   환매대금 지급일에 실제 지급되는 금액이 예상금액과 달라질 수 있음에 유의.",https://obank.kbstar.com/quics?page=C019773&boardId=684&compId=b033621&articleId=635&bbsMode=view&viewPage=1&articleClass=&searchCondition=title&searchStr=,https://obank.kbstar.com/quics?page=C019773,5
기준가격과 과표기준가격의 차이점은?,"♣ 기준가격: 집합투자증권의 매입 또는 환매시 금액산정의 기준이 되는 가격으로 집합투자증권의
거래   단위(좌)당   순자산가치를 나타냅니다.
기준가격               =
펀드의               총자산- 부채ㆍ비용
×               1,000
------------------------------------------------
공고일               전일의 잔존 수익증권 총좌수
♣ 과표기준가격 : 수익증권의 매매기준으로 사용하는‘기준가격’과 달리 ‘과표기준가격’은   세금징수
를   위한 과세표준을 계산하기 위해 산출되며, 펀드에서 발생하는 수익원 중 과세대상이   되는 수익만
을 합산하여 산정됩니다.
※ 국내 상장주식 또는 주식관련 파생상품의 매매/평가손익, 소득세법상 거주자가   받는 소득 중 국외상장
주식의 매매/평가로 인해 발생한 손익은(한시적   비과세:2007.6.1~2009.12.31)은 과세대상에서 제외됨
※ 주식이 편입되지 않는 채권형 및 MMF 펀드는 기준가격과 과표기준가격이 동일",https://obank.kbstar.com/quics?page=C019773&boardId=684&compId=b033621&articleId=634&bbsMode=view&viewPage=1&articleClass=&searchCondition=title&searchStr=,https://obank.kbstar.com/quics?page=C019773,5
펀드 환매시 손해가 발생하였음에도 불구하고 세금이 발생할 수 있는 이유는?,"제목 없음
기준가격과 과표기준가격은   별도로 계산되므로 편입된 주식부분의 가격이 크게 하락하여 손해를
보았을 경우에도   과세대상 소득(채권이자, 채권매매 차익, 주식의 배당소득 등)에서 수익이 발생
하는 경우에는   과표기준가격을 기준으로 세금을 납부해야 하는 경우가 발생하기 때문입니다.
♣   기준가격 : 집합투자증권의 매입 또는 환매시 금액산정의 기준이 되는 가격으로 집합투자증권의
거래단위(좌)당 순자산가치를 나타냄
♣ 과표기준가격:   수익증권의 매매기준으로 사용하는 ‘기준가격’과 달리 ‘과표기준가격’은 세금징수를
위한 과세표준을 계산하기 위해 산출되며, 펀드에서 발생하는   수익원 중 과세대상이 되는 수익만을
합산하여 산정됨",https://obank.kbstar.com/quics?page=C019773&boardId=684&compId=b033621&articleId=633&bbsMode=view&viewPage=1&articleClass=&searchCondition=title&searchStr=,https://obank.kbstar.com/quics?page=C019773,5
개인연금신탁 연말소득공제에 대하여 알고 싶습니다,"개인연금신탁은 20세이상의 거주자이면 근로소득자가 아니더라도 소득공제를 받으실 수 있는 상품입니다.
♣ 소득공제금액 : 가입자 본인의 연간 저축금액의 40% (공제한도 : 72만원)임.
♣ 납입증명서 발급 및 제출 : 첫번 연말정산시에는 거래은행에서 ‘개인연금신탁납입증명서’를 수령하
시면   되며, 다음 연도 연말정산시부터는 통장사본을 원천징수의무자에게 제출하시면 됩니다.
※ 유의사항
ㅇ 소득공제를 받은 후 5년이내에 중도해지하면 저축금액의 4%(연간 한도 7만2천원)를 추징합니다.
(단, 주민세 별도)
ㅇ 2001년부터는 개인연금신탁제도가 폐지되고,'연금저축’으로 변경 시행되는데 기존 가입자는 현행
제도대로 계속 소득공제를 받으실 수 있습니다.",https://obank.kbstar.com/quics?page=C019773&boardId=684&compId=b033621&articleId=632&bbsMode=view&viewPage=1&articleClass=&searchCondition=title&searchStr=,https://obank.kbstar.com/quics?page=C019773,5
"개인연금 상품의 종류와 납입방법, 배당률, 소득공제혜택에 대해서 알고 싶습니다.","개인연금 상품의 종류는 2004.5.10부터 판매중인 KB실버웰빙연금신탁과 판매가 중지된 (신)개인연금신탁이 있습니다.
납입방법은 매회1만원이상 원단위로 전금융기관을 합해 분기 300만원 한도  내에서 자유롭게 적립이 가능하며, 기존의 (신)개인연금신탁과 KB실버웰빙연금신탁이   별도의 한도로 거래 가능합니다.
신탁기간은 연금 및 개인연금신탁 적립기간과 연금지급기간으로 구분되며
적립기간은 10년이상 연단위로   수익자의 연령이 만 55세 이후가 되는 시점까지로 정해야 하며
연금지급기간은   적립기간 만료일로부터 5년 이상 연단위로 정하여야 합니다.
소득공제 혜택은 각 상품별로 달리 적용되며, KB실버웰빙연금신탁과 (신)개인연금신탁 각각 별도의
소득공제 혜택을   받으실 수 있습니다.
먼저 연금신탁의 소득공제 한도는 불입금액의 100%이내에서 연간 400만원
까지   신청하실 수 있습니다.
(소득공제한도 : 연금저축 + 퇴직연금 본인부담금 불입액)
2011년도   불입금액분부터 최대400만원, '10.12.31이전 적립분300만원,'05.12.31 이전적립분은 240만원 한도)
다만, KB실버웰빙연금신탁은   향후 중도해지를 하실 경우 이를  기타소득으로 보아
주민세포함 22%를 과세하며, 특히 계좌신규일로부터 5년이내 중도해지시에는
신탁원금(2011년도   불입금액분부터 최대400만원, '10.12.31이전 적립분300만원,
'05.12.31 이전적립분은   240만원 한도)에 대해 해지가산세 2.2%(주민세포함)가 부과됩니다.
연금으로 수령시에도 연금소득세(주민세포함 5.5%)를 과세합니다.
다만, 연금소득세와 기타소득세는 연간 400만원
이내 불입금중
실제로 소득공제 받은 부분에 대하여만 부과
됩니다.
한편 기존의 (신)개인연금신탁(판매중지상품)은 연간 적립액의 40%한도내에서 최고 72만원까지
소득공제가 가능합니다.
만기해지 및 5년이상 연금 수령 후 중도해지시 신탁이익에 대해서 전액 비과세합니다.
참고로, 적립기간 5년미만 중도해지시에는 중도해지수수료 부과 및 소득공제 추징되며,
신탁이익에 대해서 전액 일반세율로 과세됩니다.
적립기간 5년경과후 중도해지시에는 중도해지수수료 면제 및 소득공제 추징은 없으나
신탁이익에 대해서는 전액 일반세율로 과세됩니다.",https://obank.kbstar.com/quics?page=C019773&boardId=684&compId=b033621&articleId=631&bbsMode=view&viewPage=1&articleClass=&searchCondition=title&searchStr=,https://obank.kbstar.com/quics?page=C019773,5
사업자 등록증을 갖고 있는 자영업자도 연금신탁으로 소득공제를 받을 수 있나요?,자영업자도 매년 5월 종합소득 신고시 연금신탁 및 (신)개인연금신탁으로 소득공제를 받을 수 있습니다.,https://obank.kbstar.com/quics?page=C019773&boardId=684&compId=b033621&articleId=630&bbsMode=view&viewPage=1&articleClass=&searchCondition=title&searchStr=,https://obank.kbstar.com/quics?page=C019773,5
"연금신탁은 예금자보호법에 의한 원본보전 대상 신탁상품으로 알고 있는데, 중도해지를 했더니 원본미달이 되었습니다.","원본보전 대상 신탁상품에서 「원본보전」이란, 신탁자산의 운용결과 원본에 손실이 난 경우 원본을 보전
한다는 의미로, 중도해지에 따른 세금(기타소득세, 해지가산세 등) 징수분은 원본보장 대상이 아닙니다.
따라서 중도해지시 세금징수로 인하여 고객의 실수령액이 원본에 미달할 수 있으며, 미달하는 금액 그대로
지급하게 됩니다.",https://obank.kbstar.com/quics?page=C019773&boardId=684&compId=b033621&articleId=628&bbsMode=view&viewPage=1&articleClass=&searchCondition=title&searchStr=,https://obank.kbstar.com/quics?page=C019773,5
펀드운용보고서 통보방법을 인터넷으로 변경할 수 있나요?,"제목 없음
♣ 가능합니다.
단,   인터넷뱅킹 가입자만 가능하며, 금융상품몰>펀드>My펀드관리>운용보고서   신청에서 변경하시면
됩니다.
(자택통보, 직장통보, E-MAIL통보, 통보하지   않음 중 선택)",https://obank.kbstar.com/quics?page=C019773&boardId=684&compId=b033621&articleId=638&bbsMode=view&viewPage=1&articleClass=&searchCondition=title&searchStr=,https://obank.kbstar.com/quics?page=C019773,6
적립식 펀드 자동이체일에 자동이체 계좌의 잔액이 없을 경우 어떻게 되나요?,"제목 없음
♣ 자동이체   지정일에 요구불계좌의 잔액이 부족한 경우 해당월의 자동이체는 불가합니다.
잔액이   채워지는 날에 재처리 하지 않습니다.(자동이체 지정일 당일에 한하여 월1회 출금처리)
※ 요구불계좌에서   자동이체 해당금액 출금시 현금화되지 않은 수표 및 어음은 출금이 불가하여
출금가능한 잔액이 부족한 경우 자동이체 처리가   불가능합니다.",https://obank.kbstar.com/quics?page=C019773&boardId=684&compId=b033621&articleId=637&bbsMode=view&viewPage=1&articleClass=&searchCondition=title&searchStr=,https://obank.kbstar.com/quics?page=C019773,6
펀드도 세금우대로 지정 할 수 있나요?,"제목 없음
♣ 가능합니다.
계약기간   1년이상인 거치식 또는 적립식 펀드에 한함(역외펀드 제외)
※   단, 세금우대 등록 계좌는 분할환매가 제한됩니다.
※   인터넷상에서는 세금우대로 가입이 불가능하므로 가까운 영업점을 방문하여 가입하셔야   합니다.",https://obank.kbstar.com/quics?page=C019773&boardId=684&compId=b033621&articleId=636&bbsMode=view&viewPage=1&articleClass=&searchCondition=title&searchStr=,https://obank.kbstar.com/quics?page=C019773,6
환매예약 당시 평가금액이 신청금액보다 많았는데도 실제 환매일에 환매가 되지 않았어요.,"제목 없음
환매예약 당시   평가금액 이하의 금액으로 금액출금 신청한 경우라도
세금, 중도환매수수료, 환매기준가
적용일의 기준가 하락 등
으로 환매대금 지급일에 금액부족 사유로   환매되지 않을 수 있습니다.
※ 단, 전액출금 방식으로 환매예약시에는   금액부족 사유로 환매오류가 발생하지는 않으나 위와 같은
사유로 인하여   환매대금 지급일에 실제 지급되는 금액이 예상금액과 달라질 수 있음에 유의.",https://obank.kbstar.com/quics?page=C019773&boardId=684&compId=b033621&articleId=635&bbsMode=view&viewPage=1&articleClass=&searchCondition=title&searchStr=,https://obank.kbstar.com/quics?page=C019773,6
기준가격과 과표기준가격의 차이점은?,"♣ 기준가격: 집합투자증권의 매입 또는 환매시 금액산정의 기준이 되는 가격으로 집합투자증권의
거래   단위(좌)당   순자산가치를 나타냅니다.
기준가격               =
펀드의               총자산- 부채ㆍ비용
×               1,000
------------------------------------------------
공고일               전일의 잔존 수익증권 총좌수
♣ 과표기준가격 : 수익증권의 매매기준으로 사용하는‘기준가격’과 달리 ‘과표기준가격’은   세금징수
를   위한 과세표준을 계산하기 위해 산출되며, 펀드에서 발생하는 수익원 중 과세대상이   되는 수익만
을 합산하여 산정됩니다.
※ 국내 상장주식 또는 주식관련 파생상품의 매매/평가손익, 소득세법상 거주자가   받는 소득 중 국외상장
주식의 매매/평가로 인해 발생한 손익은(한시적   비과세:2007.6.1~2009.12.31)은 과세대상에서 제외됨
※ 주식이 편입되지 않는 채권형 및 MMF 펀드는 기준가격과 과표기준가격이 동일",https://obank.kbstar.com/quics?page=C019773&boardId=684&compId=b033621&articleId=634&bbsMode=view&viewPage=1&articleClass=&searchCondition=title&searchStr=,https://obank.kbstar.com/quics?page=C019773,6
펀드 환매시 손해가 발생하였음에도 불구하고 세금이 발생할 수 있는 이유는?,"제목 없음
기준가격과 과표기준가격은   별도로 계산되므로 편입된 주식부분의 가격이 크게 하락하여 손해를
보았을 경우에도   과세대상 소득(채권이자, 채권매매 차익, 주식의 배당소득 등)에서 수익이 발생
하는 경우에는   과표기준가격을 기준으로 세금을 납부해야 하는 경우가 발생하기 때문입니다.
♣   기준가격 : 집합투자증권의 매입 또는 환매시 금액산정의 기준이 되는 가격으로 집합투자증권의
거래단위(좌)당 순자산가치를 나타냄
♣ 과표기준가격:   수익증권의 매매기준으로 사용하는 ‘기준가격’과 달리 ‘과표기준가격’은 세금징수를
위한 과세표준을 계산하기 위해 산출되며, 펀드에서 발생하는   수익원 중 과세대상이 되는 수익만을
합산하여 산정됨",https://obank.kbstar.com/quics?page=C019773&boardId=684&compId=b033621&articleId=633&bbsMode=view&viewPage=1&articleClass=&searchCondition=title&searchStr=,https://obank.kbstar.com/quics?page=C019773,6
개인연금신탁 연말소득공제에 대하여 알고 싶습니다,"개인연금신탁은 20세이상의 거주자이면 근로소득자가 아니더라도 소득공제를 받으실 수 있는 상품입니다.
♣ 소득공제금액 : 가입자 본인의 연간 저축금액의 40% (공제한도 : 72만원)임.
♣ 납입증명서 발급 및 제출 : 첫번 연말정산시에는 거래은행에서 ‘개인연금신탁납입증명서’를 수령하
시면   되며, 다음 연도 연말정산시부터는 통장사본을 원천징수의무자에게 제출하시면 됩니다.
※ 유의사항
ㅇ 소득공제를 받은 후 5년이내에 중도해지하면 저축금액의 4%(연간 한도 7만2천원)를 추징합니다.
(단, 주민세 별도)
ㅇ 2001년부터는 개인연금신탁제도가 폐지되고,'연금저축’으로 변경 시행되는데 기존 가입자는 현행
제도대로 계속 소득공제를 받으실 수 있습니다.",https://obank.kbstar.com/quics?page=C019773&boardId=684&compId=b033621&articleId=632&bbsMode=view&viewPage=1&articleClass=&searchCondition=title&searchStr=,https://obank.kbstar.com/quics?page=C019773,6
"개인연금 상품의 종류와 납입방법, 배당률, 소득공제혜택에 대해서 알고 싶습니다.","개인연금 상품의 종류는 2004.5.10부터 판매중인 KB실버웰빙연금신탁과 판매가 중지된 (신)개인연금신탁이 있습니다.
납입방법은 매회1만원이상 원단위로 전금융기관을 합해 분기 300만원 한도  내에서 자유롭게 적립이 가능하며, 기존의 (신)개인연금신탁과 KB실버웰빙연금신탁이   별도의 한도로 거래 가능합니다.
신탁기간은 연금 및 개인연금신탁 적립기간과 연금지급기간으로 구분되며
적립기간은 10년이상 연단위로   수익자의 연령이 만 55세 이후가 되는 시점까지로 정해야 하며
연금지급기간은   적립기간 만료일로부터 5년 이상 연단위로 정하여야 합니다.
소득공제 혜택은 각 상품별로 달리 적용되며, KB실버웰빙연금신탁과 (신)개인연금신탁 각각 별도의
소득공제 혜택을   받으실 수 있습니다.
먼저 연금신탁의 소득공제 한도는 불입금액의 100%이내에서 연간 400만원
까지   신청하실 수 있습니다.
(소득공제한도 : 연금저축 + 퇴직연금 본인부담금 불입액)
2011년도   불입금액분부터 최대400만원, '10.12.31이전 적립분300만원,'05.12.31 이전적립분은 240만원 한도)
다만, KB실버웰빙연금신탁은   향후 중도해지를 하실 경우 이를  기타소득으로 보아
주민세포함 22%를 과세하며, 특히 계좌신규일로부터 5년이내 중도해지시에는
신탁원금(2011년도   불입금액분부터 최대400만원, '10.12.31이전 적립분300만원,
'05.12.31 이전적립분은   240만원 한도)에 대해 해지가산세 2.2%(주민세포함)가 부과됩니다.
연금으로 수령시에도 연금소득세(주민세포함 5.5%)를 과세합니다.
다만, 연금소득세와 기타소득세는 연간 400만원
이내 불입금중
실제로 소득공제 받은 부분에 대하여만 부과
됩니다.
한편 기존의 (신)개인연금신탁(판매중지상품)은 연간 적립액의 40%한도내에서 최고 72만원까지
소득공제가 가능합니다.
만기해지 및 5년이상 연금 수령 후 중도해지시 신탁이익에 대해서 전액 비과세합니다.
참고로, 적립기간 5년미만 중도해지시에는 중도해지수수료 부과 및 소득공제 추징되며,
신탁이익에 대해서 전액 일반세율로 과세됩니다.
적립기간 5년경과후 중도해지시에는 중도해지수수료 면제 및 소득공제 추징은 없으나
신탁이익에 대해서는 전액 일반세율로 과세됩니다.",https://obank.kbstar.com/quics?page=C019773&boardId=684&compId=b033621&articleId=631&bbsMode=view&viewPage=1&articleClass=&searchCondition=title&searchStr=,https://obank.kbstar.com/quics?page=C019773,6
사업자 등록증을 갖고 있는 자영업자도 연금신탁으로 소득공제를 받을 수 있나요?,자영업자도 매년 5월 종합소득 신고시 연금신탁 및 (신)개인연금신탁으로 소득공제를 받을 수 있습니다.,https://obank.kbstar.com/quics?page=C019773&boardId=684&compId=b033621&articleId=630&bbsMode=view&viewPage=1&articleClass=&searchCondition=title&searchStr=,https://obank.kbstar.com/quics?page=C019773,6
"연금신탁은 예금자보호법에 의한 원본보전 대상 신탁상품으로 알고 있는데, 중도해지를 했더니 원본미달이 되었습니다.","원본보전 대상 신탁상품에서 「원본보전」이란, 신탁자산의 운용결과 원본에 손실이 난 경우 원본을 보전
한다는 의미로, 중도해지에 따른 세금(기타소득세, 해지가산세 등) 징수분은 원본보장 대상이 아닙니다.
따라서 중도해지시 세금징수로 인하여 고객의 실수령액이 원본에 미달할 수 있으며, 미달하는 금액 그대로
지급하게 됩니다.",https://obank.kbstar.com/quics?page=C019773&boardId=684&compId=b033621&articleId=628&bbsMode=view&viewPage=1&articleClass=&searchCondition=title&searchStr=,https://obank.kbstar.com/quics?page=C019773,6
펀드운용보고서 통보방법을 인터넷으로 변경할 수 있나요?,"제목 없음
♣ 가능합니다.
단,   인터넷뱅킹 가입자만 가능하며, 금융상품몰>펀드>My펀드관리>운용보고서   신청에서 변경하시면
됩니다.
(자택통보, 직장통보, E-MAIL통보, 통보하지   않음 중 선택)",https://obank.kbstar.com/quics?page=C019773&boardId=684&compId=b033621&articleId=638&bbsMode=view&viewPage=1&articleClass=&searchCondition=title&searchStr=,https://obank.kbstar.com/quics?page=C019773,7
적립식 펀드 자동이체일에 자동이체 계좌의 잔액이 없을 경우 어떻게 되나요?,"제목 없음
♣ 자동이체   지정일에 요구불계좌의 잔액이 부족한 경우 해당월의 자동이체는 불가합니다.
잔액이   채워지는 날에 재처리 하지 않습니다.(자동이체 지정일 당일에 한하여 월1회 출금처리)
※ 요구불계좌에서   자동이체 해당금액 출금시 현금화되지 않은 수표 및 어음은 출금이 불가하여
출금가능한 잔액이 부족한 경우 자동이체 처리가   불가능합니다.",https://obank.kbstar.com/quics?page=C019773&boardId=684&compId=b033621&articleId=637&bbsMode=view&viewPage=1&articleClass=&searchCondition=title&searchStr=,https://obank.kbstar.com/quics?page=C019773,7
펀드도 세금우대로 지정 할 수 있나요?,"제목 없음
♣ 가능합니다.
계약기간   1년이상인 거치식 또는 적립식 펀드에 한함(역외펀드 제외)
※   단, 세금우대 등록 계좌는 분할환매가 제한됩니다.
※   인터넷상에서는 세금우대로 가입이 불가능하므로 가까운 영업점을 방문하여 가입하셔야   합니다.",https://obank.kbstar.com/quics?page=C019773&boardId=684&compId=b033621&articleId=636&bbsMode=view&viewPage=1&articleClass=&searchCondition=title&searchStr=,https://obank.kbstar.com/quics?page=C019773,7
환매예약 당시 평가금액이 신청금액보다 많았는데도 실제 환매일에 환매가 되지 않았어요.,"제목 없음
환매예약 당시   평가금액 이하의 금액으로 금액출금 신청한 경우라도
세금, 중도환매수수료, 환매기준가
적용일의 기준가 하락 등
으로 환매대금 지급일에 금액부족 사유로   환매되지 않을 수 있습니다.
※ 단, 전액출금 방식으로 환매예약시에는   금액부족 사유로 환매오류가 발생하지는 않으나 위와 같은
사유로 인하여   환매대금 지급일에 실제 지급되는 금액이 예상금액과 달라질 수 있음에 유의.",https://obank.kbstar.com/quics?page=C019773&boardId=684&compId=b033621&articleId=635&bbsMode=view&viewPage=1&articleClass=&searchCondition=title&searchStr=,https://obank.kbstar.com/quics?page=C019773,7
기준가격과 과표기준가격의 차이점은?,"♣ 기준가격: 집합투자증권의 매입 또는 환매시 금액산정의 기준이 되는 가격으로 집합투자증권의
거래   단위(좌)당   순자산가치를 나타냅니다.
기준가격               =
펀드의               총자산- 부채ㆍ비용
×               1,000
------------------------------------------------
공고일               전일의 잔존 수익증권 총좌수
♣ 과표기준가격 : 수익증권의 매매기준으로 사용하는‘기준가격’과 달리 ‘과표기준가격’은   세금징수
를   위한 과세표준을 계산하기 위해 산출되며, 펀드에서 발생하는 수익원 중 과세대상이   되는 수익만
을 합산하여 산정됩니다.
※ 국내 상장주식 또는 주식관련 파생상품의 매매/평가손익, 소득세법상 거주자가   받는 소득 중 국외상장
주식의 매매/평가로 인해 발생한 손익은(한시적   비과세:2007.6.1~2009.12.31)은 과세대상에서 제외됨
※ 주식이 편입되지 않는 채권형 및 MMF 펀드는 기준가격과 과표기준가격이 동일",https://obank.kbstar.com/quics?page=C019773&boardId=684&compId=b033621&articleId=634&bbsMode=view&viewPage=1&articleClass=&searchCondition=title&searchStr=,https://obank.kbstar.com/quics?page=C019773,7
펀드 환매시 손해가 발생하였음에도 불구하고 세금이 발생할 수 있는 이유는?,"제목 없음
기준가격과 과표기준가격은   별도로 계산되므로 편입된 주식부분의 가격이 크게 하락하여 손해를
보았을 경우에도   과세대상 소득(채권이자, 채권매매 차익, 주식의 배당소득 등)에서 수익이 발생
하는 경우에는   과표기준가격을 기준으로 세금을 납부해야 하는 경우가 발생하기 때문입니다.
♣   기준가격 : 집합투자증권의 매입 또는 환매시 금액산정의 기준이 되는 가격으로 집합투자증권의
거래단위(좌)당 순자산가치를 나타냄
♣ 과표기준가격:   수익증권의 매매기준으로 사용하는 ‘기준가격’과 달리 ‘과표기준가격’은 세금징수를
위한 과세표준을 계산하기 위해 산출되며, 펀드에서 발생하는   수익원 중 과세대상이 되는 수익만을
합산하여 산정됨",https://obank.kbstar.com/quics?page=C019773&boardId=684&compId=b033621&articleId=633&bbsMode=view&viewPage=1&articleClass=&searchCondition=title&searchStr=,https://obank.kbstar.com/quics?page=C019773,7
개인연금신탁 연말소득공제에 대하여 알고 싶습니다,"개인연금신탁은 20세이상의 거주자이면 근로소득자가 아니더라도 소득공제를 받으실 수 있는 상품입니다.
♣ 소득공제금액 : 가입자 본인의 연간 저축금액의 40% (공제한도 : 72만원)임.
♣ 납입증명서 발급 및 제출 : 첫번 연말정산시에는 거래은행에서 ‘개인연금신탁납입증명서’를 수령하
시면   되며, 다음 연도 연말정산시부터는 통장사본을 원천징수의무자에게 제출하시면 됩니다.
※ 유의사항
ㅇ 소득공제를 받은 후 5년이내에 중도해지하면 저축금액의 4%(연간 한도 7만2천원)를 추징합니다.
(단, 주민세 별도)
ㅇ 2001년부터는 개인연금신탁제도가 폐지되고,'연금저축’으로 변경 시행되는데 기존 가입자는 현행
제도대로 계속 소득공제를 받으실 수 있습니다.",https://obank.kbstar.com/quics?page=C019773&boardId=684&compId=b033621&articleId=632&bbsMode=view&viewPage=1&articleClass=&searchCondition=title&searchStr=,https://obank.kbstar.com/quics?page=C019773,7
"개인연금 상품의 종류와 납입방법, 배당률, 소득공제혜택에 대해서 알고 싶습니다.","개인연금 상품의 종류는 2004.5.10부터 판매중인 KB실버웰빙연금신탁과 판매가 중지된 (신)개인연금신탁이 있습니다.
납입방법은 매회1만원이상 원단위로 전금융기관을 합해 분기 300만원 한도  내에서 자유롭게 적립이 가능하며, 기존의 (신)개인연금신탁과 KB실버웰빙연금신탁이   별도의 한도로 거래 가능합니다.
신탁기간은 연금 및 개인연금신탁 적립기간과 연금지급기간으로 구분되며
적립기간은 10년이상 연단위로   수익자의 연령이 만 55세 이후가 되는 시점까지로 정해야 하며
연금지급기간은   적립기간 만료일로부터 5년 이상 연단위로 정하여야 합니다.
소득공제 혜택은 각 상품별로 달리 적용되며, KB실버웰빙연금신탁과 (신)개인연금신탁 각각 별도의
소득공제 혜택을   받으실 수 있습니다.
먼저 연금신탁의 소득공제 한도는 불입금액의 100%이내에서 연간 400만원
까지   신청하실 수 있습니다.
(소득공제한도 : 연금저축 + 퇴직연금 본인부담금 불입액)
2011년도   불입금액분부터 최대400만원, '10.12.31이전 적립분300만원,'05.12.31 이전적립분은 240만원 한도)
다만, KB실버웰빙연금신탁은   향후 중도해지를 하실 경우 이를  기타소득으로 보아
주민세포함 22%를 과세하며, 특히 계좌신규일로부터 5년이내 중도해지시에는
신탁원금(2011년도   불입금액분부터 최대400만원, '10.12.31이전 적립분300만원,
'05.12.31 이전적립분은   240만원 한도)에 대해 해지가산세 2.2%(주민세포함)가 부과됩니다.
연금으로 수령시에도 연금소득세(주민세포함 5.5%)를 과세합니다.
다만, 연금소득세와 기타소득세는 연간 400만원
이내 불입금중
실제로 소득공제 받은 부분에 대하여만 부과
됩니다.
한편 기존의 (신)개인연금신탁(판매중지상품)은 연간 적립액의 40%한도내에서 최고 72만원까지
소득공제가 가능합니다.
만기해지 및 5년이상 연금 수령 후 중도해지시 신탁이익에 대해서 전액 비과세합니다.
참고로, 적립기간 5년미만 중도해지시에는 중도해지수수료 부과 및 소득공제 추징되며,
신탁이익에 대해서 전액 일반세율로 과세됩니다.
적립기간 5년경과후 중도해지시에는 중도해지수수료 면제 및 소득공제 추징은 없으나
신탁이익에 대해서는 전액 일반세율로 과세됩니다.",https://obank.kbstar.com/quics?page=C019773&boardId=684&compId=b033621&articleId=631&bbsMode=view&viewPage=1&articleClass=&searchCondition=title&searchStr=,https://obank.kbstar.com/quics?page=C019773,7
사업자 등록증을 갖고 있는 자영업자도 연금신탁으로 소득공제를 받을 수 있나요?,자영업자도 매년 5월 종합소득 신고시 연금신탁 및 (신)개인연금신탁으로 소득공제를 받을 수 있습니다.,https://obank.kbstar.com/quics?page=C019773&boardId=684&compId=b033621&articleId=630&bbsMode=view&viewPage=1&articleClass=&searchCondition=title&searchStr=,https://obank.kbstar.com/quics?page=C019773,7
"연금신탁은 예금자보호법에 의한 원본보전 대상 신탁상품으로 알고 있는데, 중도해지를 했더니 원본미달이 되었습니다.","원본보전 대상 신탁상품에서 「원본보전」이란, 신탁자산의 운용결과 원본에 손실이 난 경우 원본을 보전
한다는 의미로, 중도해지에 따른 세금(기타소득세, 해지가산세 등) 징수분은 원본보장 대상이 아닙니다.
따라서 중도해지시 세금징수로 인하여 고객의 실수령액이 원본에 미달할 수 있으며, 미달하는 금액 그대로
지급하게 됩니다.",https://obank.kbstar.com/quics?page=C019773&boardId=684&compId=b033621&articleId=628&bbsMode=view&viewPage=1&articleClass=&searchCondition=title&searchStr=,https://obank.kbstar.com/quics?page=C019773,7
근저당권설정비 반환 소송준비에 필요한 약정서등의 자료는 어떻게 제공받을 수 있나요?,"제목 없음
소송을 준비중인 고객님의 약정서 
            사본등을 제공 받으시려면
채무자 본인께서 대출관리점 또는 
            가까운 영업점으로 방문해 주셔야 합니다.
『금융거래정보제공(요청/동의)서』에 
            의해 채무자의 신청을 받아 본인확인절차를
거쳐 제공될 수 
            있기 때문입니다.",https://obank.kbstar.com/quics?page=C019774&boardId=685&compId=b033624&articleId=1278&bbsMode=view&viewPage=1&articleClass=&searchCondition=title&searchStr=,https://obank.kbstar.com/quics?page=C019774,1
대출금 연말정산(소득공제) 서류를 발급받고 싶습니다.,"제목 없음
대출금 연말정산 
            서류를 발급받는 방법은 콜센터 또는 인터넷을 통한 신청, 영업점 방문, 
영업점 공과금무인수납기를 통한 발급이 있습니다.
☞ 
            기존 대출금 연말정산 서류를 원천징수사업장에 제출한 경험이 있으신 
            고객님께서는
당해년도 상환내역이 
기재된
통장내역으로 
            연말정산서류를 대체
하실 수 있습니다.
※ 
            발급 신청방법은 다음과 같습니다.
구분
내용
콜센터(☎ 
                        1644 - 9999)
발급수수료는 
                        면제이며 팩스로 받아 보실 수 있습니다.
인터넷
(
                        인터넷뱅킹 가입
고객에 한함)
발급수수료 
                        면제
뱅킹관리 > 제증명발급 > 연말정산증명서 
            > 주택자금대출 상환증명서 >
발급신청 
                        메뉴를 이용하시어 상환증명서 발급이 가능합니다.
영업점
발급수수료
료 면제 
            (2007.3.12(월)부터 변경)
가까운 영업점에서 즉시 발급 받으실 
                        수 있습니다.
☞ [차주 본인 내점시] 본인의 실명확인증표 
            지참
☞ [그 외] 대리인의 실명확인증표, 차주 본인의 위임장 및 
            인감증명서에 의해<
본인
인 
            확인
영업점 
            공과금무인수납기(paywell)
발급수수료는 
                        면제이며,
고객님께서 영업점내에 설치된 공과금무인수납기(paywell)를 
            통해 직접 발급
받으실 수 있습니
다.",https://obank.kbstar.com/quics?page=C019774&boardId=685&compId=b033624&articleId=1256&bbsMode=view&viewPage=1&articleClass=&searchCondition=title&searchStr=,https://obank.kbstar.com/quics?page=C019774,1
마이너스통장을 이용하고 있습니다. 약정해지를 하고 싶은데 어떤 방법이 있나요??,"제목 없음
현재 이용중인 마이너스통장을 약정해지하는 방법
1. 가까운 영업점   방문 (본인만 가능)
2. 콜센터에 유선의뢰 (본인만 가능하며, 마이너스통장   계좌번호 및 비밀번호 일치시에만 가능)
3. 인터넷뱅킹상 해지처리 (인터넷뱅킹   가입자에 한해서만 가능)
참고로 약정해지를 하지 않더라도 마이너스통장은
통장의 잔액이 (+)상태일 경우      별도의 이자발생은 없으며
또한 마이너스통장 약정기한내에서는   긴급자금이   필요한 경우 언제든지  이용하실 수 있습니다.",https://obank.kbstar.com/quics?page=C019774&boardId=685&compId=b033624&articleId=708&bbsMode=view&viewPage=1&articleClass=&searchCondition=title&searchStr=,https://obank.kbstar.com/quics?page=C019774,1
저소득 근로자 또는 영세 사업자를 위한 대출이 있나요?,"제목 없음
제도권 금융소외 계층인 저소득 근로자 또는 영세 사업자를 위한 긴급자금
대출지원상품인               KB 새희망홀씨대출이 있습니다.
대출 신청자격은 개인신용평가시스템(CSS)에 의해 대출적격자로 판정된 만20세               이상인 국내거주
국민으로서 연간소득 3천만원 이하(다만,               CB등급이 5~10등급인 경우 연간소득 4천만원 이하)인
다음 각 항목의               1에 해당하는 저소득 근로자(영세 사업자 포함) 또는 2개월 이내 만기가               도래하는
20백만원 이하의 무보증신용대출을 장기전환으로 신청하는               고객
☞ CB등급은 한신평(KIS), 한신정(NICE), 올크레딧(KCB)중 1개 이상 회사가 5~10등급인 경우 인정
☞ 한국이지론(주)에서               소개한자 중 대출적격자로 판정된 고객포함
(1) 증빙소득서류 제출 고객(직업 및 소득 확인서류로 증빙된 소득)
(2) 국민연금보험료 또는 건강보험료(지역가입자인 세대주) 3개월 이상 정상납부액 기준으로              소득금액이
산출하는 고객. 다만, 주민등록등본상 단독세대는 제외
☞                          KB 새희망홀씨
바로가기",https://obank.kbstar.com/quics?page=C019774&boardId=685&compId=b033624&articleId=707&bbsMode=view&viewPage=1&articleClass=&searchCondition=title&searchStr=,https://obank.kbstar.com/quics?page=C019774,1
학자금대출은 어디에서 신청하나요?,"제목 없음
※ 한국장학재단 학자금               대출 업무가 2010년도 2 학기에는 등록 대상범위가 재학생으로 축소되어
한국장학 재단
에서               대출업무를 취급 하기로 결정되었습니다.
※ 모든 재단 업무제휴은행에서는               2010 년도 2 학기에 학자금 대출신청서 및 가족관계 서류 접수등               관련
업무를  취급하지               않습니다.
☞ 한국장학재단 홈페이지 :
www.kosaf.go.kr
☞ 한국장학재단 전화상담 : 1666-5114",https://obank.kbstar.com/quics?page=C019774&boardId=685&compId=b033624&articleId=706&bbsMode=view&viewPage=1&articleClass=&searchCondition=title&searchStr=,https://obank.kbstar.com/quics?page=C019774,1
군인 자격으로 대출을 받을 수 있나요?,"현재 저희 은행에서는 중사이상 5년이상 복무자를 대상으로 군인생활안정자금
대출 상품을               판매하고 있습니다.
☞                          군인생활안정자금 대출
바로가기",https://obank.kbstar.com/quics?page=C019774&boardId=685&compId=b033624&articleId=705&bbsMode=view&viewPage=1&articleClass=&searchCondition=title&searchStr=,https://obank.kbstar.com/quics?page=C019774,1
역모기지론 상품이 국민은행에도 있나요?,"네, 저희 은행에서는 KB실버주택연금론 상품이 있습니다.
한국주택금융공사의 주택담보노후연금보증서를 100%담보로 취득하여 주택은 소유하고 있으나
소득이 없는 고령자에게 연금식대출금 지급을 종신까지 보장하는 역모기지론 상품입니다.
☞                          KB실버주택연금론
바로가기",https://obank.kbstar.com/quics?page=C019774&boardId=685&compId=b033624&articleId=704&bbsMode=view&viewPage=1&articleClass=&searchCondition=title&searchStr=,https://obank.kbstar.com/quics?page=C019774,1
청약저축 통장을 담보로 대출 받고 싶습니다. 가능한가요?,"제목 없음
청약저축 통장에
납입금액의 95% 범위내
에서 대출이 가능합니다.
적용이율은 연 5.75%   입니다. (마이너스통장으로 약정시 0.5%가산 → 연6.25% 적용)
참고로 동 상품은   인터넷,폰뱅킹을 통해서는 대출 신청이 불가능하며,
예금주 본인이 청약저축통장과  주민등록증을 준비하시고
가까운 영업점에 방문
하시면   됩니다.",https://obank.kbstar.com/quics?page=C019774&boardId=685&compId=b033624&articleId=703&bbsMode=view&viewPage=1&articleClass=&searchCondition=title&searchStr=,https://obank.kbstar.com/quics?page=C019774,1
미성년자 소유의 주택을 담보로 대출을 받을 수 있습니까?,"제목 없음
현재 대출상담   접수일 현재 만 20세미만인 미성년자(기혼자 제외)에 대한
신규 주택담보대출(중도금대출   및 이주비대출, 채무인수 포함)은 취급이
불가
합니다.
→ [05. 8. 30   주택담보대출 리스크 강화로 미성년자 담보대출 취급 불가함]
다만, 소년소녀 가장   등 부모가 없는 미성년자의 경우는 예외 취급 가능합니다.",https://obank.kbstar.com/quics?page=C019774&boardId=685&compId=b033624&articleId=702&bbsMode=view&viewPage=1&articleClass=&searchCondition=title&searchStr=,https://obank.kbstar.com/quics?page=C019774,1
부채잔액증명서를 발급 받으려고 합니다. 아무지점이나 방문해도 되나요?,"제목 없음
네, 그렇습니다.
부채잔액증명서는
모든 영업점
에서 발급이 가능합니다.
본인이 방문할   경우 본인확인증표(주민등록증 등) 지참 후 방문하시면 됩니다.
만약 본인이   내점하지 못하는 경우 대출금거래장(통장) , 인감증명서 , 위임장(인감도장 날인)   ,
대리인의 본인확인증표(주민등록증 등) 지참 후 대리인이 방문하셔도 발급이   가능합니다.
발급수수료는   건당 2,000원이 부담됩니다.(Kb Star Club 고객등 수수료 면제대상이 있음)",https://obank.kbstar.com/quics?page=C019774&boardId=685&compId=b033624&articleId=700&bbsMode=view&viewPage=1&articleClass=&searchCondition=title&searchStr=,https://obank.kbstar.com/quics?page=C019774,1
근저당권설정비 반환 소송준비에 필요한 약정서등의 자료는 어떻게 제공받을 수 있나요?,"제목 없음
소송을 준비중인 고객님의 약정서 
            사본등을 제공 받으시려면
채무자 본인께서 대출관리점 또는 
            가까운 영업점으로 방문해 주셔야 합니다.
『금융거래정보제공(요청/동의)서』에 
            의해 채무자의 신청을 받아 본인확인절차를
거쳐 제공될 수 
            있기 때문입니다.",https://obank.kbstar.com/quics?page=C019774&boardId=685&compId=b033624&articleId=1278&bbsMode=view&viewPage=1&articleClass=&searchCondition=title&searchStr=,https://obank.kbstar.com/quics?page=C019774,2
대출금 연말정산(소득공제) 서류를 발급받고 싶습니다.,"제목 없음
대출금 연말정산 
            서류를 발급받는 방법은 콜센터 또는 인터넷을 통한 신청, 영업점 방문, 
영업점 공과금무인수납기를 통한 발급이 있습니다.
☞ 
            기존 대출금 연말정산 서류를 원천징수사업장에 제출한 경험이 있으신 
            고객님께서는
당해년도 상환내역이 
기재된
통장내역으로 
            연말정산서류를 대체
하실 수 있습니다.
※ 
            발급 신청방법은 다음과 같습니다.
구분
내용
콜센터(☎ 
                        1644 - 9999)
발급수수료는 
                        면제이며 팩스로 받아 보실 수 있습니다.
인터넷
(
                        인터넷뱅킹 가입
고객에 한함)
발급수수료 
                        면제
뱅킹관리 > 제증명발급 > 연말정산증명서 
            > 주택자금대출 상환증명서 >
발급신청 
                        메뉴를 이용하시어 상환증명서 발급이 가능합니다.
영업점
발급수수료
료 면제 
            (2007.3.12(월)부터 변경)
가까운 영업점에서 즉시 발급 받으실 
                        수 있습니다.
☞ [차주 본인 내점시] 본인의 실명확인증표 
            지참
☞ [그 외] 대리인의 실명확인증표, 차주 본인의 위임장 및 
            인감증명서에 의해<
본인
인 
            확인
영업점 
            공과금무인수납기(paywell)
발급수수료는 
                        면제이며,
고객님께서 영업점내에 설치된 공과금무인수납기(paywell)를 
            통해 직접 발급
받으실 수 있습니
다.",https://obank.kbstar.com/quics?page=C019774&boardId=685&compId=b033624&articleId=1256&bbsMode=view&viewPage=1&articleClass=&searchCondition=title&searchStr=,https://obank.kbstar.com/quics?page=C019774,2
마이너스통장을 이용하고 있습니다. 약정해지를 하고 싶은데 어떤 방법이 있나요??,"제목 없음
현재 이용중인 마이너스통장을 약정해지하는 방법
1. 가까운 영업점   방문 (본인만 가능)
2. 콜센터에 유선의뢰 (본인만 가능하며, 마이너스통장   계좌번호 및 비밀번호 일치시에만 가능)
3. 인터넷뱅킹상 해지처리 (인터넷뱅킹   가입자에 한해서만 가능)
참고로 약정해지를 하지 않더라도 마이너스통장은
통장의 잔액이 (+)상태일 경우      별도의 이자발생은 없으며
또한 마이너스통장 약정기한내에서는   긴급자금이   필요한 경우 언제든지  이용하실 수 있습니다.",https://obank.kbstar.com/quics?page=C019774&boardId=685&compId=b033624&articleId=708&bbsMode=view&viewPage=1&articleClass=&searchCondition=title&searchStr=,https://obank.kbstar.com/quics?page=C019774,2
저소득 근로자 또는 영세 사업자를 위한 대출이 있나요?,"제목 없음
제도권 금융소외 계층인 저소득 근로자 또는 영세 사업자를 위한 긴급자금
대출지원상품인               KB 새희망홀씨대출이 있습니다.
대출 신청자격은 개인신용평가시스템(CSS)에 의해 대출적격자로 판정된 만20세               이상인 국내거주
국민으로서 연간소득 3천만원 이하(다만,               CB등급이 5~10등급인 경우 연간소득 4천만원 이하)인
다음 각 항목의               1에 해당하는 저소득 근로자(영세 사업자 포함) 또는 2개월 이내 만기가               도래하는
20백만원 이하의 무보증신용대출을 장기전환으로 신청하는               고객
☞ CB등급은 한신평(KIS), 한신정(NICE), 올크레딧(KCB)중 1개 이상 회사가 5~10등급인 경우 인정
☞ 한국이지론(주)에서               소개한자 중 대출적격자로 판정된 고객포함
(1) 증빙소득서류 제출 고객(직업 및 소득 확인서류로 증빙된 소득)
(2) 국민연금보험료 또는 건강보험료(지역가입자인 세대주) 3개월 이상 정상납부액 기준으로              소득금액이
산출하는 고객. 다만, 주민등록등본상 단독세대는 제외
☞                          KB 새희망홀씨
바로가기",https://obank.kbstar.com/quics?page=C019774&boardId=685&compId=b033624&articleId=707&bbsMode=view&viewPage=1&articleClass=&searchCondition=title&searchStr=,https://obank.kbstar.com/quics?page=C019774,2
학자금대출은 어디에서 신청하나요?,"제목 없음
※ 한국장학재단 학자금               대출 업무가 2010년도 2 학기에는 등록 대상범위가 재학생으로 축소되어
한국장학 재단
에서               대출업무를 취급 하기로 결정되었습니다.
※ 모든 재단 업무제휴은행에서는               2010 년도 2 학기에 학자금 대출신청서 및 가족관계 서류 접수등               관련
업무를  취급하지               않습니다.
☞ 한국장학재단 홈페이지 :
www.kosaf.go.kr
☞ 한국장학재단 전화상담 : 1666-5114",https://obank.kbstar.com/quics?page=C019774&boardId=685&compId=b033624&articleId=706&bbsMode=view&viewPage=1&articleClass=&searchCondition=title&searchStr=,https://obank.kbstar.com/quics?page=C019774,2
군인 자격으로 대출을 받을 수 있나요?,"현재 저희 은행에서는 중사이상 5년이상 복무자를 대상으로 군인생활안정자금
대출 상품을               판매하고 있습니다.
☞                          군인생활안정자금 대출
바로가기",https://obank.kbstar.com/quics?page=C019774&boardId=685&compId=b033624&articleId=705&bbsMode=view&viewPage=1&articleClass=&searchCondition=title&searchStr=,https://obank.kbstar.com/quics?page=C019774,2
역모기지론 상품이 국민은행에도 있나요?,"네, 저희 은행에서는 KB실버주택연금론 상품이 있습니다.
한국주택금융공사의 주택담보노후연금보증서를 100%담보로 취득하여 주택은 소유하고 있으나
소득이 없는 고령자에게 연금식대출금 지급을 종신까지 보장하는 역모기지론 상품입니다.
☞                          KB실버주택연금론
바로가기",https://obank.kbstar.com/quics?page=C019774&boardId=685&compId=b033624&articleId=704&bbsMode=view&viewPage=1&articleClass=&searchCondition=title&searchStr=,https://obank.kbstar.com/quics?page=C019774,2
청약저축 통장을 담보로 대출 받고 싶습니다. 가능한가요?,"제목 없음
청약저축 통장에
납입금액의 95% 범위내
에서 대출이 가능합니다.
적용이율은 연 5.75%   입니다. (마이너스통장으로 약정시 0.5%가산 → 연6.25% 적용)
참고로 동 상품은   인터넷,폰뱅킹을 통해서는 대출 신청이 불가능하며,
예금주 본인이 청약저축통장과  주민등록증을 준비하시고
가까운 영업점에 방문
하시면   됩니다.",https://obank.kbstar.com/quics?page=C019774&boardId=685&compId=b033624&articleId=703&bbsMode=view&viewPage=1&articleClass=&searchCondition=title&searchStr=,https://obank.kbstar.com/quics?page=C019774,2
미성년자 소유의 주택을 담보로 대출을 받을 수 있습니까?,"제목 없음
현재 대출상담   접수일 현재 만 20세미만인 미성년자(기혼자 제외)에 대한
신규 주택담보대출(중도금대출   및 이주비대출, 채무인수 포함)은 취급이
불가
합니다.
→ [05. 8. 30   주택담보대출 리스크 강화로 미성년자 담보대출 취급 불가함]
다만, 소년소녀 가장   등 부모가 없는 미성년자의 경우는 예외 취급 가능합니다.",https://obank.kbstar.com/quics?page=C019774&boardId=685&compId=b033624&articleId=702&bbsMode=view&viewPage=1&articleClass=&searchCondition=title&searchStr=,https://obank.kbstar.com/quics?page=C019774,2
부채잔액증명서를 발급 받으려고 합니다. 아무지점이나 방문해도 되나요?,"제목 없음
네, 그렇습니다.
부채잔액증명서는
모든 영업점
에서 발급이 가능합니다.
본인이 방문할   경우 본인확인증표(주민등록증 등) 지참 후 방문하시면 됩니다.
만약 본인이   내점하지 못하는 경우 대출금거래장(통장) , 인감증명서 , 위임장(인감도장 날인)   ,
대리인의 본인확인증표(주민등록증 등) 지참 후 대리인이 방문하셔도 발급이   가능합니다.
발급수수료는   건당 2,000원이 부담됩니다.(Kb Star Club 고객등 수수료 면제대상이 있음)",https://obank.kbstar.com/quics?page=C019774&boardId=685&compId=b033624&articleId=700&bbsMode=view&viewPage=1&articleClass=&searchCondition=title&searchStr=,https://obank.kbstar.com/quics?page=C019774,2
근저당권설정비 반환 소송준비에 필요한 약정서등의 자료는 어떻게 제공받을 수 있나요?,"제목 없음
소송을 준비중인 고객님의 약정서 
            사본등을 제공 받으시려면
채무자 본인께서 대출관리점 또는 
            가까운 영업점으로 방문해 주셔야 합니다.
『금융거래정보제공(요청/동의)서』에 
            의해 채무자의 신청을 받아 본인확인절차를
거쳐 제공될 수 
            있기 때문입니다.",https://obank.kbstar.com/quics?page=C019774&boardId=685&compId=b033624&articleId=1278&bbsMode=view&viewPage=1&articleClass=&searchCondition=title&searchStr=,https://obank.kbstar.com/quics?page=C019774,3
대출금 연말정산(소득공제) 서류를 발급받고 싶습니다.,"제목 없음
대출금 연말정산 
            서류를 발급받는 방법은 콜센터 또는 인터넷을 통한 신청, 영업점 방문, 
영업점 공과금무인수납기를 통한 발급이 있습니다.
☞ 
            기존 대출금 연말정산 서류를 원천징수사업장에 제출한 경험이 있으신 
            고객님께서는
당해년도 상환내역이 
기재된
통장내역으로 
            연말정산서류를 대체
하실 수 있습니다.
※ 
            발급 신청방법은 다음과 같습니다.
구분
내용
콜센터(☎ 
                        1644 - 9999)
발급수수료는 
                        면제이며 팩스로 받아 보실 수 있습니다.
인터넷
(
                        인터넷뱅킹 가입
고객에 한함)
발급수수료 
                        면제
뱅킹관리 > 제증명발급 > 연말정산증명서 
            > 주택자금대출 상환증명서 >
발급신청 
                        메뉴를 이용하시어 상환증명서 발급이 가능합니다.
영업점
발급수수료
료 면제 
            (2007.3.12(월)부터 변경)
가까운 영업점에서 즉시 발급 받으실 
                        수 있습니다.
☞ [차주 본인 내점시] 본인의 실명확인증표 
            지참
☞ [그 외] 대리인의 실명확인증표, 차주 본인의 위임장 및 
            인감증명서에 의해<
본인
인 
            확인
영업점 
            공과금무인수납기(paywell)
발급수수료는 
                        면제이며,
고객님께서 영업점내에 설치된 공과금무인수납기(paywell)를 
            통해 직접 발급
받으실 수 있습니
다.",https://obank.kbstar.com/quics?page=C019774&boardId=685&compId=b033624&articleId=1256&bbsMode=view&viewPage=1&articleClass=&searchCondition=title&searchStr=,https://obank.kbstar.com/quics?page=C019774,3
마이너스통장을 이용하고 있습니다. 약정해지를 하고 싶은데 어떤 방법이 있나요??,"제목 없음
현재 이용중인 마이너스통장을 약정해지하는 방법
1. 가까운 영업점   방문 (본인만 가능)
2. 콜센터에 유선의뢰 (본인만 가능하며, 마이너스통장   계좌번호 및 비밀번호 일치시에만 가능)
3. 인터넷뱅킹상 해지처리 (인터넷뱅킹   가입자에 한해서만 가능)
참고로 약정해지를 하지 않더라도 마이너스통장은
통장의 잔액이 (+)상태일 경우      별도의 이자발생은 없으며
또한 마이너스통장 약정기한내에서는   긴급자금이   필요한 경우 언제든지  이용하실 수 있습니다.",https://obank.kbstar.com/quics?page=C019774&boardId=685&compId=b033624&articleId=708&bbsMode=view&viewPage=1&articleClass=&searchCondition=title&searchStr=,https://obank.kbstar.com/quics?page=C019774,3
저소득 근로자 또는 영세 사업자를 위한 대출이 있나요?,"제목 없음
제도권 금융소외 계층인 저소득 근로자 또는 영세 사업자를 위한 긴급자금
대출지원상품인               KB 새희망홀씨대출이 있습니다.
대출 신청자격은 개인신용평가시스템(CSS)에 의해 대출적격자로 판정된 만20세               이상인 국내거주
국민으로서 연간소득 3천만원 이하(다만,               CB등급이 5~10등급인 경우 연간소득 4천만원 이하)인
다음 각 항목의               1에 해당하는 저소득 근로자(영세 사업자 포함) 또는 2개월 이내 만기가               도래하는
20백만원 이하의 무보증신용대출을 장기전환으로 신청하는               고객
☞ CB등급은 한신평(KIS), 한신정(NICE), 올크레딧(KCB)중 1개 이상 회사가 5~10등급인 경우 인정
☞ 한국이지론(주)에서               소개한자 중 대출적격자로 판정된 고객포함
(1) 증빙소득서류 제출 고객(직업 및 소득 확인서류로 증빙된 소득)
(2) 국민연금보험료 또는 건강보험료(지역가입자인 세대주) 3개월 이상 정상납부액 기준으로              소득금액이
산출하는 고객. 다만, 주민등록등본상 단독세대는 제외
☞                          KB 새희망홀씨
바로가기",https://obank.kbstar.com/quics?page=C019774&boardId=685&compId=b033624&articleId=707&bbsMode=view&viewPage=1&articleClass=&searchCondition=title&searchStr=,https://obank.kbstar.com/quics?page=C019774,3
학자금대출은 어디에서 신청하나요?,"제목 없음
※ 한국장학재단 학자금               대출 업무가 2010년도 2 학기에는 등록 대상범위가 재학생으로 축소되어
한국장학 재단
에서               대출업무를 취급 하기로 결정되었습니다.
※ 모든 재단 업무제휴은행에서는               2010 년도 2 학기에 학자금 대출신청서 및 가족관계 서류 접수등               관련
업무를  취급하지               않습니다.
☞ 한국장학재단 홈페이지 :
www.kosaf.go.kr
☞ 한국장학재단 전화상담 : 1666-5114",https://obank.kbstar.com/quics?page=C019774&boardId=685&compId=b033624&articleId=706&bbsMode=view&viewPage=1&articleClass=&searchCondition=title&searchStr=,https://obank.kbstar.com/quics?page=C019774,3
군인 자격으로 대출을 받을 수 있나요?,"현재 저희 은행에서는 중사이상 5년이상 복무자를 대상으로 군인생활안정자금
대출 상품을               판매하고 있습니다.
☞                          군인생활안정자금 대출
바로가기",https://obank.kbstar.com/quics?page=C019774&boardId=685&compId=b033624&articleId=705&bbsMode=view&viewPage=1&articleClass=&searchCondition=title&searchStr=,https://obank.kbstar.com/quics?page=C019774,3
역모기지론 상품이 국민은행에도 있나요?,"네, 저희 은행에서는 KB실버주택연금론 상품이 있습니다.
한국주택금융공사의 주택담보노후연금보증서를 100%담보로 취득하여 주택은 소유하고 있으나
소득이 없는 고령자에게 연금식대출금 지급을 종신까지 보장하는 역모기지론 상품입니다.
☞                          KB실버주택연금론
바로가기",https://obank.kbstar.com/quics?page=C019774&boardId=685&compId=b033624&articleId=704&bbsMode=view&viewPage=1&articleClass=&searchCondition=title&searchStr=,https://obank.kbstar.com/quics?page=C019774,3
청약저축 통장을 담보로 대출 받고 싶습니다. 가능한가요?,"제목 없음
청약저축 통장에
납입금액의 95% 범위내
에서 대출이 가능합니다.
적용이율은 연 5.75%   입니다. (마이너스통장으로 약정시 0.5%가산 → 연6.25% 적용)
참고로 동 상품은   인터넷,폰뱅킹을 통해서는 대출 신청이 불가능하며,
예금주 본인이 청약저축통장과  주민등록증을 준비하시고
가까운 영업점에 방문
하시면   됩니다.",https://obank.kbstar.com/quics?page=C019774&boardId=685&compId=b033624&articleId=703&bbsMode=view&viewPage=1&articleClass=&searchCondition=title&searchStr=,https://obank.kbstar.com/quics?page=C019774,3
미성년자 소유의 주택을 담보로 대출을 받을 수 있습니까?,"제목 없음
현재 대출상담   접수일 현재 만 20세미만인 미성년자(기혼자 제외)에 대한
신규 주택담보대출(중도금대출   및 이주비대출, 채무인수 포함)은 취급이
불가
합니다.
→ [05. 8. 30   주택담보대출 리스크 강화로 미성년자 담보대출 취급 불가함]
다만, 소년소녀 가장   등 부모가 없는 미성년자의 경우는 예외 취급 가능합니다.",https://obank.kbstar.com/quics?page=C019774&boardId=685&compId=b033624&articleId=702&bbsMode=view&viewPage=1&articleClass=&searchCondition=title&searchStr=,https://obank.kbstar.com/quics?page=C019774,3
부채잔액증명서를 발급 받으려고 합니다. 아무지점이나 방문해도 되나요?,"제목 없음
네, 그렇습니다.
부채잔액증명서는
모든 영업점
에서 발급이 가능합니다.
본인이 방문할   경우 본인확인증표(주민등록증 등) 지참 후 방문하시면 됩니다.
만약 본인이   내점하지 못하는 경우 대출금거래장(통장) , 인감증명서 , 위임장(인감도장 날인)   ,
대리인의 본인확인증표(주민등록증 등) 지참 후 대리인이 방문하셔도 발급이   가능합니다.
발급수수료는   건당 2,000원이 부담됩니다.(Kb Star Club 고객등 수수료 면제대상이 있음)",https://obank.kbstar.com/quics?page=C019774&boardId=685&compId=b033624&articleId=700&bbsMode=view&viewPage=1&articleClass=&searchCondition=title&searchStr=,https://obank.kbstar.com/quics?page=C019774,3
근저당권설정비 반환 소송준비에 필요한 약정서등의 자료는 어떻게 제공받을 수 있나요?,"제목 없음
소송을 준비중인 고객님의 약정서 
            사본등을 제공 받으시려면
채무자 본인께서 대출관리점 또는 
            가까운 영업점으로 방문해 주셔야 합니다.
『금융거래정보제공(요청/동의)서』에 
            의해 채무자의 신청을 받아 본인확인절차를
거쳐 제공될 수 
            있기 때문입니다.",https://obank.kbstar.com/quics?page=C019774&boardId=685&compId=b033624&articleId=1278&bbsMode=view&viewPage=1&articleClass=&searchCondition=title&searchStr=,https://obank.kbstar.com/quics?page=C019774,4
대출금 연말정산(소득공제) 서류를 발급받고 싶습니다.,"제목 없음
대출금 연말정산 
            서류를 발급받는 방법은 콜센터 또는 인터넷을 통한 신청, 영업점 방문, 
영업점 공과금무인수납기를 통한 발급이 있습니다.
☞ 
            기존 대출금 연말정산 서류를 원천징수사업장에 제출한 경험이 있으신 
            고객님께서는
당해년도 상환내역이 
기재된
통장내역으로 
            연말정산서류를 대체
하실 수 있습니다.
※ 
            발급 신청방법은 다음과 같습니다.
구분
내용
콜센터(☎ 
                        1644 - 9999)
발급수수료는 
                        면제이며 팩스로 받아 보실 수 있습니다.
인터넷
(
                        인터넷뱅킹 가입
고객에 한함)
발급수수료 
                        면제
뱅킹관리 > 제증명발급 > 연말정산증명서 
            > 주택자금대출 상환증명서 >
발급신청 
                        메뉴를 이용하시어 상환증명서 발급이 가능합니다.
영업점
발급수수료
료 면제 
            (2007.3.12(월)부터 변경)
가까운 영업점에서 즉시 발급 받으실 
                        수 있습니다.
☞ [차주 본인 내점시] 본인의 실명확인증표 
            지참
☞ [그 외] 대리인의 실명확인증표, 차주 본인의 위임장 및 
            인감증명서에 의해<
본인
인 
            확인
영업점 
            공과금무인수납기(paywell)
발급수수료는 
                        면제이며,
고객님께서 영업점내에 설치된 공과금무인수납기(paywell)를 
            통해 직접 발급
받으실 수 있습니
다.",https://obank.kbstar.com/quics?page=C019774&boardId=685&compId=b033624&articleId=1256&bbsMode=view&viewPage=1&articleClass=&searchCondition=title&searchStr=,https://obank.kbstar.com/quics?page=C019774,4
마이너스통장을 이용하고 있습니다. 약정해지를 하고 싶은데 어떤 방법이 있나요??,"제목 없음
현재 이용중인 마이너스통장을 약정해지하는 방법
1. 가까운 영업점   방문 (본인만 가능)
2. 콜센터에 유선의뢰 (본인만 가능하며, 마이너스통장   계좌번호 및 비밀번호 일치시에만 가능)
3. 인터넷뱅킹상 해지처리 (인터넷뱅킹   가입자에 한해서만 가능)
참고로 약정해지를 하지 않더라도 마이너스통장은
통장의 잔액이 (+)상태일 경우      별도의 이자발생은 없으며
또한 마이너스통장 약정기한내에서는   긴급자금이   필요한 경우 언제든지  이용하실 수 있습니다.",https://obank.kbstar.com/quics?page=C019774&boardId=685&compId=b033624&articleId=708&bbsMode=view&viewPage=1&articleClass=&searchCondition=title&searchStr=,https://obank.kbstar.com/quics?page=C019774,4
저소득 근로자 또는 영세 사업자를 위한 대출이 있나요?,"제목 없음
제도권 금융소외 계층인 저소득 근로자 또는 영세 사업자를 위한 긴급자금
대출지원상품인               KB 새희망홀씨대출이 있습니다.
대출 신청자격은 개인신용평가시스템(CSS)에 의해 대출적격자로 판정된 만20세               이상인 국내거주
국민으로서 연간소득 3천만원 이하(다만,               CB등급이 5~10등급인 경우 연간소득 4천만원 이하)인
다음 각 항목의               1에 해당하는 저소득 근로자(영세 사업자 포함) 또는 2개월 이내 만기가               도래하는
20백만원 이하의 무보증신용대출을 장기전환으로 신청하는               고객
☞ CB등급은 한신평(KIS), 한신정(NICE), 올크레딧(KCB)중 1개 이상 회사가 5~10등급인 경우 인정
☞ 한국이지론(주)에서               소개한자 중 대출적격자로 판정된 고객포함
(1) 증빙소득서류 제출 고객(직업 및 소득 확인서류로 증빙된 소득)
(2) 국민연금보험료 또는 건강보험료(지역가입자인 세대주) 3개월 이상 정상납부액 기준으로              소득금액이
산출하는 고객. 다만, 주민등록등본상 단독세대는 제외
☞                          KB 새희망홀씨
바로가기",https://obank.kbstar.com/quics?page=C019774&boardId=685&compId=b033624&articleId=707&bbsMode=view&viewPage=1&articleClass=&searchCondition=title&searchStr=,https://obank.kbstar.com/quics?page=C019774,4
학자금대출은 어디에서 신청하나요?,"제목 없음
※ 한국장학재단 학자금               대출 업무가 2010년도 2 학기에는 등록 대상범위가 재학생으로 축소되어
한국장학 재단
에서               대출업무를 취급 하기로 결정되었습니다.
※ 모든 재단 업무제휴은행에서는               2010 년도 2 학기에 학자금 대출신청서 및 가족관계 서류 접수등               관련
업무를  취급하지               않습니다.
☞ 한국장학재단 홈페이지 :
www.kosaf.go.kr
☞ 한국장학재단 전화상담 : 1666-5114",https://obank.kbstar.com/quics?page=C019774&boardId=685&compId=b033624&articleId=706&bbsMode=view&viewPage=1&articleClass=&searchCondition=title&searchStr=,https://obank.kbstar.com/quics?page=C019774,4
군인 자격으로 대출을 받을 수 있나요?,"현재 저희 은행에서는 중사이상 5년이상 복무자를 대상으로 군인생활안정자금
대출 상품을               판매하고 있습니다.
☞                          군인생활안정자금 대출
바로가기",https://obank.kbstar.com/quics?page=C019774&boardId=685&compId=b033624&articleId=705&bbsMode=view&viewPage=1&articleClass=&searchCondition=title&searchStr=,https://obank.kbstar.com/quics?page=C019774,4
역모기지론 상품이 국민은행에도 있나요?,"네, 저희 은행에서는 KB실버주택연금론 상품이 있습니다.
한국주택금융공사의 주택담보노후연금보증서를 100%담보로 취득하여 주택은 소유하고 있으나
소득이 없는 고령자에게 연금식대출금 지급을 종신까지 보장하는 역모기지론 상품입니다.
☞                          KB실버주택연금론
바로가기",https://obank.kbstar.com/quics?page=C019774&boardId=685&compId=b033624&articleId=704&bbsMode=view&viewPage=1&articleClass=&searchCondition=title&searchStr=,https://obank.kbstar.com/quics?page=C019774,4
청약저축 통장을 담보로 대출 받고 싶습니다. 가능한가요?,"제목 없음
청약저축 통장에
납입금액의 95% 범위내
에서 대출이 가능합니다.
적용이율은 연 5.75%   입니다. (마이너스통장으로 약정시 0.5%가산 → 연6.25% 적용)
참고로 동 상품은   인터넷,폰뱅킹을 통해서는 대출 신청이 불가능하며,
예금주 본인이 청약저축통장과  주민등록증을 준비하시고
가까운 영업점에 방문
하시면   됩니다.",https://obank.kbstar.com/quics?page=C019774&boardId=685&compId=b033624&articleId=703&bbsMode=view&viewPage=1&articleClass=&searchCondition=title&searchStr=,https://obank.kbstar.com/quics?page=C019774,4
미성년자 소유의 주택을 담보로 대출을 받을 수 있습니까?,"제목 없음
현재 대출상담   접수일 현재 만 20세미만인 미성년자(기혼자 제외)에 대한
신규 주택담보대출(중도금대출   및 이주비대출, 채무인수 포함)은 취급이
불가
합니다.
→ [05. 8. 30   주택담보대출 리스크 강화로 미성년자 담보대출 취급 불가함]
다만, 소년소녀 가장   등 부모가 없는 미성년자의 경우는 예외 취급 가능합니다.",https://obank.kbstar.com/quics?page=C019774&boardId=685&compId=b033624&articleId=702&bbsMode=view&viewPage=1&articleClass=&searchCondition=title&searchStr=,https://obank.kbstar.com/quics?page=C019774,4
부채잔액증명서를 발급 받으려고 합니다. 아무지점이나 방문해도 되나요?,"제목 없음
네, 그렇습니다.
부채잔액증명서는
모든 영업점
에서 발급이 가능합니다.
본인이 방문할   경우 본인확인증표(주민등록증 등) 지참 후 방문하시면 됩니다.
만약 본인이   내점하지 못하는 경우 대출금거래장(통장) , 인감증명서 , 위임장(인감도장 날인)   ,
대리인의 본인확인증표(주민등록증 등) 지참 후 대리인이 방문하셔도 발급이   가능합니다.
발급수수료는   건당 2,000원이 부담됩니다.(Kb Star Club 고객등 수수료 면제대상이 있음)",https://obank.kbstar.com/quics?page=C019774&boardId=685&compId=b033624&articleId=700&bbsMode=view&viewPage=1&articleClass=&searchCondition=title&searchStr=,https://obank.kbstar.com/quics?page=C019774,4
근저당권설정비 반환 소송준비에 필요한 약정서등의 자료는 어떻게 제공받을 수 있나요?,"제목 없음
소송을 준비중인 고객님의 약정서 
            사본등을 제공 받으시려면
채무자 본인께서 대출관리점 또는 
            가까운 영업점으로 방문해 주셔야 합니다.
『금융거래정보제공(요청/동의)서』에 
            의해 채무자의 신청을 받아 본인확인절차를
거쳐 제공될 수 
            있기 때문입니다.",https://obank.kbstar.com/quics?page=C019774&boardId=685&compId=b033624&articleId=1278&bbsMode=view&viewPage=1&articleClass=&searchCondition=title&searchStr=,https://obank.kbstar.com/quics?page=C019774,5
대출금 연말정산(소득공제) 서류를 발급받고 싶습니다.,"제목 없음
대출금 연말정산 
            서류를 발급받는 방법은 콜센터 또는 인터넷을 통한 신청, 영업점 방문, 
영업점 공과금무인수납기를 통한 발급이 있습니다.
☞ 
            기존 대출금 연말정산 서류를 원천징수사업장에 제출한 경험이 있으신 
            고객님께서는
당해년도 상환내역이 
기재된
통장내역으로 
            연말정산서류를 대체
하실 수 있습니다.
※ 
            발급 신청방법은 다음과 같습니다.
구분
내용
콜센터(☎ 
                        1644 - 9999)
발급수수료는 
                        면제이며 팩스로 받아 보실 수 있습니다.
인터넷
(
                        인터넷뱅킹 가입
고객에 한함)
발급수수료 
                        면제
뱅킹관리 > 제증명발급 > 연말정산증명서 
            > 주택자금대출 상환증명서 >
발급신청 
                        메뉴를 이용하시어 상환증명서 발급이 가능합니다.
영업점
발급수수료
료 면제 
            (2007.3.12(월)부터 변경)
가까운 영업점에서 즉시 발급 받으실 
                        수 있습니다.
☞ [차주 본인 내점시] 본인의 실명확인증표 
            지참
☞ [그 외] 대리인의 실명확인증표, 차주 본인의 위임장 및 
            인감증명서에 의해<
본인
인 
            확인
영업점 
            공과금무인수납기(paywell)
발급수수료는 
                        면제이며,
고객님께서 영업점내에 설치된 공과금무인수납기(paywell)를 
            통해 직접 발급
받으실 수 있습니
다.",https://obank.kbstar.com/quics?page=C019774&boardId=685&compId=b033624&articleId=1256&bbsMode=view&viewPage=1&articleClass=&searchCondition=title&searchStr=,https://obank.kbstar.com/quics?page=C019774,5
마이너스통장을 이용하고 있습니다. 약정해지를 하고 싶은데 어떤 방법이 있나요??,"제목 없음
현재 이용중인 마이너스통장을 약정해지하는 방법
1. 가까운 영업점   방문 (본인만 가능)
2. 콜센터에 유선의뢰 (본인만 가능하며, 마이너스통장   계좌번호 및 비밀번호 일치시에만 가능)
3. 인터넷뱅킹상 해지처리 (인터넷뱅킹   가입자에 한해서만 가능)
참고로 약정해지를 하지 않더라도 마이너스통장은
통장의 잔액이 (+)상태일 경우      별도의 이자발생은 없으며
또한 마이너스통장 약정기한내에서는   긴급자금이   필요한 경우 언제든지  이용하실 수 있습니다.",https://obank.kbstar.com/quics?page=C019774&boardId=685&compId=b033624&articleId=708&bbsMode=view&viewPage=1&articleClass=&searchCondition=title&searchStr=,https://obank.kbstar.com/quics?page=C019774,5
저소득 근로자 또는 영세 사업자를 위한 대출이 있나요?,"제목 없음
제도권 금융소외 계층인 저소득 근로자 또는 영세 사업자를 위한 긴급자금
대출지원상품인               KB 새희망홀씨대출이 있습니다.
대출 신청자격은 개인신용평가시스템(CSS)에 의해 대출적격자로 판정된 만20세               이상인 국내거주
국민으로서 연간소득 3천만원 이하(다만,               CB등급이 5~10등급인 경우 연간소득 4천만원 이하)인
다음 각 항목의               1에 해당하는 저소득 근로자(영세 사업자 포함) 또는 2개월 이내 만기가               도래하는
20백만원 이하의 무보증신용대출을 장기전환으로 신청하는               고객
☞ CB등급은 한신평(KIS), 한신정(NICE), 올크레딧(KCB)중 1개 이상 회사가 5~10등급인 경우 인정
☞ 한국이지론(주)에서               소개한자 중 대출적격자로 판정된 고객포함
(1) 증빙소득서류 제출 고객(직업 및 소득 확인서류로 증빙된 소득)
(2) 국민연금보험료 또는 건강보험료(지역가입자인 세대주) 3개월 이상 정상납부액 기준으로              소득금액이
산출하는 고객. 다만, 주민등록등본상 단독세대는 제외
☞                          KB 새희망홀씨
바로가기",https://obank.kbstar.com/quics?page=C019774&boardId=685&compId=b033624&articleId=707&bbsMode=view&viewPage=1&articleClass=&searchCondition=title&searchStr=,https://obank.kbstar.com/quics?page=C019774,5
학자금대출은 어디에서 신청하나요?,"제목 없음
※ 한국장학재단 학자금               대출 업무가 2010년도 2 학기에는 등록 대상범위가 재학생으로 축소되어
한국장학 재단
에서               대출업무를 취급 하기로 결정되었습니다.
※ 모든 재단 업무제휴은행에서는               2010 년도 2 학기에 학자금 대출신청서 및 가족관계 서류 접수등               관련
업무를  취급하지               않습니다.
☞ 한국장학재단 홈페이지 :
www.kosaf.go.kr
☞ 한국장학재단 전화상담 : 1666-5114",https://obank.kbstar.com/quics?page=C019774&boardId=685&compId=b033624&articleId=706&bbsMode=view&viewPage=1&articleClass=&searchCondition=title&searchStr=,https://obank.kbstar.com/quics?page=C019774,5
군인 자격으로 대출을 받을 수 있나요?,"현재 저희 은행에서는 중사이상 5년이상 복무자를 대상으로 군인생활안정자금
대출 상품을               판매하고 있습니다.
☞                          군인생활안정자금 대출
바로가기",https://obank.kbstar.com/quics?page=C019774&boardId=685&compId=b033624&articleId=705&bbsMode=view&viewPage=1&articleClass=&searchCondition=title&searchStr=,https://obank.kbstar.com/quics?page=C019774,5
역모기지론 상품이 국민은행에도 있나요?,"네, 저희 은행에서는 KB실버주택연금론 상품이 있습니다.
한국주택금융공사의 주택담보노후연금보증서를 100%담보로 취득하여 주택은 소유하고 있으나
소득이 없는 고령자에게 연금식대출금 지급을 종신까지 보장하는 역모기지론 상품입니다.
☞                          KB실버주택연금론
바로가기",https://obank.kbstar.com/quics?page=C019774&boardId=685&compId=b033624&articleId=704&bbsMode=view&viewPage=1&articleClass=&searchCondition=title&searchStr=,https://obank.kbstar.com/quics?page=C019774,5
청약저축 통장을 담보로 대출 받고 싶습니다. 가능한가요?,"제목 없음
청약저축 통장에
납입금액의 95% 범위내
에서 대출이 가능합니다.
적용이율은 연 5.75%   입니다. (마이너스통장으로 약정시 0.5%가산 → 연6.25% 적용)
참고로 동 상품은   인터넷,폰뱅킹을 통해서는 대출 신청이 불가능하며,
예금주 본인이 청약저축통장과  주민등록증을 준비하시고
가까운 영업점에 방문
하시면   됩니다.",https://obank.kbstar.com/quics?page=C019774&boardId=685&compId=b033624&articleId=703&bbsMode=view&viewPage=1&articleClass=&searchCondition=title&searchStr=,https://obank.kbstar.com/quics?page=C019774,5
미성년자 소유의 주택을 담보로 대출을 받을 수 있습니까?,"제목 없음
현재 대출상담   접수일 현재 만 20세미만인 미성년자(기혼자 제외)에 대한
신규 주택담보대출(중도금대출   및 이주비대출, 채무인수 포함)은 취급이
불가
합니다.
→ [05. 8. 30   주택담보대출 리스크 강화로 미성년자 담보대출 취급 불가함]
다만, 소년소녀 가장   등 부모가 없는 미성년자의 경우는 예외 취급 가능합니다.",https://obank.kbstar.com/quics?page=C019774&boardId=685&compId=b033624&articleId=702&bbsMode=view&viewPage=1&articleClass=&searchCondition=title&searchStr=,https://obank.kbstar.com/quics?page=C019774,5
부채잔액증명서를 발급 받으려고 합니다. 아무지점이나 방문해도 되나요?,"제목 없음
네, 그렇습니다.
부채잔액증명서는
모든 영업점
에서 발급이 가능합니다.
본인이 방문할   경우 본인확인증표(주민등록증 등) 지참 후 방문하시면 됩니다.
만약 본인이   내점하지 못하는 경우 대출금거래장(통장) , 인감증명서 , 위임장(인감도장 날인)   ,
대리인의 본인확인증표(주민등록증 등) 지참 후 대리인이 방문하셔도 발급이   가능합니다.
발급수수료는   건당 2,000원이 부담됩니다.(Kb Star Club 고객등 수수료 면제대상이 있음)",https://obank.kbstar.com/quics?page=C019774&boardId=685&compId=b033624&articleId=700&bbsMode=view&viewPage=1&articleClass=&searchCondition=title&searchStr=,https://obank.kbstar.com/quics?page=C019774,5
근저당권설정비 반환 소송준비에 필요한 약정서등의 자료는 어떻게 제공받을 수 있나요?,"제목 없음
소송을 준비중인 고객님의 약정서 
            사본등을 제공 받으시려면
채무자 본인께서 대출관리점 또는 
            가까운 영업점으로 방문해 주셔야 합니다.
『금융거래정보제공(요청/동의)서』에 
            의해 채무자의 신청을 받아 본인확인절차를
거쳐 제공될 수 
            있기 때문입니다.",https://obank.kbstar.com/quics?page=C019774&boardId=685&compId=b033624&articleId=1278&bbsMode=view&viewPage=1&articleClass=&searchCondition=title&searchStr=,https://obank.kbstar.com/quics?page=C019774,6
대출금 연말정산(소득공제) 서류를 발급받고 싶습니다.,"제목 없음
대출금 연말정산 
            서류를 발급받는 방법은 콜센터 또는 인터넷을 통한 신청, 영업점 방문, 
영업점 공과금무인수납기를 통한 발급이 있습니다.
☞ 
            기존 대출금 연말정산 서류를 원천징수사업장에 제출한 경험이 있으신 
            고객님께서는
당해년도 상환내역이 
기재된
통장내역으로 
            연말정산서류를 대체
하실 수 있습니다.
※ 
            발급 신청방법은 다음과 같습니다.
구분
내용
콜센터(☎ 
                        1644 - 9999)
발급수수료는 
                        면제이며 팩스로 받아 보실 수 있습니다.
인터넷
(
                        인터넷뱅킹 가입
고객에 한함)
발급수수료 
                        면제
뱅킹관리 > 제증명발급 > 연말정산증명서 
            > 주택자금대출 상환증명서 >
발급신청 
                        메뉴를 이용하시어 상환증명서 발급이 가능합니다.
영업점
발급수수료
료 면제 
            (2007.3.12(월)부터 변경)
가까운 영업점에서 즉시 발급 받으실 
                        수 있습니다.
☞ [차주 본인 내점시] 본인의 실명확인증표 
            지참
☞ [그 외] 대리인의 실명확인증표, 차주 본인의 위임장 및 
            인감증명서에 의해<
본인
인 
            확인
영업점 
            공과금무인수납기(paywell)
발급수수료는 
                        면제이며,
고객님께서 영업점내에 설치된 공과금무인수납기(paywell)를 
            통해 직접 발급
받으실 수 있습니
다.",https://obank.kbstar.com/quics?page=C019774&boardId=685&compId=b033624&articleId=1256&bbsMode=view&viewPage=1&articleClass=&searchCondition=title&searchStr=,https://obank.kbstar.com/quics?page=C019774,6
마이너스통장을 이용하고 있습니다. 약정해지를 하고 싶은데 어떤 방법이 있나요??,"제목 없음
현재 이용중인 마이너스통장을 약정해지하는 방법
1. 가까운 영업점   방문 (본인만 가능)
2. 콜센터에 유선의뢰 (본인만 가능하며, 마이너스통장   계좌번호 및 비밀번호 일치시에만 가능)
3. 인터넷뱅킹상 해지처리 (인터넷뱅킹   가입자에 한해서만 가능)
참고로 약정해지를 하지 않더라도 마이너스통장은
통장의 잔액이 (+)상태일 경우      별도의 이자발생은 없으며
또한 마이너스통장 약정기한내에서는   긴급자금이   필요한 경우 언제든지  이용하실 수 있습니다.",https://obank.kbstar.com/quics?page=C019774&boardId=685&compId=b033624&articleId=708&bbsMode=view&viewPage=1&articleClass=&searchCondition=title&searchStr=,https://obank.kbstar.com/quics?page=C019774,6
저소득 근로자 또는 영세 사업자를 위한 대출이 있나요?,"제목 없음
제도권 금융소외 계층인 저소득 근로자 또는 영세 사업자를 위한 긴급자금
대출지원상품인               KB 새희망홀씨대출이 있습니다.
대출 신청자격은 개인신용평가시스템(CSS)에 의해 대출적격자로 판정된 만20세               이상인 국내거주
국민으로서 연간소득 3천만원 이하(다만,               CB등급이 5~10등급인 경우 연간소득 4천만원 이하)인
다음 각 항목의               1에 해당하는 저소득 근로자(영세 사업자 포함) 또는 2개월 이내 만기가               도래하는
20백만원 이하의 무보증신용대출을 장기전환으로 신청하는               고객
☞ CB등급은 한신평(KIS), 한신정(NICE), 올크레딧(KCB)중 1개 이상 회사가 5~10등급인 경우 인정
☞ 한국이지론(주)에서               소개한자 중 대출적격자로 판정된 고객포함
(1) 증빙소득서류 제출 고객(직업 및 소득 확인서류로 증빙된 소득)
(2) 국민연금보험료 또는 건강보험료(지역가입자인 세대주) 3개월 이상 정상납부액 기준으로              소득금액이
산출하는 고객. 다만, 주민등록등본상 단독세대는 제외
☞                          KB 새희망홀씨
바로가기",https://obank.kbstar.com/quics?page=C019774&boardId=685&compId=b033624&articleId=707&bbsMode=view&viewPage=1&articleClass=&searchCondition=title&searchStr=,https://obank.kbstar.com/quics?page=C019774,6
학자금대출은 어디에서 신청하나요?,"제목 없음
※ 한국장학재단 학자금               대출 업무가 2010년도 2 학기에는 등록 대상범위가 재학생으로 축소되어
한국장학 재단
에서               대출업무를 취급 하기로 결정되었습니다.
※ 모든 재단 업무제휴은행에서는               2010 년도 2 학기에 학자금 대출신청서 및 가족관계 서류 접수등               관련
업무를  취급하지               않습니다.
☞ 한국장학재단 홈페이지 :
www.kosaf.go.kr
☞ 한국장학재단 전화상담 : 1666-5114",https://obank.kbstar.com/quics?page=C019774&boardId=685&compId=b033624&articleId=706&bbsMode=view&viewPage=1&articleClass=&searchCondition=title&searchStr=,https://obank.kbstar.com/quics?page=C019774,6
군인 자격으로 대출을 받을 수 있나요?,"현재 저희 은행에서는 중사이상 5년이상 복무자를 대상으로 군인생활안정자금
대출 상품을               판매하고 있습니다.
☞                          군인생활안정자금 대출
바로가기",https://obank.kbstar.com/quics?page=C019774&boardId=685&compId=b033624&articleId=705&bbsMode=view&viewPage=1&articleClass=&searchCondition=title&searchStr=,https://obank.kbstar.com/quics?page=C019774,6
역모기지론 상품이 국민은행에도 있나요?,"네, 저희 은행에서는 KB실버주택연금론 상품이 있습니다.
한국주택금융공사의 주택담보노후연금보증서를 100%담보로 취득하여 주택은 소유하고 있으나
소득이 없는 고령자에게 연금식대출금 지급을 종신까지 보장하는 역모기지론 상품입니다.
☞                          KB실버주택연금론
바로가기",https://obank.kbstar.com/quics?page=C019774&boardId=685&compId=b033624&articleId=704&bbsMode=view&viewPage=1&articleClass=&searchCondition=title&searchStr=,https://obank.kbstar.com/quics?page=C019774,6
청약저축 통장을 담보로 대출 받고 싶습니다. 가능한가요?,"제목 없음
청약저축 통장에
납입금액의 95% 범위내
에서 대출이 가능합니다.
적용이율은 연 5.75%   입니다. (마이너스통장으로 약정시 0.5%가산 → 연6.25% 적용)
참고로 동 상품은   인터넷,폰뱅킹을 통해서는 대출 신청이 불가능하며,
예금주 본인이 청약저축통장과  주민등록증을 준비하시고
가까운 영업점에 방문
하시면   됩니다.",https://obank.kbstar.com/quics?page=C019774&boardId=685&compId=b033624&articleId=703&bbsMode=view&viewPage=1&articleClass=&searchCondition=title&searchStr=,https://obank.kbstar.com/quics?page=C019774,6
미성년자 소유의 주택을 담보로 대출을 받을 수 있습니까?,"제목 없음
현재 대출상담   접수일 현재 만 20세미만인 미성년자(기혼자 제외)에 대한
신규 주택담보대출(중도금대출   및 이주비대출, 채무인수 포함)은 취급이
불가
합니다.
→ [05. 8. 30   주택담보대출 리스크 강화로 미성년자 담보대출 취급 불가함]
다만, 소년소녀 가장   등 부모가 없는 미성년자의 경우는 예외 취급 가능합니다.",https://obank.kbstar.com/quics?page=C019774&boardId=685&compId=b033624&articleId=702&bbsMode=view&viewPage=1&articleClass=&searchCondition=title&searchStr=,https://obank.kbstar.com/quics?page=C019774,6
부채잔액증명서를 발급 받으려고 합니다. 아무지점이나 방문해도 되나요?,"제목 없음
네, 그렇습니다.
부채잔액증명서는
모든 영업점
에서 발급이 가능합니다.
본인이 방문할   경우 본인확인증표(주민등록증 등) 지참 후 방문하시면 됩니다.
만약 본인이   내점하지 못하는 경우 대출금거래장(통장) , 인감증명서 , 위임장(인감도장 날인)   ,
대리인의 본인확인증표(주민등록증 등) 지참 후 대리인이 방문하셔도 발급이   가능합니다.
발급수수료는   건당 2,000원이 부담됩니다.(Kb Star Club 고객등 수수료 면제대상이 있음)",https://obank.kbstar.com/quics?page=C019774&boardId=685&compId=b033624&articleId=700&bbsMode=view&viewPage=1&articleClass=&searchCondition=title&searchStr=,https://obank.kbstar.com/quics?page=C019774,6
근저당권설정비 반환 소송준비에 필요한 약정서등의 자료는 어떻게 제공받을 수 있나요?,"제목 없음
소송을 준비중인 고객님의 약정서 
            사본등을 제공 받으시려면
채무자 본인께서 대출관리점 또는 
            가까운 영업점으로 방문해 주셔야 합니다.
『금융거래정보제공(요청/동의)서』에 
            의해 채무자의 신청을 받아 본인확인절차를
거쳐 제공될 수 
            있기 때문입니다.",https://obank.kbstar.com/quics?page=C019774&boardId=685&compId=b033624&articleId=1278&bbsMode=view&viewPage=1&articleClass=&searchCondition=title&searchStr=,https://obank.kbstar.com/quics?page=C019774,7
대출금 연말정산(소득공제) 서류를 발급받고 싶습니다.,"제목 없음
대출금 연말정산 
            서류를 발급받는 방법은 콜센터 또는 인터넷을 통한 신청, 영업점 방문, 
영업점 공과금무인수납기를 통한 발급이 있습니다.
☞ 
            기존 대출금 연말정산 서류를 원천징수사업장에 제출한 경험이 있으신 
            고객님께서는
당해년도 상환내역이 
기재된
통장내역으로 
            연말정산서류를 대체
하실 수 있습니다.
※ 
            발급 신청방법은 다음과 같습니다.
구분
내용
콜센터(☎ 
                        1644 - 9999)
발급수수료는 
                        면제이며 팩스로 받아 보실 수 있습니다.
인터넷
(
                        인터넷뱅킹 가입
고객에 한함)
발급수수료 
                        면제
뱅킹관리 > 제증명발급 > 연말정산증명서 
            > 주택자금대출 상환증명서 >
발급신청 
                        메뉴를 이용하시어 상환증명서 발급이 가능합니다.
영업점
발급수수료
료 면제 
            (2007.3.12(월)부터 변경)
가까운 영업점에서 즉시 발급 받으실 
                        수 있습니다.
☞ [차주 본인 내점시] 본인의 실명확인증표 
            지참
☞ [그 외] 대리인의 실명확인증표, 차주 본인의 위임장 및 
            인감증명서에 의해<
본인
인 
            확인
영업점 
            공과금무인수납기(paywell)
발급수수료는 
                        면제이며,
고객님께서 영업점내에 설치된 공과금무인수납기(paywell)를 
            통해 직접 발급
받으실 수 있습니
다.",https://obank.kbstar.com/quics?page=C019774&boardId=685&compId=b033624&articleId=1256&bbsMode=view&viewPage=1&articleClass=&searchCondition=title&searchStr=,https://obank.kbstar.com/quics?page=C019774,7
마이너스통장을 이용하고 있습니다. 약정해지를 하고 싶은데 어떤 방법이 있나요??,"제목 없음
현재 이용중인 마이너스통장을 약정해지하는 방법
1. 가까운 영업점   방문 (본인만 가능)
2. 콜센터에 유선의뢰 (본인만 가능하며, 마이너스통장   계좌번호 및 비밀번호 일치시에만 가능)
3. 인터넷뱅킹상 해지처리 (인터넷뱅킹   가입자에 한해서만 가능)
참고로 약정해지를 하지 않더라도 마이너스통장은
통장의 잔액이 (+)상태일 경우      별도의 이자발생은 없으며
또한 마이너스통장 약정기한내에서는   긴급자금이   필요한 경우 언제든지  이용하실 수 있습니다.",https://obank.kbstar.com/quics?page=C019774&boardId=685&compId=b033624&articleId=708&bbsMode=view&viewPage=1&articleClass=&searchCondition=title&searchStr=,https://obank.kbstar.com/quics?page=C019774,7
저소득 근로자 또는 영세 사업자를 위한 대출이 있나요?,"제목 없음
제도권 금융소외 계층인 저소득 근로자 또는 영세 사업자를 위한 긴급자금
대출지원상품인               KB 새희망홀씨대출이 있습니다.
대출 신청자격은 개인신용평가시스템(CSS)에 의해 대출적격자로 판정된 만20세               이상인 국내거주
국민으로서 연간소득 3천만원 이하(다만,               CB등급이 5~10등급인 경우 연간소득 4천만원 이하)인
다음 각 항목의               1에 해당하는 저소득 근로자(영세 사업자 포함) 또는 2개월 이내 만기가               도래하는
20백만원 이하의 무보증신용대출을 장기전환으로 신청하는               고객
☞ CB등급은 한신평(KIS), 한신정(NICE), 올크레딧(KCB)중 1개 이상 회사가 5~10등급인 경우 인정
☞ 한국이지론(주)에서               소개한자 중 대출적격자로 판정된 고객포함
(1) 증빙소득서류 제출 고객(직업 및 소득 확인서류로 증빙된 소득)
(2) 국민연금보험료 또는 건강보험료(지역가입자인 세대주) 3개월 이상 정상납부액 기준으로              소득금액이
산출하는 고객. 다만, 주민등록등본상 단독세대는 제외
☞                          KB 새희망홀씨
바로가기",https://obank.kbstar.com/quics?page=C019774&boardId=685&compId=b033624&articleId=707&bbsMode=view&viewPage=1&articleClass=&searchCondition=title&searchStr=,https://obank.kbstar.com/quics?page=C019774,7
학자금대출은 어디에서 신청하나요?,"제목 없음
※ 한국장학재단 학자금               대출 업무가 2010년도 2 학기에는 등록 대상범위가 재학생으로 축소되어
한국장학 재단
에서               대출업무를 취급 하기로 결정되었습니다.
※ 모든 재단 업무제휴은행에서는               2010 년도 2 학기에 학자금 대출신청서 및 가족관계 서류 접수등               관련
업무를  취급하지               않습니다.
☞ 한국장학재단 홈페이지 :
www.kosaf.go.kr
☞ 한국장학재단 전화상담 : 1666-5114",https://obank.kbstar.com/quics?page=C019774&boardId=685&compId=b033624&articleId=706&bbsMode=view&viewPage=1&articleClass=&searchCondition=title&searchStr=,https://obank.kbstar.com/quics?page=C019774,7
군인 자격으로 대출을 받을 수 있나요?,"현재 저희 은행에서는 중사이상 5년이상 복무자를 대상으로 군인생활안정자금
대출 상품을               판매하고 있습니다.
☞                          군인생활안정자금 대출
바로가기",https://obank.kbstar.com/quics?page=C019774&boardId=685&compId=b033624&articleId=705&bbsMode=view&viewPage=1&articleClass=&searchCondition=title&searchStr=,https://obank.kbstar.com/quics?page=C019774,7
역모기지론 상품이 국민은행에도 있나요?,"네, 저희 은행에서는 KB실버주택연금론 상품이 있습니다.
한국주택금융공사의 주택담보노후연금보증서를 100%담보로 취득하여 주택은 소유하고 있으나
소득이 없는 고령자에게 연금식대출금 지급을 종신까지 보장하는 역모기지론 상품입니다.
☞                          KB실버주택연금론
바로가기",https://obank.kbstar.com/quics?page=C019774&boardId=685&compId=b033624&articleId=704&bbsMode=view&viewPage=1&articleClass=&searchCondition=title&searchStr=,https://obank.kbstar.com/quics?page=C019774,7
청약저축 통장을 담보로 대출 받고 싶습니다. 가능한가요?,"제목 없음
청약저축 통장에
납입금액의 95% 범위내
에서 대출이 가능합니다.
적용이율은 연 5.75%   입니다. (마이너스통장으로 약정시 0.5%가산 → 연6.25% 적용)
참고로 동 상품은   인터넷,폰뱅킹을 통해서는 대출 신청이 불가능하며,
예금주 본인이 청약저축통장과  주민등록증을 준비하시고
가까운 영업점에 방문
하시면   됩니다.",https://obank.kbstar.com/quics?page=C019774&boardId=685&compId=b033624&articleId=703&bbsMode=view&viewPage=1&articleClass=&searchCondition=title&searchStr=,https://obank.kbstar.com/quics?page=C019774,7
미성년자 소유의 주택을 담보로 대출을 받을 수 있습니까?,"제목 없음
현재 대출상담   접수일 현재 만 20세미만인 미성년자(기혼자 제외)에 대한
신규 주택담보대출(중도금대출   및 이주비대출, 채무인수 포함)은 취급이
불가
합니다.
→ [05. 8. 30   주택담보대출 리스크 강화로 미성년자 담보대출 취급 불가함]
다만, 소년소녀 가장   등 부모가 없는 미성년자의 경우는 예외 취급 가능합니다.",https://obank.kbstar.com/quics?page=C019774&boardId=685&compId=b033624&articleId=702&bbsMode=view&viewPage=1&articleClass=&searchCondition=title&searchStr=,https://obank.kbstar.com/quics?page=C019774,7
부채잔액증명서를 발급 받으려고 합니다. 아무지점이나 방문해도 되나요?,"제목 없음
네, 그렇습니다.
부채잔액증명서는
모든 영업점
에서 발급이 가능합니다.
본인이 방문할   경우 본인확인증표(주민등록증 등) 지참 후 방문하시면 됩니다.
만약 본인이   내점하지 못하는 경우 대출금거래장(통장) , 인감증명서 , 위임장(인감도장 날인)   ,
대리인의 본인확인증표(주민등록증 등) 지참 후 대리인이 방문하셔도 발급이   가능합니다.
발급수수료는   건당 2,000원이 부담됩니다.(Kb Star Club 고객등 수수료 면제대상이 있음)",https://obank.kbstar.com/quics?page=C019774&boardId=685&compId=b033624&articleId=700&bbsMode=view&viewPage=1&articleClass=&searchCondition=title&searchStr=,https://obank.kbstar.com/quics?page=C019774,7
인터넷을 통한 해외은행송금과 영업점에 방문하여 해외은행으로 송금하는 경우 어느 방법이 더 유리한가요?,"제목 없음
인터넷을 통한   해외은행송금시  매매마진율의 30%가 환율우대   적용되어
(영업시간 09:10~15:50 이내에 거래할 경우 환율우대 가능)영업점에서 송금하시는것 보다 더 유리합니다.
해외은행송금시 적용환율   및 수수료는 다음과 같습니다.
구               분
인터넷을               통한 해외송금
영업점을               통한 해외송금
외화송금
수수료
- USD  5,000 이하 : 3,000원
- USD  5,000 초과 : 5,000원
(USD를 제외한 기타통화는 USD 상당액 기준)
※ MVP스타고객 면제 (플래티늄 S회원을 제외한 플래티늄 카드 회원포함) 및 로얄스타   50% 감면
- USD  2,000 이하 : 10,000원
- USD  5,000 이하 : 15,000원
- USD   10,000 이하 : 20,000원
- USD 10,000 초과 : 25,000원
(USD를 제외한   기타통화는 USD 상당액 기준)
※ MVP스타고객 면제 (플래티늄 S회원을               제외한
플래티늄 카드 회원포함) 및 로얄스타   50% 감면
전신료
5,000원
8,000원
중계은행
수수료
약 $15 ~$18
해외중계은행수수료                           부담은 수취인 또는
송금인으로 정할수 있습니다.
(단 JPY(엔화)인 경우와 수취인 국가가
캄보디아인                           경우에는 수취인 부담만 가능)
약 $15 ~$18
해외중계은행수수료                           부담은 수취인 또는 송금인으로 정할
수 있습니다.
(송금신청인부담 시  JPY(엔화) 중계수수료가                           사후 청구됨)",https://obank.kbstar.com/quics?page=C019777&boardId=682&compId=b033581&articleId=549&bbsMode=view&viewPage=1&articleClass=1&searchCondition=title&searchStr=,https://obank.kbstar.com/quics?page=C019777,1
KB네트워크환전 거래 후 취소가 가능한가요?,"제목 없음
KB네트워크환전   거래   완료 후 취소는 불가능합니다.
다만,  KB네트워크환전 서비스를 통해 환전한 거래에   대해 외화실물을 수령하지 않은
상태라면
KB네트워크환전 파실 때(되팔기)  서비스
를 이용하여   영업점 또는 인터넷을
통해 매도거래가 가능합니다.",https://obank.kbstar.com/quics?page=C019777&boardId=682&compId=b033581&articleId=547&bbsMode=view&viewPage=1&articleClass=1&searchCondition=title&searchStr=,https://obank.kbstar.com/quics?page=C019777,1
월드링크 수표발행 서비스가 무엇인가요?,"제목 없음
고객님의 송금 수표 발행 요청에 대해 수표 발행부터 수취인 앞          배송까지 ONE STOP으로 처리해 드리는
국내 최초 서비스입니다.",https://obank.kbstar.com/quics?page=C019777&boardId=682&compId=b033581&articleId=546&bbsMode=view&viewPage=1&articleClass=1&searchCondition=title&searchStr=,https://obank.kbstar.com/quics?page=C019777,1
해외에서 국내로 송금할 경우 외화통장과 원화통장으로 입금시 적용되는 환율과 수수료는 어떻게 되나요?,"제목 없음
현재 외국에서   국내로 송금시 수취 계좌(입금받을 계좌)는 당행의 원화통장 또는 외화통장으로
지정하여   송금이 가능합니다.
즉, 원화계좌로   지정하여 입금시에는 저희은행 입금시점에 전신환매입율을 적용하여 고객님의
수취계좌로   입금(원화)되며, 외화계좌일 경우 송금된 외화로 입금 됩니다.
단, 고객님께서   외국에서 송금하신 금액은 중계은행수수료가 먼저 공제된 후 외국에서 당행으로 입금이
되며, 당행으로 입금된 금액에서 아래의 타발송금 수수료가 공제되니 이 점 거래에   참고하시길 바랍니다.
<수수료 징수기준>
구               분
징수기준
면제기준
외화표시               타발송금
건당,               10,000원
-               미화 100불 상당액 미만인 경우
- 미화 2만불초과 포지션               발생하는
경우
- MVP               스타고객 면제(로얄스타 50%
감면)
원화표시               타발송금
-               500만원 이하 : 1만원
- 500만원 초과 ~ 1,000만원 이하 :               2만원
- 1,000만원 초과 : 3만원
원화               10만원 미만 : 면제
MVP               스타고객 면제(로얄스타 50%
감면)",https://obank.kbstar.com/quics?page=C019777&boardId=682&compId=b033581&articleId=545&bbsMode=view&viewPage=1&articleClass=1&searchCondition=title&searchStr=,https://obank.kbstar.com/quics?page=C019777,1
웨스턴유니온특급송금으로 송금하였는데 취소가 가능한가요?,"제목 없음
웨스턴유니온특급송금거래 완료후 송금 취소는              불가능합니다.",https://obank.kbstar.com/quics?page=C019777&boardId=682&compId=b033581&articleId=544&bbsMode=view&viewPage=1&articleClass=1&searchCondition=title&searchStr=,https://obank.kbstar.com/quics?page=C019777,1
해외 겸용 직불카드로 해외 자동화기기에서 통장 잔액을 출금하는것과 직불가맹점에서 직접 물건을 사는것 중 어느 방법이 더 유리한가요?,"제목 없음
해외에   있는 자동화기기를 통한 현금 인출과 직불가맹점 이용시 발생되는 기본 수수료만으로
보았을때 가맹점 이용이 조금 더 유리합니다.
다만 사용 시점에   적용될 환율에 따라서 금액은 다소 차이가 발생될 수 있습니다.
또한    직불가맹점에서 여러건 결재(5건이상)할 경우 현금인출보다 수수료가 더 발생할   수 있으므로
사용금액을 예상할 수 있다면 현금인출하는 것이 더 유리할 수 있습니다.
해외에서   이용시 수수료는 이용국가의 화폐가 아닌 미화(USD)를 기준으로 계산되어 인출됩니다.
적용   환율은 출금 당시의 전신환 매도율이 적용되며 이용 수수료는 다음과 같습니다.
-   현금인출 : 건별 기본수수료(2$) + Master카드 브랜드 수수료 (대략 청구원금X1.0%)
*   예금 잔액조회시 0.5$ 수수료가 적용
- 직불가맹점 이용시 : 건별 기본   수수료 (0.5$) + 국외이용수수료 (이용금액의 1.0%)",https://obank.kbstar.com/quics?page=C019777&boardId=682&compId=b033581&articleId=543&bbsMode=view&viewPage=1&articleClass=1&searchCondition=title&searchStr=,https://obank.kbstar.com/quics?page=C019777,1
보유 외화를 인터넷을 통해 팔 수 있나요?,"제목 없음
KB네트워크환전 파실 때(되팔기) 거래는 외화현찰 및 여행자 수표를 ‘인터넷(모바일)   또는 KB영업점을
통해 사실 때’ 거래 신청 등록을 하시고 영업점에서 실물을 수령하지 않은 고객만 이용하실   수 있습니다.
따라서,  이미 실물을 수령한 고객이나 단순히   외화 실물을 보유한 고객이 외화를 팔고자 하는 경우에는
영업점을 방문하여 처리하여야   합니다.
KB네트워크환전 파실 때(되팔기)거래 완료 후 에는 취소가 불가능합니다.
*   KB네트워크환전   파실 때(되팔기) 거래시 통화별 환율 우대율
환율우대율
통               화
60%
-               USD, JPY, EUR
40%
-               GBP, CAD, AUD, NZD, HKD, SGD, CNY, CHF, SEK, NOK, THB, BRL, BND,
DKK, PHP, TWD, ZAR, PKR, BDT, MXN
20%
-               MYR, SAR, EGP, ILS, HUF, JOD, INR, AED, KWD, BHD, PLN, RUB, VND,
IDR, KZT",https://obank.kbstar.com/quics?page=C019777&boardId=682&compId=b033581&articleId=542&bbsMode=view&viewPage=1&articleClass=1&searchCondition=title&searchStr=,https://obank.kbstar.com/quics?page=C019777,1
자동화기기를 통해 해외송금하려면 어떻게 해야하나요?,"자동화기기(CD, ATM)에서 송금할 수 있는 방법은 최근 송금내역을 조회 후 송금하시거나
영업점을 방문하시어 송금하고자하는 해외은행 및 수취인에 대한 정보를 사전에 등록하고 송금하시는
두가지의 방법이 있습니다.
자세히보기
소액송금(미화 1,000불 상당액이하), 증빙서류 미제출송금, 유학생,체재자, 외국인 국내보수, 
재외동포 국내재산반출, 해외이주비를 송금하실 수 있으며 휴일을 포함하여 03:00~23:00 까지 거래 가능합니다.
( 매월 셋째 주 일요일 00:00 ~ 06:00 및 매월 마지막 영업일 22:00부터 익일 03:00까지는 거래가 불가 )
또한 전신료 5,000원만 징수하며 송금수수료 전액을 면제해드립니다.",https://obank.kbstar.com/quics?page=C019777&boardId=682&compId=b033581&articleId=541&bbsMode=view&viewPage=1&articleClass=1&searchCondition=title&searchStr=,https://obank.kbstar.com/quics?page=C019777,1
맞춤환율통지 서비스의 유효기간은 어떻게 됩니까?,"맞춤환율통지 서비스의 유효기간은 신청일로부터 3개월이며, 이 기간 내 은행 고시환율이 고객님께서
등록하신 환율범위에 도달하지 않은 경우 재등록 하셔야 됩니다.",https://obank.kbstar.com/quics?page=C019777&boardId=682&compId=b033581&articleId=540&bbsMode=view&viewPage=1&articleClass=1&searchCondition=title&searchStr=,https://obank.kbstar.com/quics?page=C019777,1
인터넷(모바일) 환전을 했는데요. 모든 지점에서 외화수령이 가능한 건가요?,"환전 통화에 따라 교부 가능점이 다르므로 아래의 내용을 참고하시기 바랍니다.
구               분
내               용
외화현찰
-
USD, JPY, EUR, CNY
: 전 영업점 및 인천국제공항지점
(스타환전소,               글로벌 환전소 포함)
-
기타 통화
: 인천국제공항지점(스타환전소, 글로벌 환전소 포함)
여행자수표
-
USD
: 전 영업점 및 인천국제공항지점 (환전소 제외)
-
JPY, EUR, GBP, CAD, AUD
: 인천국제공항지점 (환전소 제외)
※ 지점에 따라 일시적으로   외화를 보유하고 있지 않을 수도 있으므로 외화수취 희망지점에
전화연락 후 방문하시길 바랍니다.
(여행자수표의 경우에는 필히 연락 후 방문하시길 바랍니다.)",https://obank.kbstar.com/quics?page=C019777&boardId=682&compId=b033581&articleId=539&bbsMode=view&viewPage=1&articleClass=1&searchCondition=title&searchStr=,https://obank.kbstar.com/quics?page=C019777,1
인터넷을 통한 해외은행송금과 영업점에 방문하여 해외은행으로 송금하는 경우 어느 방법이 더 유리한가요?,"제목 없음
인터넷을 통한   해외은행송금시  매매마진율의 30%가 환율우대   적용되어
(영업시간 09:10~15:50 이내에 거래할 경우 환율우대 가능)영업점에서 송금하시는것 보다 더 유리합니다.
해외은행송금시 적용환율   및 수수료는 다음과 같습니다.
구               분
인터넷을               통한 해외송금
영업점을               통한 해외송금
외화송금
수수료
- USD  5,000 이하 : 3,000원
- USD  5,000 초과 : 5,000원
(USD를 제외한 기타통화는 USD 상당액 기준)
※ MVP스타고객 면제 (플래티늄 S회원을 제외한 플래티늄 카드 회원포함) 및 로얄스타   50% 감면
- USD  2,000 이하 : 10,000원
- USD  5,000 이하 : 15,000원
- USD   10,000 이하 : 20,000원
- USD 10,000 초과 : 25,000원
(USD를 제외한   기타통화는 USD 상당액 기준)
※ MVP스타고객 면제 (플래티늄 S회원을               제외한
플래티늄 카드 회원포함) 및 로얄스타   50% 감면
전신료
5,000원
8,000원
중계은행
수수료
약 $15 ~$18
해외중계은행수수료                           부담은 수취인 또는
송금인으로 정할수 있습니다.
(단 JPY(엔화)인 경우와 수취인 국가가
캄보디아인                           경우에는 수취인 부담만 가능)
약 $15 ~$18
해외중계은행수수료                           부담은 수취인 또는 송금인으로 정할
수 있습니다.
(송금신청인부담 시  JPY(엔화) 중계수수료가                           사후 청구됨)",https://obank.kbstar.com/quics?page=C019777&boardId=682&compId=b033581&articleId=549&bbsMode=view&viewPage=1&articleClass=1&searchCondition=title&searchStr=,https://obank.kbstar.com/quics?page=C019777,2
KB네트워크환전 거래 후 취소가 가능한가요?,"제목 없음
KB네트워크환전   거래   완료 후 취소는 불가능합니다.
다만,  KB네트워크환전 서비스를 통해 환전한 거래에   대해 외화실물을 수령하지 않은
상태라면
KB네트워크환전 파실 때(되팔기)  서비스
를 이용하여   영업점 또는 인터넷을
통해 매도거래가 가능합니다.",https://obank.kbstar.com/quics?page=C019777&boardId=682&compId=b033581&articleId=547&bbsMode=view&viewPage=1&articleClass=1&searchCondition=title&searchStr=,https://obank.kbstar.com/quics?page=C019777,2
월드링크 수표발행 서비스가 무엇인가요?,"제목 없음
고객님의 송금 수표 발행 요청에 대해 수표 발행부터 수취인 앞          배송까지 ONE STOP으로 처리해 드리는
국내 최초 서비스입니다.",https://obank.kbstar.com/quics?page=C019777&boardId=682&compId=b033581&articleId=546&bbsMode=view&viewPage=1&articleClass=1&searchCondition=title&searchStr=,https://obank.kbstar.com/quics?page=C019777,2
해외에서 국내로 송금할 경우 외화통장과 원화통장으로 입금시 적용되는 환율과 수수료는 어떻게 되나요?,"제목 없음
현재 외국에서   국내로 송금시 수취 계좌(입금받을 계좌)는 당행의 원화통장 또는 외화통장으로
지정하여   송금이 가능합니다.
즉, 원화계좌로   지정하여 입금시에는 저희은행 입금시점에 전신환매입율을 적용하여 고객님의
수취계좌로   입금(원화)되며, 외화계좌일 경우 송금된 외화로 입금 됩니다.
단, 고객님께서   외국에서 송금하신 금액은 중계은행수수료가 먼저 공제된 후 외국에서 당행으로 입금이
되며, 당행으로 입금된 금액에서 아래의 타발송금 수수료가 공제되니 이 점 거래에   참고하시길 바랍니다.
<수수료 징수기준>
구               분
징수기준
면제기준
외화표시               타발송금
건당,               10,000원
-               미화 100불 상당액 미만인 경우
- 미화 2만불초과 포지션               발생하는
경우
- MVP               스타고객 면제(로얄스타 50%
감면)
원화표시               타발송금
-               500만원 이하 : 1만원
- 500만원 초과 ~ 1,000만원 이하 :               2만원
- 1,000만원 초과 : 3만원
원화               10만원 미만 : 면제
MVP               스타고객 면제(로얄스타 50%
감면)",https://obank.kbstar.com/quics?page=C019777&boardId=682&compId=b033581&articleId=545&bbsMode=view&viewPage=1&articleClass=1&searchCondition=title&searchStr=,https://obank.kbstar.com/quics?page=C019777,2
웨스턴유니온특급송금으로 송금하였는데 취소가 가능한가요?,"제목 없음
웨스턴유니온특급송금거래 완료후 송금 취소는              불가능합니다.",https://obank.kbstar.com/quics?page=C019777&boardId=682&compId=b033581&articleId=544&bbsMode=view&viewPage=1&articleClass=1&searchCondition=title&searchStr=,https://obank.kbstar.com/quics?page=C019777,2
해외 겸용 직불카드로 해외 자동화기기에서 통장 잔액을 출금하는것과 직불가맹점에서 직접 물건을 사는것 중 어느 방법이 더 유리한가요?,"제목 없음
해외에   있는 자동화기기를 통한 현금 인출과 직불가맹점 이용시 발생되는 기본 수수료만으로
보았을때 가맹점 이용이 조금 더 유리합니다.
다만 사용 시점에   적용될 환율에 따라서 금액은 다소 차이가 발생될 수 있습니다.
또한    직불가맹점에서 여러건 결재(5건이상)할 경우 현금인출보다 수수료가 더 발생할   수 있으므로
사용금액을 예상할 수 있다면 현금인출하는 것이 더 유리할 수 있습니다.
해외에서   이용시 수수료는 이용국가의 화폐가 아닌 미화(USD)를 기준으로 계산되어 인출됩니다.
적용   환율은 출금 당시의 전신환 매도율이 적용되며 이용 수수료는 다음과 같습니다.
-   현금인출 : 건별 기본수수료(2$) + Master카드 브랜드 수수료 (대략 청구원금X1.0%)
*   예금 잔액조회시 0.5$ 수수료가 적용
- 직불가맹점 이용시 : 건별 기본   수수료 (0.5$) + 국외이용수수료 (이용금액의 1.0%)",https://obank.kbstar.com/quics?page=C019777&boardId=682&compId=b033581&articleId=543&bbsMode=view&viewPage=1&articleClass=1&searchCondition=title&searchStr=,https://obank.kbstar.com/quics?page=C019777,2
보유 외화를 인터넷을 통해 팔 수 있나요?,"제목 없음
KB네트워크환전 파실 때(되팔기) 거래는 외화현찰 및 여행자 수표를 ‘인터넷(모바일)   또는 KB영업점을
통해 사실 때’ 거래 신청 등록을 하시고 영업점에서 실물을 수령하지 않은 고객만 이용하실   수 있습니다.
따라서,  이미 실물을 수령한 고객이나 단순히   외화 실물을 보유한 고객이 외화를 팔고자 하는 경우에는
영업점을 방문하여 처리하여야   합니다.
KB네트워크환전 파실 때(되팔기)거래 완료 후 에는 취소가 불가능합니다.
*   KB네트워크환전   파실 때(되팔기) 거래시 통화별 환율 우대율
환율우대율
통               화
60%
-               USD, JPY, EUR
40%
-               GBP, CAD, AUD, NZD, HKD, SGD, CNY, CHF, SEK, NOK, THB, BRL, BND,
DKK, PHP, TWD, ZAR, PKR, BDT, MXN
20%
-               MYR, SAR, EGP, ILS, HUF, JOD, INR, AED, KWD, BHD, PLN, RUB, VND,
IDR, KZT",https://obank.kbstar.com/quics?page=C019777&boardId=682&compId=b033581&articleId=542&bbsMode=view&viewPage=1&articleClass=1&searchCondition=title&searchStr=,https://obank.kbstar.com/quics?page=C019777,2
자동화기기를 통해 해외송금하려면 어떻게 해야하나요?,"자동화기기(CD, ATM)에서 송금할 수 있는 방법은 최근 송금내역을 조회 후 송금하시거나
영업점을 방문하시어 송금하고자하는 해외은행 및 수취인에 대한 정보를 사전에 등록하고 송금하시는
두가지의 방법이 있습니다.
자세히보기
소액송금(미화 1,000불 상당액이하), 증빙서류 미제출송금, 유학생,체재자, 외국인 국내보수, 
재외동포 국내재산반출, 해외이주비를 송금하실 수 있으며 휴일을 포함하여 03:00~23:00 까지 거래 가능합니다.
( 매월 셋째 주 일요일 00:00 ~ 06:00 및 매월 마지막 영업일 22:00부터 익일 03:00까지는 거래가 불가 )
또한 전신료 5,000원만 징수하며 송금수수료 전액을 면제해드립니다.",https://obank.kbstar.com/quics?page=C019777&boardId=682&compId=b033581&articleId=541&bbsMode=view&viewPage=1&articleClass=1&searchCondition=title&searchStr=,https://obank.kbstar.com/quics?page=C019777,2
맞춤환율통지 서비스의 유효기간은 어떻게 됩니까?,"맞춤환율통지 서비스의 유효기간은 신청일로부터 3개월이며, 이 기간 내 은행 고시환율이 고객님께서
등록하신 환율범위에 도달하지 않은 경우 재등록 하셔야 됩니다.",https://obank.kbstar.com/quics?page=C019777&boardId=682&compId=b033581&articleId=540&bbsMode=view&viewPage=1&articleClass=1&searchCondition=title&searchStr=,https://obank.kbstar.com/quics?page=C019777,2
인터넷(모바일) 환전을 했는데요. 모든 지점에서 외화수령이 가능한 건가요?,"환전 통화에 따라 교부 가능점이 다르므로 아래의 내용을 참고하시기 바랍니다.
구               분
내               용
외화현찰
-
USD, JPY, EUR, CNY
: 전 영업점 및 인천국제공항지점
(스타환전소,               글로벌 환전소 포함)
-
기타 통화
: 인천국제공항지점(스타환전소, 글로벌 환전소 포함)
여행자수표
-
USD
: 전 영업점 및 인천국제공항지점 (환전소 제외)
-
JPY, EUR, GBP, CAD, AUD
: 인천국제공항지점 (환전소 제외)
※ 지점에 따라 일시적으로   외화를 보유하고 있지 않을 수도 있으므로 외화수취 희망지점에
전화연락 후 방문하시길 바랍니다.
(여행자수표의 경우에는 필히 연락 후 방문하시길 바랍니다.)",https://obank.kbstar.com/quics?page=C019777&boardId=682&compId=b033581&articleId=539&bbsMode=view&viewPage=1&articleClass=1&searchCondition=title&searchStr=,https://obank.kbstar.com/quics?page=C019777,2
인터넷을 통한 해외은행송금과 영업점에 방문하여 해외은행으로 송금하는 경우 어느 방법이 더 유리한가요?,"제목 없음
인터넷을 통한   해외은행송금시  매매마진율의 30%가 환율우대   적용되어
(영업시간 09:10~15:50 이내에 거래할 경우 환율우대 가능)영업점에서 송금하시는것 보다 더 유리합니다.
해외은행송금시 적용환율   및 수수료는 다음과 같습니다.
구               분
인터넷을               통한 해외송금
영업점을               통한 해외송금
외화송금
수수료
- USD  5,000 이하 : 3,000원
- USD  5,000 초과 : 5,000원
(USD를 제외한 기타통화는 USD 상당액 기준)
※ MVP스타고객 면제 (플래티늄 S회원을 제외한 플래티늄 카드 회원포함) 및 로얄스타   50% 감면
- USD  2,000 이하 : 10,000원
- USD  5,000 이하 : 15,000원
- USD   10,000 이하 : 20,000원
- USD 10,000 초과 : 25,000원
(USD를 제외한   기타통화는 USD 상당액 기준)
※ MVP스타고객 면제 (플래티늄 S회원을               제외한
플래티늄 카드 회원포함) 및 로얄스타   50% 감면
전신료
5,000원
8,000원
중계은행
수수료
약 $15 ~$18
해외중계은행수수료                           부담은 수취인 또는
송금인으로 정할수 있습니다.
(단 JPY(엔화)인 경우와 수취인 국가가
캄보디아인                           경우에는 수취인 부담만 가능)
약 $15 ~$18
해외중계은행수수료                           부담은 수취인 또는 송금인으로 정할
수 있습니다.
(송금신청인부담 시  JPY(엔화) 중계수수료가                           사후 청구됨)",https://obank.kbstar.com/quics?page=C019777&boardId=682&compId=b033581&articleId=549&bbsMode=view&viewPage=1&articleClass=1&searchCondition=title&searchStr=,https://obank.kbstar.com/quics?page=C019777,3
KB네트워크환전 거래 후 취소가 가능한가요?,"제목 없음
KB네트워크환전   거래   완료 후 취소는 불가능합니다.
다만,  KB네트워크환전 서비스를 통해 환전한 거래에   대해 외화실물을 수령하지 않은
상태라면
KB네트워크환전 파실 때(되팔기)  서비스
를 이용하여   영업점 또는 인터넷을
통해 매도거래가 가능합니다.",https://obank.kbstar.com/quics?page=C019777&boardId=682&compId=b033581&articleId=547&bbsMode=view&viewPage=1&articleClass=1&searchCondition=title&searchStr=,https://obank.kbstar.com/quics?page=C019777,3
월드링크 수표발행 서비스가 무엇인가요?,"제목 없음
고객님의 송금 수표 발행 요청에 대해 수표 발행부터 수취인 앞          배송까지 ONE STOP으로 처리해 드리는
국내 최초 서비스입니다.",https://obank.kbstar.com/quics?page=C019777&boardId=682&compId=b033581&articleId=546&bbsMode=view&viewPage=1&articleClass=1&searchCondition=title&searchStr=,https://obank.kbstar.com/quics?page=C019777,3
해외에서 국내로 송금할 경우 외화통장과 원화통장으로 입금시 적용되는 환율과 수수료는 어떻게 되나요?,"제목 없음
현재 외국에서   국내로 송금시 수취 계좌(입금받을 계좌)는 당행의 원화통장 또는 외화통장으로
지정하여   송금이 가능합니다.
즉, 원화계좌로   지정하여 입금시에는 저희은행 입금시점에 전신환매입율을 적용하여 고객님의
수취계좌로   입금(원화)되며, 외화계좌일 경우 송금된 외화로 입금 됩니다.
단, 고객님께서   외국에서 송금하신 금액은 중계은행수수료가 먼저 공제된 후 외국에서 당행으로 입금이
되며, 당행으로 입금된 금액에서 아래의 타발송금 수수료가 공제되니 이 점 거래에   참고하시길 바랍니다.
<수수료 징수기준>
구               분
징수기준
면제기준
외화표시               타발송금
건당,               10,000원
-               미화 100불 상당액 미만인 경우
- 미화 2만불초과 포지션               발생하는
경우
- MVP               스타고객 면제(로얄스타 50%
감면)
원화표시               타발송금
-               500만원 이하 : 1만원
- 500만원 초과 ~ 1,000만원 이하 :               2만원
- 1,000만원 초과 : 3만원
원화               10만원 미만 : 면제
MVP               스타고객 면제(로얄스타 50%
감면)",https://obank.kbstar.com/quics?page=C019777&boardId=682&compId=b033581&articleId=545&bbsMode=view&viewPage=1&articleClass=1&searchCondition=title&searchStr=,https://obank.kbstar.com/quics?page=C019777,3
웨스턴유니온특급송금으로 송금하였는데 취소가 가능한가요?,"제목 없음
웨스턴유니온특급송금거래 완료후 송금 취소는              불가능합니다.",https://obank.kbstar.com/quics?page=C019777&boardId=682&compId=b033581&articleId=544&bbsMode=view&viewPage=1&articleClass=1&searchCondition=title&searchStr=,https://obank.kbstar.com/quics?page=C019777,3
해외 겸용 직불카드로 해외 자동화기기에서 통장 잔액을 출금하는것과 직불가맹점에서 직접 물건을 사는것 중 어느 방법이 더 유리한가요?,"제목 없음
해외에   있는 자동화기기를 통한 현금 인출과 직불가맹점 이용시 발생되는 기본 수수료만으로
보았을때 가맹점 이용이 조금 더 유리합니다.
다만 사용 시점에   적용될 환율에 따라서 금액은 다소 차이가 발생될 수 있습니다.
또한    직불가맹점에서 여러건 결재(5건이상)할 경우 현금인출보다 수수료가 더 발생할   수 있으므로
사용금액을 예상할 수 있다면 현금인출하는 것이 더 유리할 수 있습니다.
해외에서   이용시 수수료는 이용국가의 화폐가 아닌 미화(USD)를 기준으로 계산되어 인출됩니다.
적용   환율은 출금 당시의 전신환 매도율이 적용되며 이용 수수료는 다음과 같습니다.
-   현금인출 : 건별 기본수수료(2$) + Master카드 브랜드 수수료 (대략 청구원금X1.0%)
*   예금 잔액조회시 0.5$ 수수료가 적용
- 직불가맹점 이용시 : 건별 기본   수수료 (0.5$) + 국외이용수수료 (이용금액의 1.0%)",https://obank.kbstar.com/quics?page=C019777&boardId=682&compId=b033581&articleId=543&bbsMode=view&viewPage=1&articleClass=1&searchCondition=title&searchStr=,https://obank.kbstar.com/quics?page=C019777,3
보유 외화를 인터넷을 통해 팔 수 있나요?,"제목 없음
KB네트워크환전 파실 때(되팔기) 거래는 외화현찰 및 여행자 수표를 ‘인터넷(모바일)   또는 KB영업점을
통해 사실 때’ 거래 신청 등록을 하시고 영업점에서 실물을 수령하지 않은 고객만 이용하실   수 있습니다.
따라서,  이미 실물을 수령한 고객이나 단순히   외화 실물을 보유한 고객이 외화를 팔고자 하는 경우에는
영업점을 방문하여 처리하여야   합니다.
KB네트워크환전 파실 때(되팔기)거래 완료 후 에는 취소가 불가능합니다.
*   KB네트워크환전   파실 때(되팔기) 거래시 통화별 환율 우대율
환율우대율
통               화
60%
-               USD, JPY, EUR
40%
-               GBP, CAD, AUD, NZD, HKD, SGD, CNY, CHF, SEK, NOK, THB, BRL, BND,
DKK, PHP, TWD, ZAR, PKR, BDT, MXN
20%
-               MYR, SAR, EGP, ILS, HUF, JOD, INR, AED, KWD, BHD, PLN, RUB, VND,
IDR, KZT",https://obank.kbstar.com/quics?page=C019777&boardId=682&compId=b033581&articleId=542&bbsMode=view&viewPage=1&articleClass=1&searchCondition=title&searchStr=,https://obank.kbstar.com/quics?page=C019777,3
자동화기기를 통해 해외송금하려면 어떻게 해야하나요?,"자동화기기(CD, ATM)에서 송금할 수 있는 방법은 최근 송금내역을 조회 후 송금하시거나
영업점을 방문하시어 송금하고자하는 해외은행 및 수취인에 대한 정보를 사전에 등록하고 송금하시는
두가지의 방법이 있습니다.
자세히보기
소액송금(미화 1,000불 상당액이하), 증빙서류 미제출송금, 유학생,체재자, 외국인 국내보수, 
재외동포 국내재산반출, 해외이주비를 송금하실 수 있으며 휴일을 포함하여 03:00~23:00 까지 거래 가능합니다.
( 매월 셋째 주 일요일 00:00 ~ 06:00 및 매월 마지막 영업일 22:00부터 익일 03:00까지는 거래가 불가 )
또한 전신료 5,000원만 징수하며 송금수수료 전액을 면제해드립니다.",https://obank.kbstar.com/quics?page=C019777&boardId=682&compId=b033581&articleId=541&bbsMode=view&viewPage=1&articleClass=1&searchCondition=title&searchStr=,https://obank.kbstar.com/quics?page=C019777,3
맞춤환율통지 서비스의 유효기간은 어떻게 됩니까?,"맞춤환율통지 서비스의 유효기간은 신청일로부터 3개월이며, 이 기간 내 은행 고시환율이 고객님께서
등록하신 환율범위에 도달하지 않은 경우 재등록 하셔야 됩니다.",https://obank.kbstar.com/quics?page=C019777&boardId=682&compId=b033581&articleId=540&bbsMode=view&viewPage=1&articleClass=1&searchCondition=title&searchStr=,https://obank.kbstar.com/quics?page=C019777,3
인터넷(모바일) 환전을 했는데요. 모든 지점에서 외화수령이 가능한 건가요?,"환전 통화에 따라 교부 가능점이 다르므로 아래의 내용을 참고하시기 바랍니다.
구               분
내               용
외화현찰
-
USD, JPY, EUR, CNY
: 전 영업점 및 인천국제공항지점
(스타환전소,               글로벌 환전소 포함)
-
기타 통화
: 인천국제공항지점(스타환전소, 글로벌 환전소 포함)
여행자수표
-
USD
: 전 영업점 및 인천국제공항지점 (환전소 제외)
-
JPY, EUR, GBP, CAD, AUD
: 인천국제공항지점 (환전소 제외)
※ 지점에 따라 일시적으로   외화를 보유하고 있지 않을 수도 있으므로 외화수취 희망지점에
전화연락 후 방문하시길 바랍니다.
(여행자수표의 경우에는 필히 연락 후 방문하시길 바랍니다.)",https://obank.kbstar.com/quics?page=C019777&boardId=682&compId=b033581&articleId=539&bbsMode=view&viewPage=1&articleClass=1&searchCondition=title&searchStr=,https://obank.kbstar.com/quics?page=C019777,3
인터넷을 통한 해외은행송금과 영업점에 방문하여 해외은행으로 송금하는 경우 어느 방법이 더 유리한가요?,"제목 없음
인터넷을 통한   해외은행송금시  매매마진율의 30%가 환율우대   적용되어
(영업시간 09:10~15:50 이내에 거래할 경우 환율우대 가능)영업점에서 송금하시는것 보다 더 유리합니다.
해외은행송금시 적용환율   및 수수료는 다음과 같습니다.
구               분
인터넷을               통한 해외송금
영업점을               통한 해외송금
외화송금
수수료
- USD  5,000 이하 : 3,000원
- USD  5,000 초과 : 5,000원
(USD를 제외한 기타통화는 USD 상당액 기준)
※ MVP스타고객 면제 (플래티늄 S회원을 제외한 플래티늄 카드 회원포함) 및 로얄스타   50% 감면
- USD  2,000 이하 : 10,000원
- USD  5,000 이하 : 15,000원
- USD   10,000 이하 : 20,000원
- USD 10,000 초과 : 25,000원
(USD를 제외한   기타통화는 USD 상당액 기준)
※ MVP스타고객 면제 (플래티늄 S회원을               제외한
플래티늄 카드 회원포함) 및 로얄스타   50% 감면
전신료
5,000원
8,000원
중계은행
수수료
약 $15 ~$18
해외중계은행수수료                           부담은 수취인 또는
송금인으로 정할수 있습니다.
(단 JPY(엔화)인 경우와 수취인 국가가
캄보디아인                           경우에는 수취인 부담만 가능)
약 $15 ~$18
해외중계은행수수료                           부담은 수취인 또는 송금인으로 정할
수 있습니다.
(송금신청인부담 시  JPY(엔화) 중계수수료가                           사후 청구됨)",https://obank.kbstar.com/quics?page=C019777&boardId=682&compId=b033581&articleId=549&bbsMode=view&viewPage=1&articleClass=1&searchCondition=title&searchStr=,https://obank.kbstar.com/quics?page=C019777,4
KB네트워크환전 거래 후 취소가 가능한가요?,"제목 없음
KB네트워크환전   거래   완료 후 취소는 불가능합니다.
다만,  KB네트워크환전 서비스를 통해 환전한 거래에   대해 외화실물을 수령하지 않은
상태라면
KB네트워크환전 파실 때(되팔기)  서비스
를 이용하여   영업점 또는 인터넷을
통해 매도거래가 가능합니다.",https://obank.kbstar.com/quics?page=C019777&boardId=682&compId=b033581&articleId=547&bbsMode=view&viewPage=1&articleClass=1&searchCondition=title&searchStr=,https://obank.kbstar.com/quics?page=C019777,4
월드링크 수표발행 서비스가 무엇인가요?,"제목 없음
고객님의 송금 수표 발행 요청에 대해 수표 발행부터 수취인 앞          배송까지 ONE STOP으로 처리해 드리는
국내 최초 서비스입니다.",https://obank.kbstar.com/quics?page=C019777&boardId=682&compId=b033581&articleId=546&bbsMode=view&viewPage=1&articleClass=1&searchCondition=title&searchStr=,https://obank.kbstar.com/quics?page=C019777,4
해외에서 국내로 송금할 경우 외화통장과 원화통장으로 입금시 적용되는 환율과 수수료는 어떻게 되나요?,"제목 없음
현재 외국에서   국내로 송금시 수취 계좌(입금받을 계좌)는 당행의 원화통장 또는 외화통장으로
지정하여   송금이 가능합니다.
즉, 원화계좌로   지정하여 입금시에는 저희은행 입금시점에 전신환매입율을 적용하여 고객님의
수취계좌로   입금(원화)되며, 외화계좌일 경우 송금된 외화로 입금 됩니다.
단, 고객님께서   외국에서 송금하신 금액은 중계은행수수료가 먼저 공제된 후 외국에서 당행으로 입금이
되며, 당행으로 입금된 금액에서 아래의 타발송금 수수료가 공제되니 이 점 거래에   참고하시길 바랍니다.
<수수료 징수기준>
구               분
징수기준
면제기준
외화표시               타발송금
건당,               10,000원
-               미화 100불 상당액 미만인 경우
- 미화 2만불초과 포지션               발생하는
경우
- MVP               스타고객 면제(로얄스타 50%
감면)
원화표시               타발송금
-               500만원 이하 : 1만원
- 500만원 초과 ~ 1,000만원 이하 :               2만원
- 1,000만원 초과 : 3만원
원화               10만원 미만 : 면제
MVP               스타고객 면제(로얄스타 50%
감면)",https://obank.kbstar.com/quics?page=C019777&boardId=682&compId=b033581&articleId=545&bbsMode=view&viewPage=1&articleClass=1&searchCondition=title&searchStr=,https://obank.kbstar.com/quics?page=C019777,4
웨스턴유니온특급송금으로 송금하였는데 취소가 가능한가요?,"제목 없음
웨스턴유니온특급송금거래 완료후 송금 취소는              불가능합니다.",https://obank.kbstar.com/quics?page=C019777&boardId=682&compId=b033581&articleId=544&bbsMode=view&viewPage=1&articleClass=1&searchCondition=title&searchStr=,https://obank.kbstar.com/quics?page=C019777,4
해외 겸용 직불카드로 해외 자동화기기에서 통장 잔액을 출금하는것과 직불가맹점에서 직접 물건을 사는것 중 어느 방법이 더 유리한가요?,"제목 없음
해외에   있는 자동화기기를 통한 현금 인출과 직불가맹점 이용시 발생되는 기본 수수료만으로
보았을때 가맹점 이용이 조금 더 유리합니다.
다만 사용 시점에   적용될 환율에 따라서 금액은 다소 차이가 발생될 수 있습니다.
또한    직불가맹점에서 여러건 결재(5건이상)할 경우 현금인출보다 수수료가 더 발생할   수 있으므로
사용금액을 예상할 수 있다면 현금인출하는 것이 더 유리할 수 있습니다.
해외에서   이용시 수수료는 이용국가의 화폐가 아닌 미화(USD)를 기준으로 계산되어 인출됩니다.
적용   환율은 출금 당시의 전신환 매도율이 적용되며 이용 수수료는 다음과 같습니다.
-   현금인출 : 건별 기본수수료(2$) + Master카드 브랜드 수수료 (대략 청구원금X1.0%)
*   예금 잔액조회시 0.5$ 수수료가 적용
- 직불가맹점 이용시 : 건별 기본   수수료 (0.5$) + 국외이용수수료 (이용금액의 1.0%)",https://obank.kbstar.com/quics?page=C019777&boardId=682&compId=b033581&articleId=543&bbsMode=view&viewPage=1&articleClass=1&searchCondition=title&searchStr=,https://obank.kbstar.com/quics?page=C019777,4
보유 외화를 인터넷을 통해 팔 수 있나요?,"제목 없음
KB네트워크환전 파실 때(되팔기) 거래는 외화현찰 및 여행자 수표를 ‘인터넷(모바일)   또는 KB영업점을
통해 사실 때’ 거래 신청 등록을 하시고 영업점에서 실물을 수령하지 않은 고객만 이용하실   수 있습니다.
따라서,  이미 실물을 수령한 고객이나 단순히   외화 실물을 보유한 고객이 외화를 팔고자 하는 경우에는
영업점을 방문하여 처리하여야   합니다.
KB네트워크환전 파실 때(되팔기)거래 완료 후 에는 취소가 불가능합니다.
*   KB네트워크환전   파실 때(되팔기) 거래시 통화별 환율 우대율
환율우대율
통               화
60%
-               USD, JPY, EUR
40%
-               GBP, CAD, AUD, NZD, HKD, SGD, CNY, CHF, SEK, NOK, THB, BRL, BND,
DKK, PHP, TWD, ZAR, PKR, BDT, MXN
20%
-               MYR, SAR, EGP, ILS, HUF, JOD, INR, AED, KWD, BHD, PLN, RUB, VND,
IDR, KZT",https://obank.kbstar.com/quics?page=C019777&boardId=682&compId=b033581&articleId=542&bbsMode=view&viewPage=1&articleClass=1&searchCondition=title&searchStr=,https://obank.kbstar.com/quics?page=C019777,4
자동화기기를 통해 해외송금하려면 어떻게 해야하나요?,"자동화기기(CD, ATM)에서 송금할 수 있는 방법은 최근 송금내역을 조회 후 송금하시거나
영업점을 방문하시어 송금하고자하는 해외은행 및 수취인에 대한 정보를 사전에 등록하고 송금하시는
두가지의 방법이 있습니다.
자세히보기
소액송금(미화 1,000불 상당액이하), 증빙서류 미제출송금, 유학생,체재자, 외국인 국내보수, 
재외동포 국내재산반출, 해외이주비를 송금하실 수 있으며 휴일을 포함하여 03:00~23:00 까지 거래 가능합니다.
( 매월 셋째 주 일요일 00:00 ~ 06:00 및 매월 마지막 영업일 22:00부터 익일 03:00까지는 거래가 불가 )
또한 전신료 5,000원만 징수하며 송금수수료 전액을 면제해드립니다.",https://obank.kbstar.com/quics?page=C019777&boardId=682&compId=b033581&articleId=541&bbsMode=view&viewPage=1&articleClass=1&searchCondition=title&searchStr=,https://obank.kbstar.com/quics?page=C019777,4
맞춤환율통지 서비스의 유효기간은 어떻게 됩니까?,"맞춤환율통지 서비스의 유효기간은 신청일로부터 3개월이며, 이 기간 내 은행 고시환율이 고객님께서
등록하신 환율범위에 도달하지 않은 경우 재등록 하셔야 됩니다.",https://obank.kbstar.com/quics?page=C019777&boardId=682&compId=b033581&articleId=540&bbsMode=view&viewPage=1&articleClass=1&searchCondition=title&searchStr=,https://obank.kbstar.com/quics?page=C019777,4
인터넷(모바일) 환전을 했는데요. 모든 지점에서 외화수령이 가능한 건가요?,"환전 통화에 따라 교부 가능점이 다르므로 아래의 내용을 참고하시기 바랍니다.
구               분
내               용
외화현찰
-
USD, JPY, EUR, CNY
: 전 영업점 및 인천국제공항지점
(스타환전소,               글로벌 환전소 포함)
-
기타 통화
: 인천국제공항지점(스타환전소, 글로벌 환전소 포함)
여행자수표
-
USD
: 전 영업점 및 인천국제공항지점 (환전소 제외)
-
JPY, EUR, GBP, CAD, AUD
: 인천국제공항지점 (환전소 제외)
※ 지점에 따라 일시적으로   외화를 보유하고 있지 않을 수도 있으므로 외화수취 희망지점에
전화연락 후 방문하시길 바랍니다.
(여행자수표의 경우에는 필히 연락 후 방문하시길 바랍니다.)",https://obank.kbstar.com/quics?page=C019777&boardId=682&compId=b033581&articleId=539&bbsMode=view&viewPage=1&articleClass=1&searchCondition=title&searchStr=,https://obank.kbstar.com/quics?page=C019777,4
인터넷을 통한 해외은행송금과 영업점에 방문하여 해외은행으로 송금하는 경우 어느 방법이 더 유리한가요?,"제목 없음
인터넷을 통한   해외은행송금시  매매마진율의 30%가 환율우대   적용되어
(영업시간 09:10~15:50 이내에 거래할 경우 환율우대 가능)영업점에서 송금하시는것 보다 더 유리합니다.
해외은행송금시 적용환율   및 수수료는 다음과 같습니다.
구               분
인터넷을               통한 해외송금
영업점을               통한 해외송금
외화송금
수수료
- USD  5,000 이하 : 3,000원
- USD  5,000 초과 : 5,000원
(USD를 제외한 기타통화는 USD 상당액 기준)
※ MVP스타고객 면제 (플래티늄 S회원을 제외한 플래티늄 카드 회원포함) 및 로얄스타   50% 감면
- USD  2,000 이하 : 10,000원
- USD  5,000 이하 : 15,000원
- USD   10,000 이하 : 20,000원
- USD 10,000 초과 : 25,000원
(USD를 제외한   기타통화는 USD 상당액 기준)
※ MVP스타고객 면제 (플래티늄 S회원을               제외한
플래티늄 카드 회원포함) 및 로얄스타   50% 감면
전신료
5,000원
8,000원
중계은행
수수료
약 $15 ~$18
해외중계은행수수료                           부담은 수취인 또는
송금인으로 정할수 있습니다.
(단 JPY(엔화)인 경우와 수취인 국가가
캄보디아인                           경우에는 수취인 부담만 가능)
약 $15 ~$18
해외중계은행수수료                           부담은 수취인 또는 송금인으로 정할
수 있습니다.
(송금신청인부담 시  JPY(엔화) 중계수수료가                           사후 청구됨)",https://obank.kbstar.com/quics?page=C019777&boardId=682&compId=b033581&articleId=549&bbsMode=view&viewPage=1&articleClass=1&searchCondition=title&searchStr=,https://obank.kbstar.com/quics?page=C019777,5
KB네트워크환전 거래 후 취소가 가능한가요?,"제목 없음
KB네트워크환전   거래   완료 후 취소는 불가능합니다.
다만,  KB네트워크환전 서비스를 통해 환전한 거래에   대해 외화실물을 수령하지 않은
상태라면
KB네트워크환전 파실 때(되팔기)  서비스
를 이용하여   영업점 또는 인터넷을
통해 매도거래가 가능합니다.",https://obank.kbstar.com/quics?page=C019777&boardId=682&compId=b033581&articleId=547&bbsMode=view&viewPage=1&articleClass=1&searchCondition=title&searchStr=,https://obank.kbstar.com/quics?page=C019777,5
월드링크 수표발행 서비스가 무엇인가요?,"제목 없음
고객님의 송금 수표 발행 요청에 대해 수표 발행부터 수취인 앞          배송까지 ONE STOP으로 처리해 드리는
국내 최초 서비스입니다.",https://obank.kbstar.com/quics?page=C019777&boardId=682&compId=b033581&articleId=546&bbsMode=view&viewPage=1&articleClass=1&searchCondition=title&searchStr=,https://obank.kbstar.com/quics?page=C019777,5
해외에서 국내로 송금할 경우 외화통장과 원화통장으로 입금시 적용되는 환율과 수수료는 어떻게 되나요?,"제목 없음
현재 외국에서   국내로 송금시 수취 계좌(입금받을 계좌)는 당행의 원화통장 또는 외화통장으로
지정하여   송금이 가능합니다.
즉, 원화계좌로   지정하여 입금시에는 저희은행 입금시점에 전신환매입율을 적용하여 고객님의
수취계좌로   입금(원화)되며, 외화계좌일 경우 송금된 외화로 입금 됩니다.
단, 고객님께서   외국에서 송금하신 금액은 중계은행수수료가 먼저 공제된 후 외국에서 당행으로 입금이
되며, 당행으로 입금된 금액에서 아래의 타발송금 수수료가 공제되니 이 점 거래에   참고하시길 바랍니다.
<수수료 징수기준>
구               분
징수기준
면제기준
외화표시               타발송금
건당,               10,000원
-               미화 100불 상당액 미만인 경우
- 미화 2만불초과 포지션               발생하는
경우
- MVP               스타고객 면제(로얄스타 50%
감면)
원화표시               타발송금
-               500만원 이하 : 1만원
- 500만원 초과 ~ 1,000만원 이하 :               2만원
- 1,000만원 초과 : 3만원
원화               10만원 미만 : 면제
MVP               스타고객 면제(로얄스타 50%
감면)",https://obank.kbstar.com/quics?page=C019777&boardId=682&compId=b033581&articleId=545&bbsMode=view&viewPage=1&articleClass=1&searchCondition=title&searchStr=,https://obank.kbstar.com/quics?page=C019777,5
웨스턴유니온특급송금으로 송금하였는데 취소가 가능한가요?,"제목 없음
웨스턴유니온특급송금거래 완료후 송금 취소는              불가능합니다.",https://obank.kbstar.com/quics?page=C019777&boardId=682&compId=b033581&articleId=544&bbsMode=view&viewPage=1&articleClass=1&searchCondition=title&searchStr=,https://obank.kbstar.com/quics?page=C019777,5
해외 겸용 직불카드로 해외 자동화기기에서 통장 잔액을 출금하는것과 직불가맹점에서 직접 물건을 사는것 중 어느 방법이 더 유리한가요?,"제목 없음
해외에   있는 자동화기기를 통한 현금 인출과 직불가맹점 이용시 발생되는 기본 수수료만으로
보았을때 가맹점 이용이 조금 더 유리합니다.
다만 사용 시점에   적용될 환율에 따라서 금액은 다소 차이가 발생될 수 있습니다.
또한    직불가맹점에서 여러건 결재(5건이상)할 경우 현금인출보다 수수료가 더 발생할   수 있으므로
사용금액을 예상할 수 있다면 현금인출하는 것이 더 유리할 수 있습니다.
해외에서   이용시 수수료는 이용국가의 화폐가 아닌 미화(USD)를 기준으로 계산되어 인출됩니다.
적용   환율은 출금 당시의 전신환 매도율이 적용되며 이용 수수료는 다음과 같습니다.
-   현금인출 : 건별 기본수수료(2$) + Master카드 브랜드 수수료 (대략 청구원금X1.0%)
*   예금 잔액조회시 0.5$ 수수료가 적용
- 직불가맹점 이용시 : 건별 기본   수수료 (0.5$) + 국외이용수수료 (이용금액의 1.0%)",https://obank.kbstar.com/quics?page=C019777&boardId=682&compId=b033581&articleId=543&bbsMode=view&viewPage=1&articleClass=1&searchCondition=title&searchStr=,https://obank.kbstar.com/quics?page=C019777,5
보유 외화를 인터넷을 통해 팔 수 있나요?,"제목 없음
KB네트워크환전 파실 때(되팔기) 거래는 외화현찰 및 여행자 수표를 ‘인터넷(모바일)   또는 KB영업점을
통해 사실 때’ 거래 신청 등록을 하시고 영업점에서 실물을 수령하지 않은 고객만 이용하실   수 있습니다.
따라서,  이미 실물을 수령한 고객이나 단순히   외화 실물을 보유한 고객이 외화를 팔고자 하는 경우에는
영업점을 방문하여 처리하여야   합니다.
KB네트워크환전 파실 때(되팔기)거래 완료 후 에는 취소가 불가능합니다.
*   KB네트워크환전   파실 때(되팔기) 거래시 통화별 환율 우대율
환율우대율
통               화
60%
-               USD, JPY, EUR
40%
-               GBP, CAD, AUD, NZD, HKD, SGD, CNY, CHF, SEK, NOK, THB, BRL, BND,
DKK, PHP, TWD, ZAR, PKR, BDT, MXN
20%
-               MYR, SAR, EGP, ILS, HUF, JOD, INR, AED, KWD, BHD, PLN, RUB, VND,
IDR, KZT",https://obank.kbstar.com/quics?page=C019777&boardId=682&compId=b033581&articleId=542&bbsMode=view&viewPage=1&articleClass=1&searchCondition=title&searchStr=,https://obank.kbstar.com/quics?page=C019777,5
자동화기기를 통해 해외송금하려면 어떻게 해야하나요?,"자동화기기(CD, ATM)에서 송금할 수 있는 방법은 최근 송금내역을 조회 후 송금하시거나
영업점을 방문하시어 송금하고자하는 해외은행 및 수취인에 대한 정보를 사전에 등록하고 송금하시는
두가지의 방법이 있습니다.
자세히보기
소액송금(미화 1,000불 상당액이하), 증빙서류 미제출송금, 유학생,체재자, 외국인 국내보수, 
재외동포 국내재산반출, 해외이주비를 송금하실 수 있으며 휴일을 포함하여 03:00~23:00 까지 거래 가능합니다.
( 매월 셋째 주 일요일 00:00 ~ 06:00 및 매월 마지막 영업일 22:00부터 익일 03:00까지는 거래가 불가 )
또한 전신료 5,000원만 징수하며 송금수수료 전액을 면제해드립니다.",https://obank.kbstar.com/quics?page=C019777&boardId=682&compId=b033581&articleId=541&bbsMode=view&viewPage=1&articleClass=1&searchCondition=title&searchStr=,https://obank.kbstar.com/quics?page=C019777,5
맞춤환율통지 서비스의 유효기간은 어떻게 됩니까?,"맞춤환율통지 서비스의 유효기간은 신청일로부터 3개월이며, 이 기간 내 은행 고시환율이 고객님께서
등록하신 환율범위에 도달하지 않은 경우 재등록 하셔야 됩니다.",https://obank.kbstar.com/quics?page=C019777&boardId=682&compId=b033581&articleId=540&bbsMode=view&viewPage=1&articleClass=1&searchCondition=title&searchStr=,https://obank.kbstar.com/quics?page=C019777,5
인터넷(모바일) 환전을 했는데요. 모든 지점에서 외화수령이 가능한 건가요?,"환전 통화에 따라 교부 가능점이 다르므로 아래의 내용을 참고하시기 바랍니다.
구               분
내               용
외화현찰
-
USD, JPY, EUR, CNY
: 전 영업점 및 인천국제공항지점
(스타환전소,               글로벌 환전소 포함)
-
기타 통화
: 인천국제공항지점(스타환전소, 글로벌 환전소 포함)
여행자수표
-
USD
: 전 영업점 및 인천국제공항지점 (환전소 제외)
-
JPY, EUR, GBP, CAD, AUD
: 인천국제공항지점 (환전소 제외)
※ 지점에 따라 일시적으로   외화를 보유하고 있지 않을 수도 있으므로 외화수취 희망지점에
전화연락 후 방문하시길 바랍니다.
(여행자수표의 경우에는 필히 연락 후 방문하시길 바랍니다.)",https://obank.kbstar.com/quics?page=C019777&boardId=682&compId=b033581&articleId=539&bbsMode=view&viewPage=1&articleClass=1&searchCondition=title&searchStr=,https://obank.kbstar.com/quics?page=C019777,5
인터넷을 통한 해외은행송금과 영업점에 방문하여 해외은행으로 송금하는 경우 어느 방법이 더 유리한가요?,"제목 없음
인터넷을 통한   해외은행송금시  매매마진율의 30%가 환율우대   적용되어
(영업시간 09:10~15:50 이내에 거래할 경우 환율우대 가능)영업점에서 송금하시는것 보다 더 유리합니다.
해외은행송금시 적용환율   및 수수료는 다음과 같습니다.
구               분
인터넷을               통한 해외송금
영업점을               통한 해외송금
외화송금
수수료
- USD  5,000 이하 : 3,000원
- USD  5,000 초과 : 5,000원
(USD를 제외한 기타통화는 USD 상당액 기준)
※ MVP스타고객 면제 (플래티늄 S회원을 제외한 플래티늄 카드 회원포함) 및 로얄스타   50% 감면
- USD  2,000 이하 : 10,000원
- USD  5,000 이하 : 15,000원
- USD   10,000 이하 : 20,000원
- USD 10,000 초과 : 25,000원
(USD를 제외한   기타통화는 USD 상당액 기준)
※ MVP스타고객 면제 (플래티늄 S회원을               제외한
플래티늄 카드 회원포함) 및 로얄스타   50% 감면
전신료
5,000원
8,000원
중계은행
수수료
약 $15 ~$18
해외중계은행수수료                           부담은 수취인 또는
송금인으로 정할수 있습니다.
(단 JPY(엔화)인 경우와 수취인 국가가
캄보디아인                           경우에는 수취인 부담만 가능)
약 $15 ~$18
해외중계은행수수료                           부담은 수취인 또는 송금인으로 정할
수 있습니다.
(송금신청인부담 시  JPY(엔화) 중계수수료가                           사후 청구됨)",https://obank.kbstar.com/quics?page=C019777&boardId=682&compId=b033581&articleId=549&bbsMode=view&viewPage=1&articleClass=1&searchCondition=title&searchStr=,https://obank.kbstar.com/quics?page=C019777,6
KB네트워크환전 거래 후 취소가 가능한가요?,"제목 없음
KB네트워크환전   거래   완료 후 취소는 불가능합니다.
다만,  KB네트워크환전 서비스를 통해 환전한 거래에   대해 외화실물을 수령하지 않은
상태라면
KB네트워크환전 파실 때(되팔기)  서비스
를 이용하여   영업점 또는 인터넷을
통해 매도거래가 가능합니다.",https://obank.kbstar.com/quics?page=C019777&boardId=682&compId=b033581&articleId=547&bbsMode=view&viewPage=1&articleClass=1&searchCondition=title&searchStr=,https://obank.kbstar.com/quics?page=C019777,6
월드링크 수표발행 서비스가 무엇인가요?,"제목 없음
고객님의 송금 수표 발행 요청에 대해 수표 발행부터 수취인 앞          배송까지 ONE STOP으로 처리해 드리는
국내 최초 서비스입니다.",https://obank.kbstar.com/quics?page=C019777&boardId=682&compId=b033581&articleId=546&bbsMode=view&viewPage=1&articleClass=1&searchCondition=title&searchStr=,https://obank.kbstar.com/quics?page=C019777,6
해외에서 국내로 송금할 경우 외화통장과 원화통장으로 입금시 적용되는 환율과 수수료는 어떻게 되나요?,"제목 없음
현재 외국에서   국내로 송금시 수취 계좌(입금받을 계좌)는 당행의 원화통장 또는 외화통장으로
지정하여   송금이 가능합니다.
즉, 원화계좌로   지정하여 입금시에는 저희은행 입금시점에 전신환매입율을 적용하여 고객님의
수취계좌로   입금(원화)되며, 외화계좌일 경우 송금된 외화로 입금 됩니다.
단, 고객님께서   외국에서 송금하신 금액은 중계은행수수료가 먼저 공제된 후 외국에서 당행으로 입금이
되며, 당행으로 입금된 금액에서 아래의 타발송금 수수료가 공제되니 이 점 거래에   참고하시길 바랍니다.
<수수료 징수기준>
구               분
징수기준
면제기준
외화표시               타발송금
건당,               10,000원
-               미화 100불 상당액 미만인 경우
- 미화 2만불초과 포지션               발생하는
경우
- MVP               스타고객 면제(로얄스타 50%
감면)
원화표시               타발송금
-               500만원 이하 : 1만원
- 500만원 초과 ~ 1,000만원 이하 :               2만원
- 1,000만원 초과 : 3만원
원화               10만원 미만 : 면제
MVP               스타고객 면제(로얄스타 50%
감면)",https://obank.kbstar.com/quics?page=C019777&boardId=682&compId=b033581&articleId=545&bbsMode=view&viewPage=1&articleClass=1&searchCondition=title&searchStr=,https://obank.kbstar.com/quics?page=C019777,6
웨스턴유니온특급송금으로 송금하였는데 취소가 가능한가요?,"제목 없음
웨스턴유니온특급송금거래 완료후 송금 취소는              불가능합니다.",https://obank.kbstar.com/quics?page=C019777&boardId=682&compId=b033581&articleId=544&bbsMode=view&viewPage=1&articleClass=1&searchCondition=title&searchStr=,https://obank.kbstar.com/quics?page=C019777,6
해외 겸용 직불카드로 해외 자동화기기에서 통장 잔액을 출금하는것과 직불가맹점에서 직접 물건을 사는것 중 어느 방법이 더 유리한가요?,"제목 없음
해외에   있는 자동화기기를 통한 현금 인출과 직불가맹점 이용시 발생되는 기본 수수료만으로
보았을때 가맹점 이용이 조금 더 유리합니다.
다만 사용 시점에   적용될 환율에 따라서 금액은 다소 차이가 발생될 수 있습니다.
또한    직불가맹점에서 여러건 결재(5건이상)할 경우 현금인출보다 수수료가 더 발생할   수 있으므로
사용금액을 예상할 수 있다면 현금인출하는 것이 더 유리할 수 있습니다.
해외에서   이용시 수수료는 이용국가의 화폐가 아닌 미화(USD)를 기준으로 계산되어 인출됩니다.
적용   환율은 출금 당시의 전신환 매도율이 적용되며 이용 수수료는 다음과 같습니다.
-   현금인출 : 건별 기본수수료(2$) + Master카드 브랜드 수수료 (대략 청구원금X1.0%)
*   예금 잔액조회시 0.5$ 수수료가 적용
- 직불가맹점 이용시 : 건별 기본   수수료 (0.5$) + 국외이용수수료 (이용금액의 1.0%)",https://obank.kbstar.com/quics?page=C019777&boardId=682&compId=b033581&articleId=543&bbsMode=view&viewPage=1&articleClass=1&searchCondition=title&searchStr=,https://obank.kbstar.com/quics?page=C019777,6
보유 외화를 인터넷을 통해 팔 수 있나요?,"제목 없음
KB네트워크환전 파실 때(되팔기) 거래는 외화현찰 및 여행자 수표를 ‘인터넷(모바일)   또는 KB영업점을
통해 사실 때’ 거래 신청 등록을 하시고 영업점에서 실물을 수령하지 않은 고객만 이용하실   수 있습니다.
따라서,  이미 실물을 수령한 고객이나 단순히   외화 실물을 보유한 고객이 외화를 팔고자 하는 경우에는
영업점을 방문하여 처리하여야   합니다.
KB네트워크환전 파실 때(되팔기)거래 완료 후 에는 취소가 불가능합니다.
*   KB네트워크환전   파실 때(되팔기) 거래시 통화별 환율 우대율
환율우대율
통               화
60%
-               USD, JPY, EUR
40%
-               GBP, CAD, AUD, NZD, HKD, SGD, CNY, CHF, SEK, NOK, THB, BRL, BND,
DKK, PHP, TWD, ZAR, PKR, BDT, MXN
20%
-               MYR, SAR, EGP, ILS, HUF, JOD, INR, AED, KWD, BHD, PLN, RUB, VND,
IDR, KZT",https://obank.kbstar.com/quics?page=C019777&boardId=682&compId=b033581&articleId=542&bbsMode=view&viewPage=1&articleClass=1&searchCondition=title&searchStr=,https://obank.kbstar.com/quics?page=C019777,6
자동화기기를 통해 해외송금하려면 어떻게 해야하나요?,"자동화기기(CD, ATM)에서 송금할 수 있는 방법은 최근 송금내역을 조회 후 송금하시거나
영업점을 방문하시어 송금하고자하는 해외은행 및 수취인에 대한 정보를 사전에 등록하고 송금하시는
두가지의 방법이 있습니다.
자세히보기
소액송금(미화 1,000불 상당액이하), 증빙서류 미제출송금, 유학생,체재자, 외국인 국내보수, 
재외동포 국내재산반출, 해외이주비를 송금하실 수 있으며 휴일을 포함하여 03:00~23:00 까지 거래 가능합니다.
( 매월 셋째 주 일요일 00:00 ~ 06:00 및 매월 마지막 영업일 22:00부터 익일 03:00까지는 거래가 불가 )
또한 전신료 5,000원만 징수하며 송금수수료 전액을 면제해드립니다.",https://obank.kbstar.com/quics?page=C019777&boardId=682&compId=b033581&articleId=541&bbsMode=view&viewPage=1&articleClass=1&searchCondition=title&searchStr=,https://obank.kbstar.com/quics?page=C019777,6
맞춤환율통지 서비스의 유효기간은 어떻게 됩니까?,"맞춤환율통지 서비스의 유효기간은 신청일로부터 3개월이며, 이 기간 내 은행 고시환율이 고객님께서
등록하신 환율범위에 도달하지 않은 경우 재등록 하셔야 됩니다.",https://obank.kbstar.com/quics?page=C019777&boardId=682&compId=b033581&articleId=540&bbsMode=view&viewPage=1&articleClass=1&searchCondition=title&searchStr=,https://obank.kbstar.com/quics?page=C019777,6
인터넷(모바일) 환전을 했는데요. 모든 지점에서 외화수령이 가능한 건가요?,"환전 통화에 따라 교부 가능점이 다르므로 아래의 내용을 참고하시기 바랍니다.
구               분
내               용
외화현찰
-
USD, JPY, EUR, CNY
: 전 영업점 및 인천국제공항지점
(스타환전소,               글로벌 환전소 포함)
-
기타 통화
: 인천국제공항지점(스타환전소, 글로벌 환전소 포함)
여행자수표
-
USD
: 전 영업점 및 인천국제공항지점 (환전소 제외)
-
JPY, EUR, GBP, CAD, AUD
: 인천국제공항지점 (환전소 제외)
※ 지점에 따라 일시적으로   외화를 보유하고 있지 않을 수도 있으므로 외화수취 희망지점에
전화연락 후 방문하시길 바랍니다.
(여행자수표의 경우에는 필히 연락 후 방문하시길 바랍니다.)",https://obank.kbstar.com/quics?page=C019777&boardId=682&compId=b033581&articleId=539&bbsMode=view&viewPage=1&articleClass=1&searchCondition=title&searchStr=,https://obank.kbstar.com/quics?page=C019777,6
인터넷을 통한 해외은행송금과 영업점에 방문하여 해외은행으로 송금하는 경우 어느 방법이 더 유리한가요?,"제목 없음
인터넷을 통한   해외은행송금시  매매마진율의 30%가 환율우대   적용되어
(영업시간 09:10~15:50 이내에 거래할 경우 환율우대 가능)영업점에서 송금하시는것 보다 더 유리합니다.
해외은행송금시 적용환율   및 수수료는 다음과 같습니다.
구               분
인터넷을               통한 해외송금
영업점을               통한 해외송금
외화송금
수수료
- USD  5,000 이하 : 3,000원
- USD  5,000 초과 : 5,000원
(USD를 제외한 기타통화는 USD 상당액 기준)
※ MVP스타고객 면제 (플래티늄 S회원을 제외한 플래티늄 카드 회원포함) 및 로얄스타   50% 감면
- USD  2,000 이하 : 10,000원
- USD  5,000 이하 : 15,000원
- USD   10,000 이하 : 20,000원
- USD 10,000 초과 : 25,000원
(USD를 제외한   기타통화는 USD 상당액 기준)
※ MVP스타고객 면제 (플래티늄 S회원을               제외한
플래티늄 카드 회원포함) 및 로얄스타   50% 감면
전신료
5,000원
8,000원
중계은행
수수료
약 $15 ~$18
해외중계은행수수료                           부담은 수취인 또는
송금인으로 정할수 있습니다.
(단 JPY(엔화)인 경우와 수취인 국가가
캄보디아인                           경우에는 수취인 부담만 가능)
약 $15 ~$18
해외중계은행수수료                           부담은 수취인 또는 송금인으로 정할
수 있습니다.
(송금신청인부담 시  JPY(엔화) 중계수수료가                           사후 청구됨)",https://obank.kbstar.com/quics?page=C019777&boardId=682&compId=b033581&articleId=549&bbsMode=view&viewPage=1&articleClass=1&searchCondition=title&searchStr=,https://obank.kbstar.com/quics?page=C019777,7
KB네트워크환전 거래 후 취소가 가능한가요?,"제목 없음
KB네트워크환전   거래   완료 후 취소는 불가능합니다.
다만,  KB네트워크환전 서비스를 통해 환전한 거래에   대해 외화실물을 수령하지 않은
상태라면
KB네트워크환전 파실 때(되팔기)  서비스
를 이용하여   영업점 또는 인터넷을
통해 매도거래가 가능합니다.",https://obank.kbstar.com/quics?page=C019777&boardId=682&compId=b033581&articleId=547&bbsMode=view&viewPage=1&articleClass=1&searchCondition=title&searchStr=,https://obank.kbstar.com/quics?page=C019777,7
월드링크 수표발행 서비스가 무엇인가요?,"제목 없음
고객님의 송금 수표 발행 요청에 대해 수표 발행부터 수취인 앞          배송까지 ONE STOP으로 처리해 드리는
국내 최초 서비스입니다.",https://obank.kbstar.com/quics?page=C019777&boardId=682&compId=b033581&articleId=546&bbsMode=view&viewPage=1&articleClass=1&searchCondition=title&searchStr=,https://obank.kbstar.com/quics?page=C019777,7
해외에서 국내로 송금할 경우 외화통장과 원화통장으로 입금시 적용되는 환율과 수수료는 어떻게 되나요?,"제목 없음
현재 외국에서   국내로 송금시 수취 계좌(입금받을 계좌)는 당행의 원화통장 또는 외화통장으로
지정하여   송금이 가능합니다.
즉, 원화계좌로   지정하여 입금시에는 저희은행 입금시점에 전신환매입율을 적용하여 고객님의
수취계좌로   입금(원화)되며, 외화계좌일 경우 송금된 외화로 입금 됩니다.
단, 고객님께서   외국에서 송금하신 금액은 중계은행수수료가 먼저 공제된 후 외국에서 당행으로 입금이
되며, 당행으로 입금된 금액에서 아래의 타발송금 수수료가 공제되니 이 점 거래에   참고하시길 바랍니다.
<수수료 징수기준>
구               분
징수기준
면제기준
외화표시               타발송금
건당,               10,000원
-               미화 100불 상당액 미만인 경우
- 미화 2만불초과 포지션               발생하는
경우
- MVP               스타고객 면제(로얄스타 50%
감면)
원화표시               타발송금
-               500만원 이하 : 1만원
- 500만원 초과 ~ 1,000만원 이하 :               2만원
- 1,000만원 초과 : 3만원
원화               10만원 미만 : 면제
MVP               스타고객 면제(로얄스타 50%
감면)",https://obank.kbstar.com/quics?page=C019777&boardId=682&compId=b033581&articleId=545&bbsMode=view&viewPage=1&articleClass=1&searchCondition=title&searchStr=,https://obank.kbstar.com/quics?page=C019777,7
웨스턴유니온특급송금으로 송금하였는데 취소가 가능한가요?,"제목 없음
웨스턴유니온특급송금거래 완료후 송금 취소는              불가능합니다.",https://obank.kbstar.com/quics?page=C019777&boardId=682&compId=b033581&articleId=544&bbsMode=view&viewPage=1&articleClass=1&searchCondition=title&searchStr=,https://obank.kbstar.com/quics?page=C019777,7
해외 겸용 직불카드로 해외 자동화기기에서 통장 잔액을 출금하는것과 직불가맹점에서 직접 물건을 사는것 중 어느 방법이 더 유리한가요?,"제목 없음
해외에   있는 자동화기기를 통한 현금 인출과 직불가맹점 이용시 발생되는 기본 수수료만으로
보았을때 가맹점 이용이 조금 더 유리합니다.
다만 사용 시점에   적용될 환율에 따라서 금액은 다소 차이가 발생될 수 있습니다.
또한    직불가맹점에서 여러건 결재(5건이상)할 경우 현금인출보다 수수료가 더 발생할   수 있으므로
사용금액을 예상할 수 있다면 현금인출하는 것이 더 유리할 수 있습니다.
해외에서   이용시 수수료는 이용국가의 화폐가 아닌 미화(USD)를 기준으로 계산되어 인출됩니다.
적용   환율은 출금 당시의 전신환 매도율이 적용되며 이용 수수료는 다음과 같습니다.
-   현금인출 : 건별 기본수수료(2$) + Master카드 브랜드 수수료 (대략 청구원금X1.0%)
*   예금 잔액조회시 0.5$ 수수료가 적용
- 직불가맹점 이용시 : 건별 기본   수수료 (0.5$) + 국외이용수수료 (이용금액의 1.0%)",https://obank.kbstar.com/quics?page=C019777&boardId=682&compId=b033581&articleId=543&bbsMode=view&viewPage=1&articleClass=1&searchCondition=title&searchStr=,https://obank.kbstar.com/quics?page=C019777,7
보유 외화를 인터넷을 통해 팔 수 있나요?,"제목 없음
KB네트워크환전 파실 때(되팔기) 거래는 외화현찰 및 여행자 수표를 ‘인터넷(모바일)   또는 KB영업점을
통해 사실 때’ 거래 신청 등록을 하시고 영업점에서 실물을 수령하지 않은 고객만 이용하실   수 있습니다.
따라서,  이미 실물을 수령한 고객이나 단순히   외화 실물을 보유한 고객이 외화를 팔고자 하는 경우에는
영업점을 방문하여 처리하여야   합니다.
KB네트워크환전 파실 때(되팔기)거래 완료 후 에는 취소가 불가능합니다.
*   KB네트워크환전   파실 때(되팔기) 거래시 통화별 환율 우대율
환율우대율
통               화
60%
-               USD, JPY, EUR
40%
-               GBP, CAD, AUD, NZD, HKD, SGD, CNY, CHF, SEK, NOK, THB, BRL, BND,
DKK, PHP, TWD, ZAR, PKR, BDT, MXN
20%
-               MYR, SAR, EGP, ILS, HUF, JOD, INR, AED, KWD, BHD, PLN, RUB, VND,
IDR, KZT",https://obank.kbstar.com/quics?page=C019777&boardId=682&compId=b033581&articleId=542&bbsMode=view&viewPage=1&articleClass=1&searchCondition=title&searchStr=,https://obank.kbstar.com/quics?page=C019777,7
자동화기기를 통해 해외송금하려면 어떻게 해야하나요?,"자동화기기(CD, ATM)에서 송금할 수 있는 방법은 최근 송금내역을 조회 후 송금하시거나
영업점을 방문하시어 송금하고자하는 해외은행 및 수취인에 대한 정보를 사전에 등록하고 송금하시는
두가지의 방법이 있습니다.
자세히보기
소액송금(미화 1,000불 상당액이하), 증빙서류 미제출송금, 유학생,체재자, 외국인 국내보수, 
재외동포 국내재산반출, 해외이주비를 송금하실 수 있으며 휴일을 포함하여 03:00~23:00 까지 거래 가능합니다.
( 매월 셋째 주 일요일 00:00 ~ 06:00 및 매월 마지막 영업일 22:00부터 익일 03:00까지는 거래가 불가 )
또한 전신료 5,000원만 징수하며 송금수수료 전액을 면제해드립니다.",https://obank.kbstar.com/quics?page=C019777&boardId=682&compId=b033581&articleId=541&bbsMode=view&viewPage=1&articleClass=1&searchCondition=title&searchStr=,https://obank.kbstar.com/quics?page=C019777,7
맞춤환율통지 서비스의 유효기간은 어떻게 됩니까?,"맞춤환율통지 서비스의 유효기간은 신청일로부터 3개월이며, 이 기간 내 은행 고시환율이 고객님께서
등록하신 환율범위에 도달하지 않은 경우 재등록 하셔야 됩니다.",https://obank.kbstar.com/quics?page=C019777&boardId=682&compId=b033581&articleId=540&bbsMode=view&viewPage=1&articleClass=1&searchCondition=title&searchStr=,https://obank.kbstar.com/quics?page=C019777,7
인터넷(모바일) 환전을 했는데요. 모든 지점에서 외화수령이 가능한 건가요?,"환전 통화에 따라 교부 가능점이 다르므로 아래의 내용을 참고하시기 바랍니다.
구               분
내               용
외화현찰
-
USD, JPY, EUR, CNY
: 전 영업점 및 인천국제공항지점
(스타환전소,               글로벌 환전소 포함)
-
기타 통화
: 인천국제공항지점(스타환전소, 글로벌 환전소 포함)
여행자수표
-
USD
: 전 영업점 및 인천국제공항지점 (환전소 제외)
-
JPY, EUR, GBP, CAD, AUD
: 인천국제공항지점 (환전소 제외)
※ 지점에 따라 일시적으로   외화를 보유하고 있지 않을 수도 있으므로 외화수취 희망지점에
전화연락 후 방문하시길 바랍니다.
(여행자수표의 경우에는 필히 연락 후 방문하시길 바랍니다.)",https://obank.kbstar.com/quics?page=C019777&boardId=682&compId=b033581&articleId=539&bbsMode=view&viewPage=1&articleClass=1&searchCondition=title&searchStr=,https://obank.kbstar.com/quics?page=C019777,7
최초수익자로부터 신용장을 양도받았는데 선적이 불가능하여 양도를 취소하고 최초수익자에게 반환한 후 최초수익자는 이를 새로운 제2수익자에게 재양도하려고 하는데 가능한가요?,"양도의 취소후 재양도는 가능합니다.
즉, 신용장을 양도받은 제2수익자가 선적을 이행할 수 없으면 그 양도받았던 신용장을
원수익자인 최초수익자에게  돌려주는 재양도는 가능합니다.
물론, 신용장의 양도를 반환받은 최초수익자는 필요하다면  또 다른 제2수익자를 찾아
이를 다시 양도할 수 있습니다.",https://obank.kbstar.com/quics?page=C019778&boardId=682&compId=b033599&articleId=467&bbsMode=view&viewPage=1&articleClass=2&searchCondition=title&searchStr=,https://obank.kbstar.com/quics?page=C019778,1
국외/국내양도를 하려고 합니다. 필요한 서류는 무엇인가요?,"1ST BENE는 아래의 서류를 은행에 제출해야 합니다.
① 양도신청서(APPLICATION FOR ADVICE OF TOTAL,PARTIAL TRANSFER)
② 수출신용장(조건변경서 포함)원본
③ 인감(서명감)신고서(양도인,양수인)
④ 인감증명서
⑤ 법인등기부등본(주민등록증사본)
⑥ 사업자등록증 사본(검열 생략시 세무서 발급 사업자등록 증명원)
⑦ 기타 필요한 서류",https://obank.kbstar.com/quics?page=C019778&boardId=682&compId=b033599&articleId=466&bbsMode=view&viewPage=1&articleClass=2&searchCondition=title&searchStr=,https://obank.kbstar.com/quics?page=C019778,1
양도를 하려고 할 때 검토사항은 무엇입니까?,"제목 없음
① 신용장이 양도 가능한지 확인합니다. 신용장상에 ‘TRANSFERABLE’이란 문구가 있는지 확인합니다.
신용장의 양도는 신용장상에 특별히 명시가 없는한 1회에 한합니다.(다만, 분할선적이 금지되어 있지 않은
경우에는 분할양도가 가능합니다. 복수의 제 2수익자에게 분할양도하는 경우로서 양도된 총 금액이 신용장
금액을 넘지 않는 경우에는 1회의 양도로 간주합니다.)
② 양도취급은행이 국민은행으로 지정되어 있는지 확인합니다. 자유매입신용장인 경우에는 신용장에서
특별히 양도은행으로 지정받은 은행만 양도를 취급할 수 있고, 양도은행이 별도로 지정되어 있지 않으면
개설은행에 통지하여 양도은행을 지정 받은 후 취급하여야 합니다.
③ 양도조건이 원 신용장 조건과 일치하는지 확인합니다. 신용장 금액 및 단가의 감액, 신용장의 유효기일,
서류제시를 위한 최종일 또는 선적일은 단축가능하며, 보험의 부보비율은 원신용장 또는 신용장통일규칙에
명시된 부보금액까지 요구할 수 있습니다.
④ 조건변경서 통지방법에 대한 지시사항이 있는지 확인합니다. 1ST BENE는 조건변경서 통지방법에 관하여
자신을 경유할건지 2ND BENE에게 직접 통지할건지 여부를 양도요청시 또는 양도은행의 양도처리 이전까지
분명히 양도은행에 지시하여야 합니다. 그리고 양도은행은 양도처리할 때 이러한 지시내용을 2ND BENE에게
반드시 통보하여야 합니다.",https://obank.kbstar.com/quics?page=C019778&boardId=682&compId=b033599&articleId=465&bbsMode=view&viewPage=1&articleClass=2&searchCondition=title&searchStr=,https://obank.kbstar.com/quics?page=C019778,1
양도관련 수수료는 얼마인가요?,"국내양도 20,000원, 조건변경(국내) 10,000원
국외양도 30,000원, 조건변경(국외) 20,000원",https://obank.kbstar.com/quics?page=C019778&boardId=682&compId=b033599&articleId=464&bbsMode=view&viewPage=1&articleClass=2&searchCondition=title&searchStr=,https://obank.kbstar.com/quics?page=C019778,1
수출실적증명서 발급에 대해 알려주세요.,"일반 수출입의 경우는 수출 통관액 (FOB)이 실적범위로 인정되며 증명서 발급은 대외 무역법상
외국환 은행이 아닌 한국무역협회에서 발급하고 있습니다 .
중계무역, 전자적 형태의 무체물 수출 , 내국 신용장 및 구매확인서에 의한 공급등의 수출입실적은
외국환 은행에서 확인하여 발급이 가능합니다.",https://obank.kbstar.com/quics?page=C019778&boardId=682&compId=b033599&articleId=463&bbsMode=view&viewPage=1&articleClass=2&searchCondition=title&searchStr=,https://obank.kbstar.com/quics?page=C019778,1
Ｄ／Ａ네고후 수입상의 기한연장 요구에 합의하였습니다. 기한연장을 위해 은행에 제출할 서류와 추가로 부담해야할 수수료에 대해 알려 주세요.,"계약서와 동일한 서명의 조건변경 계약서 혹은 추심은행의동의서가 필요하고 영업점에서
‘기한연장 신청 및 승락서’를 작성하셔야 합니다. 기한연장에 대한 환가료는 최초 매입일로부터
연장만기일에 해당하는 환가료율을 적용하여 징수하고  있습니다.",https://obank.kbstar.com/quics?page=C019778&boardId=682&compId=b033599&articleId=462&bbsMode=view&viewPage=1&articleClass=2&searchCondition=title&searchStr=,https://obank.kbstar.com/quics?page=C019778,1
수출환 어음이 부도가 나는 경우와 이때 발생하는 부도이자에 대해 설명해주세요.,"일람출급 수출환 어음이 매입일로부터 30일안에 입급되지 않는 경우와 기한부 수출환어음이
만기일로부터 30일까지 입금되지 않을 경우 그리고 인수를 요하는 수출환 어음이 매입일로부터
30일까지 인수통지가 없는 경우(개설은행으로 부터 하자 통지가 없는 경우 제외) 부도대상이
되어 부도가 나게됩니다. 이때 부도이자는 환가료 징수기간 만료일 다음날로부터 부도대금
회수일 전일까지의 기간에 대해 외화여신 연체이율 및 회수당시의 대고객 전신환 매도율을
적용하여 징수하게 됩니다.",https://obank.kbstar.com/quics?page=C019778&boardId=682&compId=b033599&articleId=461&bbsMode=view&viewPage=1&articleClass=2&searchCondition=title&searchStr=,https://obank.kbstar.com/quics?page=C019778,1
RE-NEGO 시 환가료 징수기준에 대해 알고 싶습니다.,"4영업일과 9일치의 환가료를 징수하고 있고 4영업일은 우리은행의 환가료로 처리되고  9일치는
RE-NEGO  은행으로 이체됩니다.",https://obank.kbstar.com/quics?page=C019778&boardId=682&compId=b033599&articleId=460&bbsMode=view&viewPage=1&articleClass=2&searchCondition=title&searchStr=,https://obank.kbstar.com/quics?page=C019778,1
수출상이 선하증권상에 배서를 해야하는 경우에 대해 알려주세요.,"지시식인 경우로써 TO ORDER, TO THE ORDER OF SHIPPER 등으로 된 경우는 수출업체(선적인)의
배서가 필요하고, TO ORDER OF 개설은행 등과 같은 경우는 수출업체의 배서가 필요없습니다.",https://obank.kbstar.com/quics?page=C019778&boardId=682&compId=b033599&articleId=459&bbsMode=view&viewPage=1&articleClass=2&searchCondition=title&searchStr=,https://obank.kbstar.com/quics?page=C019778,1
"네고할때 발생하는 수수료에는 어떤 것들이 있고, 또 그런 수수료가  발생하는 이유는 무엇인가요?","제목 없음
① 환가료 : 수출환어음을 매입하는 경우 은행의 외화타점예치계정에서 자금을 선지급하는 것에 대한
이자성 수수료로서 징수기간은 아래와 같습니다.
▷ 일본화,홍콩화,싱가폴화,말레이화 표시 : 9일
▷ 기타 통화 표시 : 10일
이 때, 환가료는 Libor금리를 바탕으로 업체의 신용등급, 세금, (교육세),신용등급,은행마진 등의 요소들을
더하여 산출되며, 따라서 적용되는 환가료는 상황에 따라 가변적인 경우가 많습니다.
② 우편료 : 선적서류를 개설은행으로 송부하는데 발생하는 비용으로서, 결제방식이 상환방식인 경우에는 상환
은행으로 상환용어음을 발송하는 비용이 추가됩니다.(단, 전신청구방식인 경우에는 우편료 대신 전신료를 징수)
지역별
요금 (건당)
동남, 동북 아시아
8,000원
북미, 오세아니아, 하와이, 괌, 피지
12,000원
유럽
16,000원
상기 지역을 제외한 국가
20,000원
예) 개설은행이 일본에 위치하고, 상환은행이 미국에 있는 경우 : 8,000원 + 12,000원 = 20,000원
③ 전신료 : 결제방식이 상환방식이고, 신용장상에 전신청구가 허용되어 있는 경우, 전신으로 자금청구시에
발생하는 비용으로서 일괄적으로 8,000원이 부과됩니다.",https://obank.kbstar.com/quics?page=C019778&boardId=682&compId=b033599&articleId=458&bbsMode=view&viewPage=1&articleClass=2&searchCondition=title&searchStr=,https://obank.kbstar.com/quics?page=C019778,1
최초수익자로부터 신용장을 양도받았는데 선적이 불가능하여 양도를 취소하고 최초수익자에게 반환한 후 최초수익자는 이를 새로운 제2수익자에게 재양도하려고 하는데 가능한가요?,"양도의 취소후 재양도는 가능합니다.
즉, 신용장을 양도받은 제2수익자가 선적을 이행할 수 없으면 그 양도받았던 신용장을
원수익자인 최초수익자에게  돌려주는 재양도는 가능합니다.
물론, 신용장의 양도를 반환받은 최초수익자는 필요하다면  또 다른 제2수익자를 찾아
이를 다시 양도할 수 있습니다.",https://obank.kbstar.com/quics?page=C019778&boardId=682&compId=b033599&articleId=467&bbsMode=view&viewPage=1&articleClass=2&searchCondition=title&searchStr=,https://obank.kbstar.com/quics?page=C019778,2
국외/국내양도를 하려고 합니다. 필요한 서류는 무엇인가요?,"1ST BENE는 아래의 서류를 은행에 제출해야 합니다.
① 양도신청서(APPLICATION FOR ADVICE OF TOTAL,PARTIAL TRANSFER)
② 수출신용장(조건변경서 포함)원본
③ 인감(서명감)신고서(양도인,양수인)
④ 인감증명서
⑤ 법인등기부등본(주민등록증사본)
⑥ 사업자등록증 사본(검열 생략시 세무서 발급 사업자등록 증명원)
⑦ 기타 필요한 서류",https://obank.kbstar.com/quics?page=C019778&boardId=682&compId=b033599&articleId=466&bbsMode=view&viewPage=1&articleClass=2&searchCondition=title&searchStr=,https://obank.kbstar.com/quics?page=C019778,2
양도를 하려고 할 때 검토사항은 무엇입니까?,"제목 없음
① 신용장이 양도 가능한지 확인합니다. 신용장상에 ‘TRANSFERABLE’이란 문구가 있는지 확인합니다.
신용장의 양도는 신용장상에 특별히 명시가 없는한 1회에 한합니다.(다만, 분할선적이 금지되어 있지 않은
경우에는 분할양도가 가능합니다. 복수의 제 2수익자에게 분할양도하는 경우로서 양도된 총 금액이 신용장
금액을 넘지 않는 경우에는 1회의 양도로 간주합니다.)
② 양도취급은행이 국민은행으로 지정되어 있는지 확인합니다. 자유매입신용장인 경우에는 신용장에서
특별히 양도은행으로 지정받은 은행만 양도를 취급할 수 있고, 양도은행이 별도로 지정되어 있지 않으면
개설은행에 통지하여 양도은행을 지정 받은 후 취급하여야 합니다.
③ 양도조건이 원 신용장 조건과 일치하는지 확인합니다. 신용장 금액 및 단가의 감액, 신용장의 유효기일,
서류제시를 위한 최종일 또는 선적일은 단축가능하며, 보험의 부보비율은 원신용장 또는 신용장통일규칙에
명시된 부보금액까지 요구할 수 있습니다.
④ 조건변경서 통지방법에 대한 지시사항이 있는지 확인합니다. 1ST BENE는 조건변경서 통지방법에 관하여
자신을 경유할건지 2ND BENE에게 직접 통지할건지 여부를 양도요청시 또는 양도은행의 양도처리 이전까지
분명히 양도은행에 지시하여야 합니다. 그리고 양도은행은 양도처리할 때 이러한 지시내용을 2ND BENE에게
반드시 통보하여야 합니다.",https://obank.kbstar.com/quics?page=C019778&boardId=682&compId=b033599&articleId=465&bbsMode=view&viewPage=1&articleClass=2&searchCondition=title&searchStr=,https://obank.kbstar.com/quics?page=C019778,2
양도관련 수수료는 얼마인가요?,"국내양도 20,000원, 조건변경(국내) 10,000원
국외양도 30,000원, 조건변경(국외) 20,000원",https://obank.kbstar.com/quics?page=C019778&boardId=682&compId=b033599&articleId=464&bbsMode=view&viewPage=1&articleClass=2&searchCondition=title&searchStr=,https://obank.kbstar.com/quics?page=C019778,2
수출실적증명서 발급에 대해 알려주세요.,"일반 수출입의 경우는 수출 통관액 (FOB)이 실적범위로 인정되며 증명서 발급은 대외 무역법상
외국환 은행이 아닌 한국무역협회에서 발급하고 있습니다 .
중계무역, 전자적 형태의 무체물 수출 , 내국 신용장 및 구매확인서에 의한 공급등의 수출입실적은
외국환 은행에서 확인하여 발급이 가능합니다.",https://obank.kbstar.com/quics?page=C019778&boardId=682&compId=b033599&articleId=463&bbsMode=view&viewPage=1&articleClass=2&searchCondition=title&searchStr=,https://obank.kbstar.com/quics?page=C019778,2
Ｄ／Ａ네고후 수입상의 기한연장 요구에 합의하였습니다. 기한연장을 위해 은행에 제출할 서류와 추가로 부담해야할 수수료에 대해 알려 주세요.,"계약서와 동일한 서명의 조건변경 계약서 혹은 추심은행의동의서가 필요하고 영업점에서
‘기한연장 신청 및 승락서’를 작성하셔야 합니다. 기한연장에 대한 환가료는 최초 매입일로부터
연장만기일에 해당하는 환가료율을 적용하여 징수하고  있습니다.",https://obank.kbstar.com/quics?page=C019778&boardId=682&compId=b033599&articleId=462&bbsMode=view&viewPage=1&articleClass=2&searchCondition=title&searchStr=,https://obank.kbstar.com/quics?page=C019778,2
수출환 어음이 부도가 나는 경우와 이때 발생하는 부도이자에 대해 설명해주세요.,"일람출급 수출환 어음이 매입일로부터 30일안에 입급되지 않는 경우와 기한부 수출환어음이
만기일로부터 30일까지 입금되지 않을 경우 그리고 인수를 요하는 수출환 어음이 매입일로부터
30일까지 인수통지가 없는 경우(개설은행으로 부터 하자 통지가 없는 경우 제외) 부도대상이
되어 부도가 나게됩니다. 이때 부도이자는 환가료 징수기간 만료일 다음날로부터 부도대금
회수일 전일까지의 기간에 대해 외화여신 연체이율 및 회수당시의 대고객 전신환 매도율을
적용하여 징수하게 됩니다.",https://obank.kbstar.com/quics?page=C019778&boardId=682&compId=b033599&articleId=461&bbsMode=view&viewPage=1&articleClass=2&searchCondition=title&searchStr=,https://obank.kbstar.com/quics?page=C019778,2
RE-NEGO 시 환가료 징수기준에 대해 알고 싶습니다.,"4영업일과 9일치의 환가료를 징수하고 있고 4영업일은 우리은행의 환가료로 처리되고  9일치는
RE-NEGO  은행으로 이체됩니다.",https://obank.kbstar.com/quics?page=C019778&boardId=682&compId=b033599&articleId=460&bbsMode=view&viewPage=1&articleClass=2&searchCondition=title&searchStr=,https://obank.kbstar.com/quics?page=C019778,2
수출상이 선하증권상에 배서를 해야하는 경우에 대해 알려주세요.,"지시식인 경우로써 TO ORDER, TO THE ORDER OF SHIPPER 등으로 된 경우는 수출업체(선적인)의
배서가 필요하고, TO ORDER OF 개설은행 등과 같은 경우는 수출업체의 배서가 필요없습니다.",https://obank.kbstar.com/quics?page=C019778&boardId=682&compId=b033599&articleId=459&bbsMode=view&viewPage=1&articleClass=2&searchCondition=title&searchStr=,https://obank.kbstar.com/quics?page=C019778,2
"네고할때 발생하는 수수료에는 어떤 것들이 있고, 또 그런 수수료가  발생하는 이유는 무엇인가요?","제목 없음
① 환가료 : 수출환어음을 매입하는 경우 은행의 외화타점예치계정에서 자금을 선지급하는 것에 대한
이자성 수수료로서 징수기간은 아래와 같습니다.
▷ 일본화,홍콩화,싱가폴화,말레이화 표시 : 9일
▷ 기타 통화 표시 : 10일
이 때, 환가료는 Libor금리를 바탕으로 업체의 신용등급, 세금, (교육세),신용등급,은행마진 등의 요소들을
더하여 산출되며, 따라서 적용되는 환가료는 상황에 따라 가변적인 경우가 많습니다.
② 우편료 : 선적서류를 개설은행으로 송부하는데 발생하는 비용으로서, 결제방식이 상환방식인 경우에는 상환
은행으로 상환용어음을 발송하는 비용이 추가됩니다.(단, 전신청구방식인 경우에는 우편료 대신 전신료를 징수)
지역별
요금 (건당)
동남, 동북 아시아
8,000원
북미, 오세아니아, 하와이, 괌, 피지
12,000원
유럽
16,000원
상기 지역을 제외한 국가
20,000원
예) 개설은행이 일본에 위치하고, 상환은행이 미국에 있는 경우 : 8,000원 + 12,000원 = 20,000원
③ 전신료 : 결제방식이 상환방식이고, 신용장상에 전신청구가 허용되어 있는 경우, 전신으로 자금청구시에
발생하는 비용으로서 일괄적으로 8,000원이 부과됩니다.",https://obank.kbstar.com/quics?page=C019778&boardId=682&compId=b033599&articleId=458&bbsMode=view&viewPage=1&articleClass=2&searchCondition=title&searchStr=,https://obank.kbstar.com/quics?page=C019778,2
최초수익자로부터 신용장을 양도받았는데 선적이 불가능하여 양도를 취소하고 최초수익자에게 반환한 후 최초수익자는 이를 새로운 제2수익자에게 재양도하려고 하는데 가능한가요?,"양도의 취소후 재양도는 가능합니다.
즉, 신용장을 양도받은 제2수익자가 선적을 이행할 수 없으면 그 양도받았던 신용장을
원수익자인 최초수익자에게  돌려주는 재양도는 가능합니다.
물론, 신용장의 양도를 반환받은 최초수익자는 필요하다면  또 다른 제2수익자를 찾아
이를 다시 양도할 수 있습니다.",https://obank.kbstar.com/quics?page=C019778&boardId=682&compId=b033599&articleId=467&bbsMode=view&viewPage=1&articleClass=2&searchCondition=title&searchStr=,https://obank.kbstar.com/quics?page=C019778,3
국외/국내양도를 하려고 합니다. 필요한 서류는 무엇인가요?,"1ST BENE는 아래의 서류를 은행에 제출해야 합니다.
① 양도신청서(APPLICATION FOR ADVICE OF TOTAL,PARTIAL TRANSFER)
② 수출신용장(조건변경서 포함)원본
③ 인감(서명감)신고서(양도인,양수인)
④ 인감증명서
⑤ 법인등기부등본(주민등록증사본)
⑥ 사업자등록증 사본(검열 생략시 세무서 발급 사업자등록 증명원)
⑦ 기타 필요한 서류",https://obank.kbstar.com/quics?page=C019778&boardId=682&compId=b033599&articleId=466&bbsMode=view&viewPage=1&articleClass=2&searchCondition=title&searchStr=,https://obank.kbstar.com/quics?page=C019778,3
양도를 하려고 할 때 검토사항은 무엇입니까?,"제목 없음
① 신용장이 양도 가능한지 확인합니다. 신용장상에 ‘TRANSFERABLE’이란 문구가 있는지 확인합니다.
신용장의 양도는 신용장상에 특별히 명시가 없는한 1회에 한합니다.(다만, 분할선적이 금지되어 있지 않은
경우에는 분할양도가 가능합니다. 복수의 제 2수익자에게 분할양도하는 경우로서 양도된 총 금액이 신용장
금액을 넘지 않는 경우에는 1회의 양도로 간주합니다.)
② 양도취급은행이 국민은행으로 지정되어 있는지 확인합니다. 자유매입신용장인 경우에는 신용장에서
특별히 양도은행으로 지정받은 은행만 양도를 취급할 수 있고, 양도은행이 별도로 지정되어 있지 않으면
개설은행에 통지하여 양도은행을 지정 받은 후 취급하여야 합니다.
③ 양도조건이 원 신용장 조건과 일치하는지 확인합니다. 신용장 금액 및 단가의 감액, 신용장의 유효기일,
서류제시를 위한 최종일 또는 선적일은 단축가능하며, 보험의 부보비율은 원신용장 또는 신용장통일규칙에
명시된 부보금액까지 요구할 수 있습니다.
④ 조건변경서 통지방법에 대한 지시사항이 있는지 확인합니다. 1ST BENE는 조건변경서 통지방법에 관하여
자신을 경유할건지 2ND BENE에게 직접 통지할건지 여부를 양도요청시 또는 양도은행의 양도처리 이전까지
분명히 양도은행에 지시하여야 합니다. 그리고 양도은행은 양도처리할 때 이러한 지시내용을 2ND BENE에게
반드시 통보하여야 합니다.",https://obank.kbstar.com/quics?page=C019778&boardId=682&compId=b033599&articleId=465&bbsMode=view&viewPage=1&articleClass=2&searchCondition=title&searchStr=,https://obank.kbstar.com/quics?page=C019778,3
양도관련 수수료는 얼마인가요?,"국내양도 20,000원, 조건변경(국내) 10,000원
국외양도 30,000원, 조건변경(국외) 20,000원",https://obank.kbstar.com/quics?page=C019778&boardId=682&compId=b033599&articleId=464&bbsMode=view&viewPage=1&articleClass=2&searchCondition=title&searchStr=,https://obank.kbstar.com/quics?page=C019778,3
수출실적증명서 발급에 대해 알려주세요.,"일반 수출입의 경우는 수출 통관액 (FOB)이 실적범위로 인정되며 증명서 발급은 대외 무역법상
외국환 은행이 아닌 한국무역협회에서 발급하고 있습니다 .
중계무역, 전자적 형태의 무체물 수출 , 내국 신용장 및 구매확인서에 의한 공급등의 수출입실적은
외국환 은행에서 확인하여 발급이 가능합니다.",https://obank.kbstar.com/quics?page=C019778&boardId=682&compId=b033599&articleId=463&bbsMode=view&viewPage=1&articleClass=2&searchCondition=title&searchStr=,https://obank.kbstar.com/quics?page=C019778,3
Ｄ／Ａ네고후 수입상의 기한연장 요구에 합의하였습니다. 기한연장을 위해 은행에 제출할 서류와 추가로 부담해야할 수수료에 대해 알려 주세요.,"계약서와 동일한 서명의 조건변경 계약서 혹은 추심은행의동의서가 필요하고 영업점에서
‘기한연장 신청 및 승락서’를 작성하셔야 합니다. 기한연장에 대한 환가료는 최초 매입일로부터
연장만기일에 해당하는 환가료율을 적용하여 징수하고  있습니다.",https://obank.kbstar.com/quics?page=C019778&boardId=682&compId=b033599&articleId=462&bbsMode=view&viewPage=1&articleClass=2&searchCondition=title&searchStr=,https://obank.kbstar.com/quics?page=C019778,3
수출환 어음이 부도가 나는 경우와 이때 발생하는 부도이자에 대해 설명해주세요.,"일람출급 수출환 어음이 매입일로부터 30일안에 입급되지 않는 경우와 기한부 수출환어음이
만기일로부터 30일까지 입금되지 않을 경우 그리고 인수를 요하는 수출환 어음이 매입일로부터
30일까지 인수통지가 없는 경우(개설은행으로 부터 하자 통지가 없는 경우 제외) 부도대상이
되어 부도가 나게됩니다. 이때 부도이자는 환가료 징수기간 만료일 다음날로부터 부도대금
회수일 전일까지의 기간에 대해 외화여신 연체이율 및 회수당시의 대고객 전신환 매도율을
적용하여 징수하게 됩니다.",https://obank.kbstar.com/quics?page=C019778&boardId=682&compId=b033599&articleId=461&bbsMode=view&viewPage=1&articleClass=2&searchCondition=title&searchStr=,https://obank.kbstar.com/quics?page=C019778,3
RE-NEGO 시 환가료 징수기준에 대해 알고 싶습니다.,"4영업일과 9일치의 환가료를 징수하고 있고 4영업일은 우리은행의 환가료로 처리되고  9일치는
RE-NEGO  은행으로 이체됩니다.",https://obank.kbstar.com/quics?page=C019778&boardId=682&compId=b033599&articleId=460&bbsMode=view&viewPage=1&articleClass=2&searchCondition=title&searchStr=,https://obank.kbstar.com/quics?page=C019778,3
수출상이 선하증권상에 배서를 해야하는 경우에 대해 알려주세요.,"지시식인 경우로써 TO ORDER, TO THE ORDER OF SHIPPER 등으로 된 경우는 수출업체(선적인)의
배서가 필요하고, TO ORDER OF 개설은행 등과 같은 경우는 수출업체의 배서가 필요없습니다.",https://obank.kbstar.com/quics?page=C019778&boardId=682&compId=b033599&articleId=459&bbsMode=view&viewPage=1&articleClass=2&searchCondition=title&searchStr=,https://obank.kbstar.com/quics?page=C019778,3
"네고할때 발생하는 수수료에는 어떤 것들이 있고, 또 그런 수수료가  발생하는 이유는 무엇인가요?","제목 없음
① 환가료 : 수출환어음을 매입하는 경우 은행의 외화타점예치계정에서 자금을 선지급하는 것에 대한
이자성 수수료로서 징수기간은 아래와 같습니다.
▷ 일본화,홍콩화,싱가폴화,말레이화 표시 : 9일
▷ 기타 통화 표시 : 10일
이 때, 환가료는 Libor금리를 바탕으로 업체의 신용등급, 세금, (교육세),신용등급,은행마진 등의 요소들을
더하여 산출되며, 따라서 적용되는 환가료는 상황에 따라 가변적인 경우가 많습니다.
② 우편료 : 선적서류를 개설은행으로 송부하는데 발생하는 비용으로서, 결제방식이 상환방식인 경우에는 상환
은행으로 상환용어음을 발송하는 비용이 추가됩니다.(단, 전신청구방식인 경우에는 우편료 대신 전신료를 징수)
지역별
요금 (건당)
동남, 동북 아시아
8,000원
북미, 오세아니아, 하와이, 괌, 피지
12,000원
유럽
16,000원
상기 지역을 제외한 국가
20,000원
예) 개설은행이 일본에 위치하고, 상환은행이 미국에 있는 경우 : 8,000원 + 12,000원 = 20,000원
③ 전신료 : 결제방식이 상환방식이고, 신용장상에 전신청구가 허용되어 있는 경우, 전신으로 자금청구시에
발생하는 비용으로서 일괄적으로 8,000원이 부과됩니다.",https://obank.kbstar.com/quics?page=C019778&boardId=682&compId=b033599&articleId=458&bbsMode=view&viewPage=1&articleClass=2&searchCondition=title&searchStr=,https://obank.kbstar.com/quics?page=C019778,3
최초수익자로부터 신용장을 양도받았는데 선적이 불가능하여 양도를 취소하고 최초수익자에게 반환한 후 최초수익자는 이를 새로운 제2수익자에게 재양도하려고 하는데 가능한가요?,"양도의 취소후 재양도는 가능합니다.
즉, 신용장을 양도받은 제2수익자가 선적을 이행할 수 없으면 그 양도받았던 신용장을
원수익자인 최초수익자에게  돌려주는 재양도는 가능합니다.
물론, 신용장의 양도를 반환받은 최초수익자는 필요하다면  또 다른 제2수익자를 찾아
이를 다시 양도할 수 있습니다.",https://obank.kbstar.com/quics?page=C019778&boardId=682&compId=b033599&articleId=467&bbsMode=view&viewPage=1&articleClass=2&searchCondition=title&searchStr=,https://obank.kbstar.com/quics?page=C019778,4
국외/국내양도를 하려고 합니다. 필요한 서류는 무엇인가요?,"1ST BENE는 아래의 서류를 은행에 제출해야 합니다.
① 양도신청서(APPLICATION FOR ADVICE OF TOTAL,PARTIAL TRANSFER)
② 수출신용장(조건변경서 포함)원본
③ 인감(서명감)신고서(양도인,양수인)
④ 인감증명서
⑤ 법인등기부등본(주민등록증사본)
⑥ 사업자등록증 사본(검열 생략시 세무서 발급 사업자등록 증명원)
⑦ 기타 필요한 서류",https://obank.kbstar.com/quics?page=C019778&boardId=682&compId=b033599&articleId=466&bbsMode=view&viewPage=1&articleClass=2&searchCondition=title&searchStr=,https://obank.kbstar.com/quics?page=C019778,4
양도를 하려고 할 때 검토사항은 무엇입니까?,"제목 없음
① 신용장이 양도 가능한지 확인합니다. 신용장상에 ‘TRANSFERABLE’이란 문구가 있는지 확인합니다.
신용장의 양도는 신용장상에 특별히 명시가 없는한 1회에 한합니다.(다만, 분할선적이 금지되어 있지 않은
경우에는 분할양도가 가능합니다. 복수의 제 2수익자에게 분할양도하는 경우로서 양도된 총 금액이 신용장
금액을 넘지 않는 경우에는 1회의 양도로 간주합니다.)
② 양도취급은행이 국민은행으로 지정되어 있는지 확인합니다. 자유매입신용장인 경우에는 신용장에서
특별히 양도은행으로 지정받은 은행만 양도를 취급할 수 있고, 양도은행이 별도로 지정되어 있지 않으면
개설은행에 통지하여 양도은행을 지정 받은 후 취급하여야 합니다.
③ 양도조건이 원 신용장 조건과 일치하는지 확인합니다. 신용장 금액 및 단가의 감액, 신용장의 유효기일,
서류제시를 위한 최종일 또는 선적일은 단축가능하며, 보험의 부보비율은 원신용장 또는 신용장통일규칙에
명시된 부보금액까지 요구할 수 있습니다.
④ 조건변경서 통지방법에 대한 지시사항이 있는지 확인합니다. 1ST BENE는 조건변경서 통지방법에 관하여
자신을 경유할건지 2ND BENE에게 직접 통지할건지 여부를 양도요청시 또는 양도은행의 양도처리 이전까지
분명히 양도은행에 지시하여야 합니다. 그리고 양도은행은 양도처리할 때 이러한 지시내용을 2ND BENE에게
반드시 통보하여야 합니다.",https://obank.kbstar.com/quics?page=C019778&boardId=682&compId=b033599&articleId=465&bbsMode=view&viewPage=1&articleClass=2&searchCondition=title&searchStr=,https://obank.kbstar.com/quics?page=C019778,4
양도관련 수수료는 얼마인가요?,"국내양도 20,000원, 조건변경(국내) 10,000원
국외양도 30,000원, 조건변경(국외) 20,000원",https://obank.kbstar.com/quics?page=C019778&boardId=682&compId=b033599&articleId=464&bbsMode=view&viewPage=1&articleClass=2&searchCondition=title&searchStr=,https://obank.kbstar.com/quics?page=C019778,4
수출실적증명서 발급에 대해 알려주세요.,"일반 수출입의 경우는 수출 통관액 (FOB)이 실적범위로 인정되며 증명서 발급은 대외 무역법상
외국환 은행이 아닌 한국무역협회에서 발급하고 있습니다 .
중계무역, 전자적 형태의 무체물 수출 , 내국 신용장 및 구매확인서에 의한 공급등의 수출입실적은
외국환 은행에서 확인하여 발급이 가능합니다.",https://obank.kbstar.com/quics?page=C019778&boardId=682&compId=b033599&articleId=463&bbsMode=view&viewPage=1&articleClass=2&searchCondition=title&searchStr=,https://obank.kbstar.com/quics?page=C019778,4
Ｄ／Ａ네고후 수입상의 기한연장 요구에 합의하였습니다. 기한연장을 위해 은행에 제출할 서류와 추가로 부담해야할 수수료에 대해 알려 주세요.,"계약서와 동일한 서명의 조건변경 계약서 혹은 추심은행의동의서가 필요하고 영업점에서
‘기한연장 신청 및 승락서’를 작성하셔야 합니다. 기한연장에 대한 환가료는 최초 매입일로부터
연장만기일에 해당하는 환가료율을 적용하여 징수하고  있습니다.",https://obank.kbstar.com/quics?page=C019778&boardId=682&compId=b033599&articleId=462&bbsMode=view&viewPage=1&articleClass=2&searchCondition=title&searchStr=,https://obank.kbstar.com/quics?page=C019778,4
수출환 어음이 부도가 나는 경우와 이때 발생하는 부도이자에 대해 설명해주세요.,"일람출급 수출환 어음이 매입일로부터 30일안에 입급되지 않는 경우와 기한부 수출환어음이
만기일로부터 30일까지 입금되지 않을 경우 그리고 인수를 요하는 수출환 어음이 매입일로부터
30일까지 인수통지가 없는 경우(개설은행으로 부터 하자 통지가 없는 경우 제외) 부도대상이
되어 부도가 나게됩니다. 이때 부도이자는 환가료 징수기간 만료일 다음날로부터 부도대금
회수일 전일까지의 기간에 대해 외화여신 연체이율 및 회수당시의 대고객 전신환 매도율을
적용하여 징수하게 됩니다.",https://obank.kbstar.com/quics?page=C019778&boardId=682&compId=b033599&articleId=461&bbsMode=view&viewPage=1&articleClass=2&searchCondition=title&searchStr=,https://obank.kbstar.com/quics?page=C019778,4
RE-NEGO 시 환가료 징수기준에 대해 알고 싶습니다.,"4영업일과 9일치의 환가료를 징수하고 있고 4영업일은 우리은행의 환가료로 처리되고  9일치는
RE-NEGO  은행으로 이체됩니다.",https://obank.kbstar.com/quics?page=C019778&boardId=682&compId=b033599&articleId=460&bbsMode=view&viewPage=1&articleClass=2&searchCondition=title&searchStr=,https://obank.kbstar.com/quics?page=C019778,4
수출상이 선하증권상에 배서를 해야하는 경우에 대해 알려주세요.,"지시식인 경우로써 TO ORDER, TO THE ORDER OF SHIPPER 등으로 된 경우는 수출업체(선적인)의
배서가 필요하고, TO ORDER OF 개설은행 등과 같은 경우는 수출업체의 배서가 필요없습니다.",https://obank.kbstar.com/quics?page=C019778&boardId=682&compId=b033599&articleId=459&bbsMode=view&viewPage=1&articleClass=2&searchCondition=title&searchStr=,https://obank.kbstar.com/quics?page=C019778,4
"네고할때 발생하는 수수료에는 어떤 것들이 있고, 또 그런 수수료가  발생하는 이유는 무엇인가요?","제목 없음
① 환가료 : 수출환어음을 매입하는 경우 은행의 외화타점예치계정에서 자금을 선지급하는 것에 대한
이자성 수수료로서 징수기간은 아래와 같습니다.
▷ 일본화,홍콩화,싱가폴화,말레이화 표시 : 9일
▷ 기타 통화 표시 : 10일
이 때, 환가료는 Libor금리를 바탕으로 업체의 신용등급, 세금, (교육세),신용등급,은행마진 등의 요소들을
더하여 산출되며, 따라서 적용되는 환가료는 상황에 따라 가변적인 경우가 많습니다.
② 우편료 : 선적서류를 개설은행으로 송부하는데 발생하는 비용으로서, 결제방식이 상환방식인 경우에는 상환
은행으로 상환용어음을 발송하는 비용이 추가됩니다.(단, 전신청구방식인 경우에는 우편료 대신 전신료를 징수)
지역별
요금 (건당)
동남, 동북 아시아
8,000원
북미, 오세아니아, 하와이, 괌, 피지
12,000원
유럽
16,000원
상기 지역을 제외한 국가
20,000원
예) 개설은행이 일본에 위치하고, 상환은행이 미국에 있는 경우 : 8,000원 + 12,000원 = 20,000원
③ 전신료 : 결제방식이 상환방식이고, 신용장상에 전신청구가 허용되어 있는 경우, 전신으로 자금청구시에
발생하는 비용으로서 일괄적으로 8,000원이 부과됩니다.",https://obank.kbstar.com/quics?page=C019778&boardId=682&compId=b033599&articleId=458&bbsMode=view&viewPage=1&articleClass=2&searchCondition=title&searchStr=,https://obank.kbstar.com/quics?page=C019778,4
최초수익자로부터 신용장을 양도받았는데 선적이 불가능하여 양도를 취소하고 최초수익자에게 반환한 후 최초수익자는 이를 새로운 제2수익자에게 재양도하려고 하는데 가능한가요?,"양도의 취소후 재양도는 가능합니다.
즉, 신용장을 양도받은 제2수익자가 선적을 이행할 수 없으면 그 양도받았던 신용장을
원수익자인 최초수익자에게  돌려주는 재양도는 가능합니다.
물론, 신용장의 양도를 반환받은 최초수익자는 필요하다면  또 다른 제2수익자를 찾아
이를 다시 양도할 수 있습니다.",https://obank.kbstar.com/quics?page=C019778&boardId=682&compId=b033599&articleId=467&bbsMode=view&viewPage=1&articleClass=2&searchCondition=title&searchStr=,https://obank.kbstar.com/quics?page=C019778,5
국외/국내양도를 하려고 합니다. 필요한 서류는 무엇인가요?,"1ST BENE는 아래의 서류를 은행에 제출해야 합니다.
① 양도신청서(APPLICATION FOR ADVICE OF TOTAL,PARTIAL TRANSFER)
② 수출신용장(조건변경서 포함)원본
③ 인감(서명감)신고서(양도인,양수인)
④ 인감증명서
⑤ 법인등기부등본(주민등록증사본)
⑥ 사업자등록증 사본(검열 생략시 세무서 발급 사업자등록 증명원)
⑦ 기타 필요한 서류",https://obank.kbstar.com/quics?page=C019778&boardId=682&compId=b033599&articleId=466&bbsMode=view&viewPage=1&articleClass=2&searchCondition=title&searchStr=,https://obank.kbstar.com/quics?page=C019778,5
양도를 하려고 할 때 검토사항은 무엇입니까?,"제목 없음
① 신용장이 양도 가능한지 확인합니다. 신용장상에 ‘TRANSFERABLE’이란 문구가 있는지 확인합니다.
신용장의 양도는 신용장상에 특별히 명시가 없는한 1회에 한합니다.(다만, 분할선적이 금지되어 있지 않은
경우에는 분할양도가 가능합니다. 복수의 제 2수익자에게 분할양도하는 경우로서 양도된 총 금액이 신용장
금액을 넘지 않는 경우에는 1회의 양도로 간주합니다.)
② 양도취급은행이 국민은행으로 지정되어 있는지 확인합니다. 자유매입신용장인 경우에는 신용장에서
특별히 양도은행으로 지정받은 은행만 양도를 취급할 수 있고, 양도은행이 별도로 지정되어 있지 않으면
개설은행에 통지하여 양도은행을 지정 받은 후 취급하여야 합니다.
③ 양도조건이 원 신용장 조건과 일치하는지 확인합니다. 신용장 금액 및 단가의 감액, 신용장의 유효기일,
서류제시를 위한 최종일 또는 선적일은 단축가능하며, 보험의 부보비율은 원신용장 또는 신용장통일규칙에
명시된 부보금액까지 요구할 수 있습니다.
④ 조건변경서 통지방법에 대한 지시사항이 있는지 확인합니다. 1ST BENE는 조건변경서 통지방법에 관하여
자신을 경유할건지 2ND BENE에게 직접 통지할건지 여부를 양도요청시 또는 양도은행의 양도처리 이전까지
분명히 양도은행에 지시하여야 합니다. 그리고 양도은행은 양도처리할 때 이러한 지시내용을 2ND BENE에게
반드시 통보하여야 합니다.",https://obank.kbstar.com/quics?page=C019778&boardId=682&compId=b033599&articleId=465&bbsMode=view&viewPage=1&articleClass=2&searchCondition=title&searchStr=,https://obank.kbstar.com/quics?page=C019778,5
양도관련 수수료는 얼마인가요?,"국내양도 20,000원, 조건변경(국내) 10,000원
국외양도 30,000원, 조건변경(국외) 20,000원",https://obank.kbstar.com/quics?page=C019778&boardId=682&compId=b033599&articleId=464&bbsMode=view&viewPage=1&articleClass=2&searchCondition=title&searchStr=,https://obank.kbstar.com/quics?page=C019778,5
수출실적증명서 발급에 대해 알려주세요.,"일반 수출입의 경우는 수출 통관액 (FOB)이 실적범위로 인정되며 증명서 발급은 대외 무역법상
외국환 은행이 아닌 한국무역협회에서 발급하고 있습니다 .
중계무역, 전자적 형태의 무체물 수출 , 내국 신용장 및 구매확인서에 의한 공급등의 수출입실적은
외국환 은행에서 확인하여 발급이 가능합니다.",https://obank.kbstar.com/quics?page=C019778&boardId=682&compId=b033599&articleId=463&bbsMode=view&viewPage=1&articleClass=2&searchCondition=title&searchStr=,https://obank.kbstar.com/quics?page=C019778,5
Ｄ／Ａ네고후 수입상의 기한연장 요구에 합의하였습니다. 기한연장을 위해 은행에 제출할 서류와 추가로 부담해야할 수수료에 대해 알려 주세요.,"계약서와 동일한 서명의 조건변경 계약서 혹은 추심은행의동의서가 필요하고 영업점에서
‘기한연장 신청 및 승락서’를 작성하셔야 합니다. 기한연장에 대한 환가료는 최초 매입일로부터
연장만기일에 해당하는 환가료율을 적용하여 징수하고  있습니다.",https://obank.kbstar.com/quics?page=C019778&boardId=682&compId=b033599&articleId=462&bbsMode=view&viewPage=1&articleClass=2&searchCondition=title&searchStr=,https://obank.kbstar.com/quics?page=C019778,5
수출환 어음이 부도가 나는 경우와 이때 발생하는 부도이자에 대해 설명해주세요.,"일람출급 수출환 어음이 매입일로부터 30일안에 입급되지 않는 경우와 기한부 수출환어음이
만기일로부터 30일까지 입금되지 않을 경우 그리고 인수를 요하는 수출환 어음이 매입일로부터
30일까지 인수통지가 없는 경우(개설은행으로 부터 하자 통지가 없는 경우 제외) 부도대상이
되어 부도가 나게됩니다. 이때 부도이자는 환가료 징수기간 만료일 다음날로부터 부도대금
회수일 전일까지의 기간에 대해 외화여신 연체이율 및 회수당시의 대고객 전신환 매도율을
적용하여 징수하게 됩니다.",https://obank.kbstar.com/quics?page=C019778&boardId=682&compId=b033599&articleId=461&bbsMode=view&viewPage=1&articleClass=2&searchCondition=title&searchStr=,https://obank.kbstar.com/quics?page=C019778,5
RE-NEGO 시 환가료 징수기준에 대해 알고 싶습니다.,"4영업일과 9일치의 환가료를 징수하고 있고 4영업일은 우리은행의 환가료로 처리되고  9일치는
RE-NEGO  은행으로 이체됩니다.",https://obank.kbstar.com/quics?page=C019778&boardId=682&compId=b033599&articleId=460&bbsMode=view&viewPage=1&articleClass=2&searchCondition=title&searchStr=,https://obank.kbstar.com/quics?page=C019778,5
수출상이 선하증권상에 배서를 해야하는 경우에 대해 알려주세요.,"지시식인 경우로써 TO ORDER, TO THE ORDER OF SHIPPER 등으로 된 경우는 수출업체(선적인)의
배서가 필요하고, TO ORDER OF 개설은행 등과 같은 경우는 수출업체의 배서가 필요없습니다.",https://obank.kbstar.com/quics?page=C019778&boardId=682&compId=b033599&articleId=459&bbsMode=view&viewPage=1&articleClass=2&searchCondition=title&searchStr=,https://obank.kbstar.com/quics?page=C019778,5
"네고할때 발생하는 수수료에는 어떤 것들이 있고, 또 그런 수수료가  발생하는 이유는 무엇인가요?","제목 없음
① 환가료 : 수출환어음을 매입하는 경우 은행의 외화타점예치계정에서 자금을 선지급하는 것에 대한
이자성 수수료로서 징수기간은 아래와 같습니다.
▷ 일본화,홍콩화,싱가폴화,말레이화 표시 : 9일
▷ 기타 통화 표시 : 10일
이 때, 환가료는 Libor금리를 바탕으로 업체의 신용등급, 세금, (교육세),신용등급,은행마진 등의 요소들을
더하여 산출되며, 따라서 적용되는 환가료는 상황에 따라 가변적인 경우가 많습니다.
② 우편료 : 선적서류를 개설은행으로 송부하는데 발생하는 비용으로서, 결제방식이 상환방식인 경우에는 상환
은행으로 상환용어음을 발송하는 비용이 추가됩니다.(단, 전신청구방식인 경우에는 우편료 대신 전신료를 징수)
지역별
요금 (건당)
동남, 동북 아시아
8,000원
북미, 오세아니아, 하와이, 괌, 피지
12,000원
유럽
16,000원
상기 지역을 제외한 국가
20,000원
예) 개설은행이 일본에 위치하고, 상환은행이 미국에 있는 경우 : 8,000원 + 12,000원 = 20,000원
③ 전신료 : 결제방식이 상환방식이고, 신용장상에 전신청구가 허용되어 있는 경우, 전신으로 자금청구시에
발생하는 비용으로서 일괄적으로 8,000원이 부과됩니다.",https://obank.kbstar.com/quics?page=C019778&boardId=682&compId=b033599&articleId=458&bbsMode=view&viewPage=1&articleClass=2&searchCondition=title&searchStr=,https://obank.kbstar.com/quics?page=C019778,5
최초수익자로부터 신용장을 양도받았는데 선적이 불가능하여 양도를 취소하고 최초수익자에게 반환한 후 최초수익자는 이를 새로운 제2수익자에게 재양도하려고 하는데 가능한가요?,"양도의 취소후 재양도는 가능합니다.
즉, 신용장을 양도받은 제2수익자가 선적을 이행할 수 없으면 그 양도받았던 신용장을
원수익자인 최초수익자에게  돌려주는 재양도는 가능합니다.
물론, 신용장의 양도를 반환받은 최초수익자는 필요하다면  또 다른 제2수익자를 찾아
이를 다시 양도할 수 있습니다.",https://obank.kbstar.com/quics?page=C019778&boardId=682&compId=b033599&articleId=467&bbsMode=view&viewPage=1&articleClass=2&searchCondition=title&searchStr=,https://obank.kbstar.com/quics?page=C019778,6
국외/국내양도를 하려고 합니다. 필요한 서류는 무엇인가요?,"1ST BENE는 아래의 서류를 은행에 제출해야 합니다.
① 양도신청서(APPLICATION FOR ADVICE OF TOTAL,PARTIAL TRANSFER)
② 수출신용장(조건변경서 포함)원본
③ 인감(서명감)신고서(양도인,양수인)
④ 인감증명서
⑤ 법인등기부등본(주민등록증사본)
⑥ 사업자등록증 사본(검열 생략시 세무서 발급 사업자등록 증명원)
⑦ 기타 필요한 서류",https://obank.kbstar.com/quics?page=C019778&boardId=682&compId=b033599&articleId=466&bbsMode=view&viewPage=1&articleClass=2&searchCondition=title&searchStr=,https://obank.kbstar.com/quics?page=C019778,6
양도를 하려고 할 때 검토사항은 무엇입니까?,"제목 없음
① 신용장이 양도 가능한지 확인합니다. 신용장상에 ‘TRANSFERABLE’이란 문구가 있는지 확인합니다.
신용장의 양도는 신용장상에 특별히 명시가 없는한 1회에 한합니다.(다만, 분할선적이 금지되어 있지 않은
경우에는 분할양도가 가능합니다. 복수의 제 2수익자에게 분할양도하는 경우로서 양도된 총 금액이 신용장
금액을 넘지 않는 경우에는 1회의 양도로 간주합니다.)
② 양도취급은행이 국민은행으로 지정되어 있는지 확인합니다. 자유매입신용장인 경우에는 신용장에서
특별히 양도은행으로 지정받은 은행만 양도를 취급할 수 있고, 양도은행이 별도로 지정되어 있지 않으면
개설은행에 통지하여 양도은행을 지정 받은 후 취급하여야 합니다.
③ 양도조건이 원 신용장 조건과 일치하는지 확인합니다. 신용장 금액 및 단가의 감액, 신용장의 유효기일,
서류제시를 위한 최종일 또는 선적일은 단축가능하며, 보험의 부보비율은 원신용장 또는 신용장통일규칙에
명시된 부보금액까지 요구할 수 있습니다.
④ 조건변경서 통지방법에 대한 지시사항이 있는지 확인합니다. 1ST BENE는 조건변경서 통지방법에 관하여
자신을 경유할건지 2ND BENE에게 직접 통지할건지 여부를 양도요청시 또는 양도은행의 양도처리 이전까지
분명히 양도은행에 지시하여야 합니다. 그리고 양도은행은 양도처리할 때 이러한 지시내용을 2ND BENE에게
반드시 통보하여야 합니다.",https://obank.kbstar.com/quics?page=C019778&boardId=682&compId=b033599&articleId=465&bbsMode=view&viewPage=1&articleClass=2&searchCondition=title&searchStr=,https://obank.kbstar.com/quics?page=C019778,6
양도관련 수수료는 얼마인가요?,"국내양도 20,000원, 조건변경(국내) 10,000원
국외양도 30,000원, 조건변경(국외) 20,000원",https://obank.kbstar.com/quics?page=C019778&boardId=682&compId=b033599&articleId=464&bbsMode=view&viewPage=1&articleClass=2&searchCondition=title&searchStr=,https://obank.kbstar.com/quics?page=C019778,6
수출실적증명서 발급에 대해 알려주세요.,"일반 수출입의 경우는 수출 통관액 (FOB)이 실적범위로 인정되며 증명서 발급은 대외 무역법상
외국환 은행이 아닌 한국무역협회에서 발급하고 있습니다 .
중계무역, 전자적 형태의 무체물 수출 , 내국 신용장 및 구매확인서에 의한 공급등의 수출입실적은
외국환 은행에서 확인하여 발급이 가능합니다.",https://obank.kbstar.com/quics?page=C019778&boardId=682&compId=b033599&articleId=463&bbsMode=view&viewPage=1&articleClass=2&searchCondition=title&searchStr=,https://obank.kbstar.com/quics?page=C019778,6
Ｄ／Ａ네고후 수입상의 기한연장 요구에 합의하였습니다. 기한연장을 위해 은행에 제출할 서류와 추가로 부담해야할 수수료에 대해 알려 주세요.,"계약서와 동일한 서명의 조건변경 계약서 혹은 추심은행의동의서가 필요하고 영업점에서
‘기한연장 신청 및 승락서’를 작성하셔야 합니다. 기한연장에 대한 환가료는 최초 매입일로부터
연장만기일에 해당하는 환가료율을 적용하여 징수하고  있습니다.",https://obank.kbstar.com/quics?page=C019778&boardId=682&compId=b033599&articleId=462&bbsMode=view&viewPage=1&articleClass=2&searchCondition=title&searchStr=,https://obank.kbstar.com/quics?page=C019778,6
수출환 어음이 부도가 나는 경우와 이때 발생하는 부도이자에 대해 설명해주세요.,"일람출급 수출환 어음이 매입일로부터 30일안에 입급되지 않는 경우와 기한부 수출환어음이
만기일로부터 30일까지 입금되지 않을 경우 그리고 인수를 요하는 수출환 어음이 매입일로부터
30일까지 인수통지가 없는 경우(개설은행으로 부터 하자 통지가 없는 경우 제외) 부도대상이
되어 부도가 나게됩니다. 이때 부도이자는 환가료 징수기간 만료일 다음날로부터 부도대금
회수일 전일까지의 기간에 대해 외화여신 연체이율 및 회수당시의 대고객 전신환 매도율을
적용하여 징수하게 됩니다.",https://obank.kbstar.com/quics?page=C019778&boardId=682&compId=b033599&articleId=461&bbsMode=view&viewPage=1&articleClass=2&searchCondition=title&searchStr=,https://obank.kbstar.com/quics?page=C019778,6
RE-NEGO 시 환가료 징수기준에 대해 알고 싶습니다.,"4영업일과 9일치의 환가료를 징수하고 있고 4영업일은 우리은행의 환가료로 처리되고  9일치는
RE-NEGO  은행으로 이체됩니다.",https://obank.kbstar.com/quics?page=C019778&boardId=682&compId=b033599&articleId=460&bbsMode=view&viewPage=1&articleClass=2&searchCondition=title&searchStr=,https://obank.kbstar.com/quics?page=C019778,6
수출상이 선하증권상에 배서를 해야하는 경우에 대해 알려주세요.,"지시식인 경우로써 TO ORDER, TO THE ORDER OF SHIPPER 등으로 된 경우는 수출업체(선적인)의
배서가 필요하고, TO ORDER OF 개설은행 등과 같은 경우는 수출업체의 배서가 필요없습니다.",https://obank.kbstar.com/quics?page=C019778&boardId=682&compId=b033599&articleId=459&bbsMode=view&viewPage=1&articleClass=2&searchCondition=title&searchStr=,https://obank.kbstar.com/quics?page=C019778,6
"네고할때 발생하는 수수료에는 어떤 것들이 있고, 또 그런 수수료가  발생하는 이유는 무엇인가요?","제목 없음
① 환가료 : 수출환어음을 매입하는 경우 은행의 외화타점예치계정에서 자금을 선지급하는 것에 대한
이자성 수수료로서 징수기간은 아래와 같습니다.
▷ 일본화,홍콩화,싱가폴화,말레이화 표시 : 9일
▷ 기타 통화 표시 : 10일
이 때, 환가료는 Libor금리를 바탕으로 업체의 신용등급, 세금, (교육세),신용등급,은행마진 등의 요소들을
더하여 산출되며, 따라서 적용되는 환가료는 상황에 따라 가변적인 경우가 많습니다.
② 우편료 : 선적서류를 개설은행으로 송부하는데 발생하는 비용으로서, 결제방식이 상환방식인 경우에는 상환
은행으로 상환용어음을 발송하는 비용이 추가됩니다.(단, 전신청구방식인 경우에는 우편료 대신 전신료를 징수)
지역별
요금 (건당)
동남, 동북 아시아
8,000원
북미, 오세아니아, 하와이, 괌, 피지
12,000원
유럽
16,000원
상기 지역을 제외한 국가
20,000원
예) 개설은행이 일본에 위치하고, 상환은행이 미국에 있는 경우 : 8,000원 + 12,000원 = 20,000원
③ 전신료 : 결제방식이 상환방식이고, 신용장상에 전신청구가 허용되어 있는 경우, 전신으로 자금청구시에
발생하는 비용으로서 일괄적으로 8,000원이 부과됩니다.",https://obank.kbstar.com/quics?page=C019778&boardId=682&compId=b033599&articleId=458&bbsMode=view&viewPage=1&articleClass=2&searchCondition=title&searchStr=,https://obank.kbstar.com/quics?page=C019778,6
최초수익자로부터 신용장을 양도받았는데 선적이 불가능하여 양도를 취소하고 최초수익자에게 반환한 후 최초수익자는 이를 새로운 제2수익자에게 재양도하려고 하는데 가능한가요?,"양도의 취소후 재양도는 가능합니다.
즉, 신용장을 양도받은 제2수익자가 선적을 이행할 수 없으면 그 양도받았던 신용장을
원수익자인 최초수익자에게  돌려주는 재양도는 가능합니다.
물론, 신용장의 양도를 반환받은 최초수익자는 필요하다면  또 다른 제2수익자를 찾아
이를 다시 양도할 수 있습니다.",https://obank.kbstar.com/quics?page=C019778&boardId=682&compId=b033599&articleId=467&bbsMode=view&viewPage=1&articleClass=2&searchCondition=title&searchStr=,https://obank.kbstar.com/quics?page=C019778,7
국외/국내양도를 하려고 합니다. 필요한 서류는 무엇인가요?,"1ST BENE는 아래의 서류를 은행에 제출해야 합니다.
① 양도신청서(APPLICATION FOR ADVICE OF TOTAL,PARTIAL TRANSFER)
② 수출신용장(조건변경서 포함)원본
③ 인감(서명감)신고서(양도인,양수인)
④ 인감증명서
⑤ 법인등기부등본(주민등록증사본)
⑥ 사업자등록증 사본(검열 생략시 세무서 발급 사업자등록 증명원)
⑦ 기타 필요한 서류",https://obank.kbstar.com/quics?page=C019778&boardId=682&compId=b033599&articleId=466&bbsMode=view&viewPage=1&articleClass=2&searchCondition=title&searchStr=,https://obank.kbstar.com/quics?page=C019778,7
양도를 하려고 할 때 검토사항은 무엇입니까?,"제목 없음
① 신용장이 양도 가능한지 확인합니다. 신용장상에 ‘TRANSFERABLE’이란 문구가 있는지 확인합니다.
신용장의 양도는 신용장상에 특별히 명시가 없는한 1회에 한합니다.(다만, 분할선적이 금지되어 있지 않은
경우에는 분할양도가 가능합니다. 복수의 제 2수익자에게 분할양도하는 경우로서 양도된 총 금액이 신용장
금액을 넘지 않는 경우에는 1회의 양도로 간주합니다.)
② 양도취급은행이 국민은행으로 지정되어 있는지 확인합니다. 자유매입신용장인 경우에는 신용장에서
특별히 양도은행으로 지정받은 은행만 양도를 취급할 수 있고, 양도은행이 별도로 지정되어 있지 않으면
개설은행에 통지하여 양도은행을 지정 받은 후 취급하여야 합니다.
③ 양도조건이 원 신용장 조건과 일치하는지 확인합니다. 신용장 금액 및 단가의 감액, 신용장의 유효기일,
서류제시를 위한 최종일 또는 선적일은 단축가능하며, 보험의 부보비율은 원신용장 또는 신용장통일규칙에
명시된 부보금액까지 요구할 수 있습니다.
④ 조건변경서 통지방법에 대한 지시사항이 있는지 확인합니다. 1ST BENE는 조건변경서 통지방법에 관하여
자신을 경유할건지 2ND BENE에게 직접 통지할건지 여부를 양도요청시 또는 양도은행의 양도처리 이전까지
분명히 양도은행에 지시하여야 합니다. 그리고 양도은행은 양도처리할 때 이러한 지시내용을 2ND BENE에게
반드시 통보하여야 합니다.",https://obank.kbstar.com/quics?page=C019778&boardId=682&compId=b033599&articleId=465&bbsMode=view&viewPage=1&articleClass=2&searchCondition=title&searchStr=,https://obank.kbstar.com/quics?page=C019778,7
양도관련 수수료는 얼마인가요?,"국내양도 20,000원, 조건변경(국내) 10,000원
국외양도 30,000원, 조건변경(국외) 20,000원",https://obank.kbstar.com/quics?page=C019778&boardId=682&compId=b033599&articleId=464&bbsMode=view&viewPage=1&articleClass=2&searchCondition=title&searchStr=,https://obank.kbstar.com/quics?page=C019778,7
수출실적증명서 발급에 대해 알려주세요.,"일반 수출입의 경우는 수출 통관액 (FOB)이 실적범위로 인정되며 증명서 발급은 대외 무역법상
외국환 은행이 아닌 한국무역협회에서 발급하고 있습니다 .
중계무역, 전자적 형태의 무체물 수출 , 내국 신용장 및 구매확인서에 의한 공급등의 수출입실적은
외국환 은행에서 확인하여 발급이 가능합니다.",https://obank.kbstar.com/quics?page=C019778&boardId=682&compId=b033599&articleId=463&bbsMode=view&viewPage=1&articleClass=2&searchCondition=title&searchStr=,https://obank.kbstar.com/quics?page=C019778,7
Ｄ／Ａ네고후 수입상의 기한연장 요구에 합의하였습니다. 기한연장을 위해 은행에 제출할 서류와 추가로 부담해야할 수수료에 대해 알려 주세요.,"계약서와 동일한 서명의 조건변경 계약서 혹은 추심은행의동의서가 필요하고 영업점에서
‘기한연장 신청 및 승락서’를 작성하셔야 합니다. 기한연장에 대한 환가료는 최초 매입일로부터
연장만기일에 해당하는 환가료율을 적용하여 징수하고  있습니다.",https://obank.kbstar.com/quics?page=C019778&boardId=682&compId=b033599&articleId=462&bbsMode=view&viewPage=1&articleClass=2&searchCondition=title&searchStr=,https://obank.kbstar.com/quics?page=C019778,7
수출환 어음이 부도가 나는 경우와 이때 발생하는 부도이자에 대해 설명해주세요.,"일람출급 수출환 어음이 매입일로부터 30일안에 입급되지 않는 경우와 기한부 수출환어음이
만기일로부터 30일까지 입금되지 않을 경우 그리고 인수를 요하는 수출환 어음이 매입일로부터
30일까지 인수통지가 없는 경우(개설은행으로 부터 하자 통지가 없는 경우 제외) 부도대상이
되어 부도가 나게됩니다. 이때 부도이자는 환가료 징수기간 만료일 다음날로부터 부도대금
회수일 전일까지의 기간에 대해 외화여신 연체이율 및 회수당시의 대고객 전신환 매도율을
적용하여 징수하게 됩니다.",https://obank.kbstar.com/quics?page=C019778&boardId=682&compId=b033599&articleId=461&bbsMode=view&viewPage=1&articleClass=2&searchCondition=title&searchStr=,https://obank.kbstar.com/quics?page=C019778,7
RE-NEGO 시 환가료 징수기준에 대해 알고 싶습니다.,"4영업일과 9일치의 환가료를 징수하고 있고 4영업일은 우리은행의 환가료로 처리되고  9일치는
RE-NEGO  은행으로 이체됩니다.",https://obank.kbstar.com/quics?page=C019778&boardId=682&compId=b033599&articleId=460&bbsMode=view&viewPage=1&articleClass=2&searchCondition=title&searchStr=,https://obank.kbstar.com/quics?page=C019778,7
수출상이 선하증권상에 배서를 해야하는 경우에 대해 알려주세요.,"지시식인 경우로써 TO ORDER, TO THE ORDER OF SHIPPER 등으로 된 경우는 수출업체(선적인)의
배서가 필요하고, TO ORDER OF 개설은행 등과 같은 경우는 수출업체의 배서가 필요없습니다.",https://obank.kbstar.com/quics?page=C019778&boardId=682&compId=b033599&articleId=459&bbsMode=view&viewPage=1&articleClass=2&searchCondition=title&searchStr=,https://obank.kbstar.com/quics?page=C019778,7
"네고할때 발생하는 수수료에는 어떤 것들이 있고, 또 그런 수수료가  발생하는 이유는 무엇인가요?","제목 없음
① 환가료 : 수출환어음을 매입하는 경우 은행의 외화타점예치계정에서 자금을 선지급하는 것에 대한
이자성 수수료로서 징수기간은 아래와 같습니다.
▷ 일본화,홍콩화,싱가폴화,말레이화 표시 : 9일
▷ 기타 통화 표시 : 10일
이 때, 환가료는 Libor금리를 바탕으로 업체의 신용등급, 세금, (교육세),신용등급,은행마진 등의 요소들을
더하여 산출되며, 따라서 적용되는 환가료는 상황에 따라 가변적인 경우가 많습니다.
② 우편료 : 선적서류를 개설은행으로 송부하는데 발생하는 비용으로서, 결제방식이 상환방식인 경우에는 상환
은행으로 상환용어음을 발송하는 비용이 추가됩니다.(단, 전신청구방식인 경우에는 우편료 대신 전신료를 징수)
지역별
요금 (건당)
동남, 동북 아시아
8,000원
북미, 오세아니아, 하와이, 괌, 피지
12,000원
유럽
16,000원
상기 지역을 제외한 국가
20,000원
예) 개설은행이 일본에 위치하고, 상환은행이 미국에 있는 경우 : 8,000원 + 12,000원 = 20,000원
③ 전신료 : 결제방식이 상환방식이고, 신용장상에 전신청구가 허용되어 있는 경우, 전신으로 자금청구시에
발생하는 비용으로서 일괄적으로 8,000원이 부과됩니다.",https://obank.kbstar.com/quics?page=C019778&boardId=682&compId=b033599&articleId=458&bbsMode=view&viewPage=1&articleClass=2&searchCondition=title&searchStr=,https://obank.kbstar.com/quics?page=C019778,7
외화예금도 예금자 보호가 가능한가요?,"제목 없음
거주자와   비거주자의 외화예금에 대해 원화예수금을 포함하여
개별 금융기관별 예금자   1인당 5천만원 범위내에서 보호됩니다.",https://obank.kbstar.com/quics?page=C019779&boardId=682&compId=b033601&articleId=480&bbsMode=view&viewPage=1&articleClass=3&searchCondition=title&searchStr=,https://obank.kbstar.com/quics?page=C019779,1
외화보통예금을 신규하고 싶은데요. 어떻게 해야 하나요?,"외화보통예금 신규는 영업점을 통해서만 가능합니다.
신분증을 지참하신 후 가까운 영업점에 내점하시어 신청하시면 되며
예수가능통화는 USD, JPY, GBP, CHF, CAD, AUD, EUR, NZD, HKD,SGD 입니다.",https://obank.kbstar.com/quics?page=C019779&boardId=682&compId=b033601&articleId=479&bbsMode=view&viewPage=1&articleClass=3&searchCondition=title&searchStr=,https://obank.kbstar.com/quics?page=C019779,1
외화정기예금은 인터넷으로 신규가 가능하다고 하는데요. 신규금액은 최소 얼마이상이어야 하나요?,"인터넷으로 외화정기예금의 신규를 할 경우에는 최소 미화 100불 상당액입니다.
영업점에서 신규하실 경우에는 각   통화별 최소보조단위의 금액도 가능합니다. 단, 1일물 외화정기예금의 최저   예수금액은 미화 20만불 상당액 이상으로 합니다.
※   유의사항
인터넷으로 외화정기예금(적립식포함)신규는 외화보통예금계좌   개설후 가능합니다.
영업점에서 외화보통예금계좌 신규후 거래하여   주십시오.",https://obank.kbstar.com/quics?page=C019779&boardId=682&compId=b033601&articleId=478&bbsMode=view&viewPage=1&articleClass=3&searchCondition=title&searchStr=,https://obank.kbstar.com/quics?page=C019779,1
외화예금 입/출금시 외화현금수수료가 발생된다고 하는데요. 외화현금수수료란 무엇입니까?,"외화현금수수료는 은행이 외국통화를 보유 / 관리하게 됨으로서 발생하는 리스크비용 및 관리비용조
수수료입니다. 즉, 특성상 환율이 개입되는 외국통화의 관리는 환리스크가 존재하게 되는것이고
수급을 하기 위해서는 해당국가의 중앙은행으로부터 현수송이 필요하는 등 많은 비용이 수반되는
데에 대한 비용조 수수료라고 볼 수 있습니다.",https://obank.kbstar.com/quics?page=C019779&boardId=682&compId=b033601&articleId=477&bbsMode=view&viewPage=1&articleClass=3&searchCondition=title&searchStr=,https://obank.kbstar.com/quics?page=C019779,1
외화현금수수료가 면제되는 경우가 있는데요. 어떤경우에 면제가 되는지요?,"현금수수료가 면제되는 경우는 다음과 같습니다.
- 미화(USD) 현금으로 외화예금계정에   입금하는 경우
- 외화현금으로외화현금계정에 입금한 범위내에서 동종의 외화현금으로 출금하는 경우
- 정부기관, 지방자치단체, 외국공관 또는 국제기구가 외화예금계정에서 미화현금으로 출금하는 경우",https://obank.kbstar.com/quics?page=C019779&boardId=682&compId=b033601&articleId=476&bbsMode=view&viewPage=1&articleClass=3&searchCondition=title&searchStr=,https://obank.kbstar.com/quics?page=C019779,1
"외화정기예금에 ""자동갱신제도""가 있는데요. 그 의미는 무엇이며 신청절차는 어떻게 되는지요?","자동갱신제도는 외화정기예금 만기시에 고객님께서 은행에 나오지 않고도 원금과 이자(이자소득세 제외)를
재예치하여 갱신 때마다 편리하게 관리 하실 수 있는 제도이며  영업점과 인터넷에서 신청가능합니다.
자동갱신시   가입기간은 7일에서   6개월이내로 지정 하실 수 있습니다.",https://obank.kbstar.com/quics?page=C019779&boardId=682&compId=b033601&articleId=475&bbsMode=view&viewPage=1&articleClass=3&searchCondition=title&searchStr=,https://obank.kbstar.com/quics?page=C019779,1
인터넷으로 거래할 수 있는 외화예금거래는 무엇이 있나요?,"외화보통예금 입/출금, 외화정기예금 신규/해지, 각종 조회 및 사고신고 등의 거래가 있습니다.",https://obank.kbstar.com/quics?page=C019779&boardId=682&compId=b033601&articleId=474&bbsMode=view&viewPage=1&articleClass=3&searchCondition=title&searchStr=,https://obank.kbstar.com/quics?page=C019779,1
외화대출상환을 인터넷으로 할 수 있다고 하는데요. 어떤거래가 있습니까?,"외화대출 원리금상환, 외화대출 기한전 상환 (일부 / 완제) 등의 거래가 있습니다.
외화대출의 이자납부는 인터넷상에서는 원화에 제한하나 원금의 경우에는 원화 및 외화 모두 가능합니다.",https://obank.kbstar.com/quics?page=C019779&boardId=682&compId=b033601&articleId=473&bbsMode=view&viewPage=1&articleClass=3&searchCondition=title&searchStr=,https://obank.kbstar.com/quics?page=C019779,1
모바일 통지서비스는 어떤 것인지 알려주세요.,"모바일 통지서비스는 해외에서 수입선적서류, 수출신용장, 외화송금, 외화자금이 도착되면 고객에게
핸드폰 문자메세지를 보내 내용을 통지 해드리는 서비스이며, 가까운 영업점 및 인터넷을 통해 신청이
가능합니다.
통지되는 대상 항목은 다음과 같습니다.
(1) 선적서류내도 (이메일링 서비스 가능)
(2) 타발송금, 외화자금
(3) 수출신용장
(4) 외화예금출금",https://obank.kbstar.com/quics?page=C019779&boardId=682&compId=b033601&articleId=472&bbsMode=view&viewPage=1&articleClass=3&searchCondition=title&searchStr=,https://obank.kbstar.com/quics?page=C019779,1
국민은행에서 취급하고 있는 EDI(무역자동화 업무)는 무슨 업무를 취급하고 있습니까?,"- 수출 : 신용장 통지 (우편, TELEX 제외), 수출환어음 매입 (추심) 신청 및 결과통보
- 수입 : 수입신용장 개설 및 조건변경 신청, 수입물품선취보증서 발급 신청, 적하보험증권 교부
- 무역금융 : 내국신용장 개설 및 조건변경 신청, 구매확인서 발급 신청
- 기타 : 송금방식 수입대금 지급, 국내간 외화자금이체, 관세업무, 계산서 업무
- 인터넷 : 외환 > 수출입 > 무역자동화(EDI) > 무역자동화(EDI) 안내에서 확인 가능합니다.",https://obank.kbstar.com/quics?page=C019779&boardId=682&compId=b033601&articleId=471&bbsMode=view&viewPage=1&articleClass=3&searchCondition=title&searchStr=,https://obank.kbstar.com/quics?page=C019779,1
외화예금도 예금자 보호가 가능한가요?,"제목 없음
거주자와   비거주자의 외화예금에 대해 원화예수금을 포함하여
개별 금융기관별 예금자   1인당 5천만원 범위내에서 보호됩니다.",https://obank.kbstar.com/quics?page=C019779&boardId=682&compId=b033601&articleId=480&bbsMode=view&viewPage=1&articleClass=3&searchCondition=title&searchStr=,https://obank.kbstar.com/quics?page=C019779,2
외화보통예금을 신규하고 싶은데요. 어떻게 해야 하나요?,"외화보통예금 신규는 영업점을 통해서만 가능합니다.
신분증을 지참하신 후 가까운 영업점에 내점하시어 신청하시면 되며
예수가능통화는 USD, JPY, GBP, CHF, CAD, AUD, EUR, NZD, HKD,SGD 입니다.",https://obank.kbstar.com/quics?page=C019779&boardId=682&compId=b033601&articleId=479&bbsMode=view&viewPage=1&articleClass=3&searchCondition=title&searchStr=,https://obank.kbstar.com/quics?page=C019779,2
외화정기예금은 인터넷으로 신규가 가능하다고 하는데요. 신규금액은 최소 얼마이상이어야 하나요?,"인터넷으로 외화정기예금의 신규를 할 경우에는 최소 미화 100불 상당액입니다.
영업점에서 신규하실 경우에는 각   통화별 최소보조단위의 금액도 가능합니다. 단, 1일물 외화정기예금의 최저   예수금액은 미화 20만불 상당액 이상으로 합니다.
※   유의사항
인터넷으로 외화정기예금(적립식포함)신규는 외화보통예금계좌   개설후 가능합니다.
영업점에서 외화보통예금계좌 신규후 거래하여   주십시오.",https://obank.kbstar.com/quics?page=C019779&boardId=682&compId=b033601&articleId=478&bbsMode=view&viewPage=1&articleClass=3&searchCondition=title&searchStr=,https://obank.kbstar.com/quics?page=C019779,2
외화예금 입/출금시 외화현금수수료가 발생된다고 하는데요. 외화현금수수료란 무엇입니까?,"외화현금수수료는 은행이 외국통화를 보유 / 관리하게 됨으로서 발생하는 리스크비용 및 관리비용조
수수료입니다. 즉, 특성상 환율이 개입되는 외국통화의 관리는 환리스크가 존재하게 되는것이고
수급을 하기 위해서는 해당국가의 중앙은행으로부터 현수송이 필요하는 등 많은 비용이 수반되는
데에 대한 비용조 수수료라고 볼 수 있습니다.",https://obank.kbstar.com/quics?page=C019779&boardId=682&compId=b033601&articleId=477&bbsMode=view&viewPage=1&articleClass=3&searchCondition=title&searchStr=,https://obank.kbstar.com/quics?page=C019779,2
외화현금수수료가 면제되는 경우가 있는데요. 어떤경우에 면제가 되는지요?,"현금수수료가 면제되는 경우는 다음과 같습니다.
- 미화(USD) 현금으로 외화예금계정에   입금하는 경우
- 외화현금으로외화현금계정에 입금한 범위내에서 동종의 외화현금으로 출금하는 경우
- 정부기관, 지방자치단체, 외국공관 또는 국제기구가 외화예금계정에서 미화현금으로 출금하는 경우",https://obank.kbstar.com/quics?page=C019779&boardId=682&compId=b033601&articleId=476&bbsMode=view&viewPage=1&articleClass=3&searchCondition=title&searchStr=,https://obank.kbstar.com/quics?page=C019779,2
"외화정기예금에 ""자동갱신제도""가 있는데요. 그 의미는 무엇이며 신청절차는 어떻게 되는지요?","자동갱신제도는 외화정기예금 만기시에 고객님께서 은행에 나오지 않고도 원금과 이자(이자소득세 제외)를
재예치하여 갱신 때마다 편리하게 관리 하실 수 있는 제도이며  영업점과 인터넷에서 신청가능합니다.
자동갱신시   가입기간은 7일에서   6개월이내로 지정 하실 수 있습니다.",https://obank.kbstar.com/quics?page=C019779&boardId=682&compId=b033601&articleId=475&bbsMode=view&viewPage=1&articleClass=3&searchCondition=title&searchStr=,https://obank.kbstar.com/quics?page=C019779,2
인터넷으로 거래할 수 있는 외화예금거래는 무엇이 있나요?,"외화보통예금 입/출금, 외화정기예금 신규/해지, 각종 조회 및 사고신고 등의 거래가 있습니다.",https://obank.kbstar.com/quics?page=C019779&boardId=682&compId=b033601&articleId=474&bbsMode=view&viewPage=1&articleClass=3&searchCondition=title&searchStr=,https://obank.kbstar.com/quics?page=C019779,2
외화대출상환을 인터넷으로 할 수 있다고 하는데요. 어떤거래가 있습니까?,"외화대출 원리금상환, 외화대출 기한전 상환 (일부 / 완제) 등의 거래가 있습니다.
외화대출의 이자납부는 인터넷상에서는 원화에 제한하나 원금의 경우에는 원화 및 외화 모두 가능합니다.",https://obank.kbstar.com/quics?page=C019779&boardId=682&compId=b033601&articleId=473&bbsMode=view&viewPage=1&articleClass=3&searchCondition=title&searchStr=,https://obank.kbstar.com/quics?page=C019779,2
모바일 통지서비스는 어떤 것인지 알려주세요.,"모바일 통지서비스는 해외에서 수입선적서류, 수출신용장, 외화송금, 외화자금이 도착되면 고객에게
핸드폰 문자메세지를 보내 내용을 통지 해드리는 서비스이며, 가까운 영업점 및 인터넷을 통해 신청이
가능합니다.
통지되는 대상 항목은 다음과 같습니다.
(1) 선적서류내도 (이메일링 서비스 가능)
(2) 타발송금, 외화자금
(3) 수출신용장
(4) 외화예금출금",https://obank.kbstar.com/quics?page=C019779&boardId=682&compId=b033601&articleId=472&bbsMode=view&viewPage=1&articleClass=3&searchCondition=title&searchStr=,https://obank.kbstar.com/quics?page=C019779,2
국민은행에서 취급하고 있는 EDI(무역자동화 업무)는 무슨 업무를 취급하고 있습니까?,"- 수출 : 신용장 통지 (우편, TELEX 제외), 수출환어음 매입 (추심) 신청 및 결과통보
- 수입 : 수입신용장 개설 및 조건변경 신청, 수입물품선취보증서 발급 신청, 적하보험증권 교부
- 무역금융 : 내국신용장 개설 및 조건변경 신청, 구매확인서 발급 신청
- 기타 : 송금방식 수입대금 지급, 국내간 외화자금이체, 관세업무, 계산서 업무
- 인터넷 : 외환 > 수출입 > 무역자동화(EDI) > 무역자동화(EDI) 안내에서 확인 가능합니다.",https://obank.kbstar.com/quics?page=C019779&boardId=682&compId=b033601&articleId=471&bbsMode=view&viewPage=1&articleClass=3&searchCondition=title&searchStr=,https://obank.kbstar.com/quics?page=C019779,2
외화예금도 예금자 보호가 가능한가요?,"제목 없음
거주자와   비거주자의 외화예금에 대해 원화예수금을 포함하여
개별 금융기관별 예금자   1인당 5천만원 범위내에서 보호됩니다.",https://obank.kbstar.com/quics?page=C019779&boardId=682&compId=b033601&articleId=480&bbsMode=view&viewPage=1&articleClass=3&searchCondition=title&searchStr=,https://obank.kbstar.com/quics?page=C019779,3
외화보통예금을 신규하고 싶은데요. 어떻게 해야 하나요?,"외화보통예금 신규는 영업점을 통해서만 가능합니다.
신분증을 지참하신 후 가까운 영업점에 내점하시어 신청하시면 되며
예수가능통화는 USD, JPY, GBP, CHF, CAD, AUD, EUR, NZD, HKD,SGD 입니다.",https://obank.kbstar.com/quics?page=C019779&boardId=682&compId=b033601&articleId=479&bbsMode=view&viewPage=1&articleClass=3&searchCondition=title&searchStr=,https://obank.kbstar.com/quics?page=C019779,3
외화정기예금은 인터넷으로 신규가 가능하다고 하는데요. 신규금액은 최소 얼마이상이어야 하나요?,"인터넷으로 외화정기예금의 신규를 할 경우에는 최소 미화 100불 상당액입니다.
영업점에서 신규하실 경우에는 각   통화별 최소보조단위의 금액도 가능합니다. 단, 1일물 외화정기예금의 최저   예수금액은 미화 20만불 상당액 이상으로 합니다.
※   유의사항
인터넷으로 외화정기예금(적립식포함)신규는 외화보통예금계좌   개설후 가능합니다.
영업점에서 외화보통예금계좌 신규후 거래하여   주십시오.",https://obank.kbstar.com/quics?page=C019779&boardId=682&compId=b033601&articleId=478&bbsMode=view&viewPage=1&articleClass=3&searchCondition=title&searchStr=,https://obank.kbstar.com/quics?page=C019779,3
외화예금 입/출금시 외화현금수수료가 발생된다고 하는데요. 외화현금수수료란 무엇입니까?,"외화현금수수료는 은행이 외국통화를 보유 / 관리하게 됨으로서 발생하는 리스크비용 및 관리비용조
수수료입니다. 즉, 특성상 환율이 개입되는 외국통화의 관리는 환리스크가 존재하게 되는것이고
수급을 하기 위해서는 해당국가의 중앙은행으로부터 현수송이 필요하는 등 많은 비용이 수반되는
데에 대한 비용조 수수료라고 볼 수 있습니다.",https://obank.kbstar.com/quics?page=C019779&boardId=682&compId=b033601&articleId=477&bbsMode=view&viewPage=1&articleClass=3&searchCondition=title&searchStr=,https://obank.kbstar.com/quics?page=C019779,3
외화현금수수료가 면제되는 경우가 있는데요. 어떤경우에 면제가 되는지요?,"현금수수료가 면제되는 경우는 다음과 같습니다.
- 미화(USD) 현금으로 외화예금계정에   입금하는 경우
- 외화현금으로외화현금계정에 입금한 범위내에서 동종의 외화현금으로 출금하는 경우
- 정부기관, 지방자치단체, 외국공관 또는 국제기구가 외화예금계정에서 미화현금으로 출금하는 경우",https://obank.kbstar.com/quics?page=C019779&boardId=682&compId=b033601&articleId=476&bbsMode=view&viewPage=1&articleClass=3&searchCondition=title&searchStr=,https://obank.kbstar.com/quics?page=C019779,3
"외화정기예금에 ""자동갱신제도""가 있는데요. 그 의미는 무엇이며 신청절차는 어떻게 되는지요?","자동갱신제도는 외화정기예금 만기시에 고객님께서 은행에 나오지 않고도 원금과 이자(이자소득세 제외)를
재예치하여 갱신 때마다 편리하게 관리 하실 수 있는 제도이며  영업점과 인터넷에서 신청가능합니다.
자동갱신시   가입기간은 7일에서   6개월이내로 지정 하실 수 있습니다.",https://obank.kbstar.com/quics?page=C019779&boardId=682&compId=b033601&articleId=475&bbsMode=view&viewPage=1&articleClass=3&searchCondition=title&searchStr=,https://obank.kbstar.com/quics?page=C019779,3
인터넷으로 거래할 수 있는 외화예금거래는 무엇이 있나요?,"외화보통예금 입/출금, 외화정기예금 신규/해지, 각종 조회 및 사고신고 등의 거래가 있습니다.",https://obank.kbstar.com/quics?page=C019779&boardId=682&compId=b033601&articleId=474&bbsMode=view&viewPage=1&articleClass=3&searchCondition=title&searchStr=,https://obank.kbstar.com/quics?page=C019779,3
외화대출상환을 인터넷으로 할 수 있다고 하는데요. 어떤거래가 있습니까?,"외화대출 원리금상환, 외화대출 기한전 상환 (일부 / 완제) 등의 거래가 있습니다.
외화대출의 이자납부는 인터넷상에서는 원화에 제한하나 원금의 경우에는 원화 및 외화 모두 가능합니다.",https://obank.kbstar.com/quics?page=C019779&boardId=682&compId=b033601&articleId=473&bbsMode=view&viewPage=1&articleClass=3&searchCondition=title&searchStr=,https://obank.kbstar.com/quics?page=C019779,3
모바일 통지서비스는 어떤 것인지 알려주세요.,"모바일 통지서비스는 해외에서 수입선적서류, 수출신용장, 외화송금, 외화자금이 도착되면 고객에게
핸드폰 문자메세지를 보내 내용을 통지 해드리는 서비스이며, 가까운 영업점 및 인터넷을 통해 신청이
가능합니다.
통지되는 대상 항목은 다음과 같습니다.
(1) 선적서류내도 (이메일링 서비스 가능)
(2) 타발송금, 외화자금
(3) 수출신용장
(4) 외화예금출금",https://obank.kbstar.com/quics?page=C019779&boardId=682&compId=b033601&articleId=472&bbsMode=view&viewPage=1&articleClass=3&searchCondition=title&searchStr=,https://obank.kbstar.com/quics?page=C019779,3
국민은행에서 취급하고 있는 EDI(무역자동화 업무)는 무슨 업무를 취급하고 있습니까?,"- 수출 : 신용장 통지 (우편, TELEX 제외), 수출환어음 매입 (추심) 신청 및 결과통보
- 수입 : 수입신용장 개설 및 조건변경 신청, 수입물품선취보증서 발급 신청, 적하보험증권 교부
- 무역금융 : 내국신용장 개설 및 조건변경 신청, 구매확인서 발급 신청
- 기타 : 송금방식 수입대금 지급, 국내간 외화자금이체, 관세업무, 계산서 업무
- 인터넷 : 외환 > 수출입 > 무역자동화(EDI) > 무역자동화(EDI) 안내에서 확인 가능합니다.",https://obank.kbstar.com/quics?page=C019779&boardId=682&compId=b033601&articleId=471&bbsMode=view&viewPage=1&articleClass=3&searchCondition=title&searchStr=,https://obank.kbstar.com/quics?page=C019779,3
외화예금도 예금자 보호가 가능한가요?,"제목 없음
거주자와   비거주자의 외화예금에 대해 원화예수금을 포함하여
개별 금융기관별 예금자   1인당 5천만원 범위내에서 보호됩니다.",https://obank.kbstar.com/quics?page=C019779&boardId=682&compId=b033601&articleId=480&bbsMode=view&viewPage=1&articleClass=3&searchCondition=title&searchStr=,https://obank.kbstar.com/quics?page=C019779,4
외화보통예금을 신규하고 싶은데요. 어떻게 해야 하나요?,"외화보통예금 신규는 영업점을 통해서만 가능합니다.
신분증을 지참하신 후 가까운 영업점에 내점하시어 신청하시면 되며
예수가능통화는 USD, JPY, GBP, CHF, CAD, AUD, EUR, NZD, HKD,SGD 입니다.",https://obank.kbstar.com/quics?page=C019779&boardId=682&compId=b033601&articleId=479&bbsMode=view&viewPage=1&articleClass=3&searchCondition=title&searchStr=,https://obank.kbstar.com/quics?page=C019779,4
외화정기예금은 인터넷으로 신규가 가능하다고 하는데요. 신규금액은 최소 얼마이상이어야 하나요?,"인터넷으로 외화정기예금의 신규를 할 경우에는 최소 미화 100불 상당액입니다.
영업점에서 신규하실 경우에는 각   통화별 최소보조단위의 금액도 가능합니다. 단, 1일물 외화정기예금의 최저   예수금액은 미화 20만불 상당액 이상으로 합니다.
※   유의사항
인터넷으로 외화정기예금(적립식포함)신규는 외화보통예금계좌   개설후 가능합니다.
영업점에서 외화보통예금계좌 신규후 거래하여   주십시오.",https://obank.kbstar.com/quics?page=C019779&boardId=682&compId=b033601&articleId=478&bbsMode=view&viewPage=1&articleClass=3&searchCondition=title&searchStr=,https://obank.kbstar.com/quics?page=C019779,4
외화예금 입/출금시 외화현금수수료가 발생된다고 하는데요. 외화현금수수료란 무엇입니까?,"외화현금수수료는 은행이 외국통화를 보유 / 관리하게 됨으로서 발생하는 리스크비용 및 관리비용조
수수료입니다. 즉, 특성상 환율이 개입되는 외국통화의 관리는 환리스크가 존재하게 되는것이고
수급을 하기 위해서는 해당국가의 중앙은행으로부터 현수송이 필요하는 등 많은 비용이 수반되는
데에 대한 비용조 수수료라고 볼 수 있습니다.",https://obank.kbstar.com/quics?page=C019779&boardId=682&compId=b033601&articleId=477&bbsMode=view&viewPage=1&articleClass=3&searchCondition=title&searchStr=,https://obank.kbstar.com/quics?page=C019779,4
외화현금수수료가 면제되는 경우가 있는데요. 어떤경우에 면제가 되는지요?,"현금수수료가 면제되는 경우는 다음과 같습니다.
- 미화(USD) 현금으로 외화예금계정에   입금하는 경우
- 외화현금으로외화현금계정에 입금한 범위내에서 동종의 외화현금으로 출금하는 경우
- 정부기관, 지방자치단체, 외국공관 또는 국제기구가 외화예금계정에서 미화현금으로 출금하는 경우",https://obank.kbstar.com/quics?page=C019779&boardId=682&compId=b033601&articleId=476&bbsMode=view&viewPage=1&articleClass=3&searchCondition=title&searchStr=,https://obank.kbstar.com/quics?page=C019779,4
"외화정기예금에 ""자동갱신제도""가 있는데요. 그 의미는 무엇이며 신청절차는 어떻게 되는지요?","자동갱신제도는 외화정기예금 만기시에 고객님께서 은행에 나오지 않고도 원금과 이자(이자소득세 제외)를
재예치하여 갱신 때마다 편리하게 관리 하실 수 있는 제도이며  영업점과 인터넷에서 신청가능합니다.
자동갱신시   가입기간은 7일에서   6개월이내로 지정 하실 수 있습니다.",https://obank.kbstar.com/quics?page=C019779&boardId=682&compId=b033601&articleId=475&bbsMode=view&viewPage=1&articleClass=3&searchCondition=title&searchStr=,https://obank.kbstar.com/quics?page=C019779,4
인터넷으로 거래할 수 있는 외화예금거래는 무엇이 있나요?,"외화보통예금 입/출금, 외화정기예금 신규/해지, 각종 조회 및 사고신고 등의 거래가 있습니다.",https://obank.kbstar.com/quics?page=C019779&boardId=682&compId=b033601&articleId=474&bbsMode=view&viewPage=1&articleClass=3&searchCondition=title&searchStr=,https://obank.kbstar.com/quics?page=C019779,4
외화대출상환을 인터넷으로 할 수 있다고 하는데요. 어떤거래가 있습니까?,"외화대출 원리금상환, 외화대출 기한전 상환 (일부 / 완제) 등의 거래가 있습니다.
외화대출의 이자납부는 인터넷상에서는 원화에 제한하나 원금의 경우에는 원화 및 외화 모두 가능합니다.",https://obank.kbstar.com/quics?page=C019779&boardId=682&compId=b033601&articleId=473&bbsMode=view&viewPage=1&articleClass=3&searchCondition=title&searchStr=,https://obank.kbstar.com/quics?page=C019779,4
모바일 통지서비스는 어떤 것인지 알려주세요.,"모바일 통지서비스는 해외에서 수입선적서류, 수출신용장, 외화송금, 외화자금이 도착되면 고객에게
핸드폰 문자메세지를 보내 내용을 통지 해드리는 서비스이며, 가까운 영업점 및 인터넷을 통해 신청이
가능합니다.
통지되는 대상 항목은 다음과 같습니다.
(1) 선적서류내도 (이메일링 서비스 가능)
(2) 타발송금, 외화자금
(3) 수출신용장
(4) 외화예금출금",https://obank.kbstar.com/quics?page=C019779&boardId=682&compId=b033601&articleId=472&bbsMode=view&viewPage=1&articleClass=3&searchCondition=title&searchStr=,https://obank.kbstar.com/quics?page=C019779,4
국민은행에서 취급하고 있는 EDI(무역자동화 업무)는 무슨 업무를 취급하고 있습니까?,"- 수출 : 신용장 통지 (우편, TELEX 제외), 수출환어음 매입 (추심) 신청 및 결과통보
- 수입 : 수입신용장 개설 및 조건변경 신청, 수입물품선취보증서 발급 신청, 적하보험증권 교부
- 무역금융 : 내국신용장 개설 및 조건변경 신청, 구매확인서 발급 신청
- 기타 : 송금방식 수입대금 지급, 국내간 외화자금이체, 관세업무, 계산서 업무
- 인터넷 : 외환 > 수출입 > 무역자동화(EDI) > 무역자동화(EDI) 안내에서 확인 가능합니다.",https://obank.kbstar.com/quics?page=C019779&boardId=682&compId=b033601&articleId=471&bbsMode=view&viewPage=1&articleClass=3&searchCondition=title&searchStr=,https://obank.kbstar.com/quics?page=C019779,4
외화예금도 예금자 보호가 가능한가요?,"제목 없음
거주자와   비거주자의 외화예금에 대해 원화예수금을 포함하여
개별 금융기관별 예금자   1인당 5천만원 범위내에서 보호됩니다.",https://obank.kbstar.com/quics?page=C019779&boardId=682&compId=b033601&articleId=480&bbsMode=view&viewPage=1&articleClass=3&searchCondition=title&searchStr=,https://obank.kbstar.com/quics?page=C019779,5
외화보통예금을 신규하고 싶은데요. 어떻게 해야 하나요?,"외화보통예금 신규는 영업점을 통해서만 가능합니다.
신분증을 지참하신 후 가까운 영업점에 내점하시어 신청하시면 되며
예수가능통화는 USD, JPY, GBP, CHF, CAD, AUD, EUR, NZD, HKD,SGD 입니다.",https://obank.kbstar.com/quics?page=C019779&boardId=682&compId=b033601&articleId=479&bbsMode=view&viewPage=1&articleClass=3&searchCondition=title&searchStr=,https://obank.kbstar.com/quics?page=C019779,5
외화정기예금은 인터넷으로 신규가 가능하다고 하는데요. 신규금액은 최소 얼마이상이어야 하나요?,"인터넷으로 외화정기예금의 신규를 할 경우에는 최소 미화 100불 상당액입니다.
영업점에서 신규하실 경우에는 각   통화별 최소보조단위의 금액도 가능합니다. 단, 1일물 외화정기예금의 최저   예수금액은 미화 20만불 상당액 이상으로 합니다.
※   유의사항
인터넷으로 외화정기예금(적립식포함)신규는 외화보통예금계좌   개설후 가능합니다.
영업점에서 외화보통예금계좌 신규후 거래하여   주십시오.",https://obank.kbstar.com/quics?page=C019779&boardId=682&compId=b033601&articleId=478&bbsMode=view&viewPage=1&articleClass=3&searchCondition=title&searchStr=,https://obank.kbstar.com/quics?page=C019779,5
외화예금 입/출금시 외화현금수수료가 발생된다고 하는데요. 외화현금수수료란 무엇입니까?,"외화현금수수료는 은행이 외국통화를 보유 / 관리하게 됨으로서 발생하는 리스크비용 및 관리비용조
수수료입니다. 즉, 특성상 환율이 개입되는 외국통화의 관리는 환리스크가 존재하게 되는것이고
수급을 하기 위해서는 해당국가의 중앙은행으로부터 현수송이 필요하는 등 많은 비용이 수반되는
데에 대한 비용조 수수료라고 볼 수 있습니다.",https://obank.kbstar.com/quics?page=C019779&boardId=682&compId=b033601&articleId=477&bbsMode=view&viewPage=1&articleClass=3&searchCondition=title&searchStr=,https://obank.kbstar.com/quics?page=C019779,5
외화현금수수료가 면제되는 경우가 있는데요. 어떤경우에 면제가 되는지요?,"현금수수료가 면제되는 경우는 다음과 같습니다.
- 미화(USD) 현금으로 외화예금계정에   입금하는 경우
- 외화현금으로외화현금계정에 입금한 범위내에서 동종의 외화현금으로 출금하는 경우
- 정부기관, 지방자치단체, 외국공관 또는 국제기구가 외화예금계정에서 미화현금으로 출금하는 경우",https://obank.kbstar.com/quics?page=C019779&boardId=682&compId=b033601&articleId=476&bbsMode=view&viewPage=1&articleClass=3&searchCondition=title&searchStr=,https://obank.kbstar.com/quics?page=C019779,5
"외화정기예금에 ""자동갱신제도""가 있는데요. 그 의미는 무엇이며 신청절차는 어떻게 되는지요?","자동갱신제도는 외화정기예금 만기시에 고객님께서 은행에 나오지 않고도 원금과 이자(이자소득세 제외)를
재예치하여 갱신 때마다 편리하게 관리 하실 수 있는 제도이며  영업점과 인터넷에서 신청가능합니다.
자동갱신시   가입기간은 7일에서   6개월이내로 지정 하실 수 있습니다.",https://obank.kbstar.com/quics?page=C019779&boardId=682&compId=b033601&articleId=475&bbsMode=view&viewPage=1&articleClass=3&searchCondition=title&searchStr=,https://obank.kbstar.com/quics?page=C019779,5
인터넷으로 거래할 수 있는 외화예금거래는 무엇이 있나요?,"외화보통예금 입/출금, 외화정기예금 신규/해지, 각종 조회 및 사고신고 등의 거래가 있습니다.",https://obank.kbstar.com/quics?page=C019779&boardId=682&compId=b033601&articleId=474&bbsMode=view&viewPage=1&articleClass=3&searchCondition=title&searchStr=,https://obank.kbstar.com/quics?page=C019779,5
외화대출상환을 인터넷으로 할 수 있다고 하는데요. 어떤거래가 있습니까?,"외화대출 원리금상환, 외화대출 기한전 상환 (일부 / 완제) 등의 거래가 있습니다.
외화대출의 이자납부는 인터넷상에서는 원화에 제한하나 원금의 경우에는 원화 및 외화 모두 가능합니다.",https://obank.kbstar.com/quics?page=C019779&boardId=682&compId=b033601&articleId=473&bbsMode=view&viewPage=1&articleClass=3&searchCondition=title&searchStr=,https://obank.kbstar.com/quics?page=C019779,5
모바일 통지서비스는 어떤 것인지 알려주세요.,"모바일 통지서비스는 해외에서 수입선적서류, 수출신용장, 외화송금, 외화자금이 도착되면 고객에게
핸드폰 문자메세지를 보내 내용을 통지 해드리는 서비스이며, 가까운 영업점 및 인터넷을 통해 신청이
가능합니다.
통지되는 대상 항목은 다음과 같습니다.
(1) 선적서류내도 (이메일링 서비스 가능)
(2) 타발송금, 외화자금
(3) 수출신용장
(4) 외화예금출금",https://obank.kbstar.com/quics?page=C019779&boardId=682&compId=b033601&articleId=472&bbsMode=view&viewPage=1&articleClass=3&searchCondition=title&searchStr=,https://obank.kbstar.com/quics?page=C019779,5
국민은행에서 취급하고 있는 EDI(무역자동화 업무)는 무슨 업무를 취급하고 있습니까?,"- 수출 : 신용장 통지 (우편, TELEX 제외), 수출환어음 매입 (추심) 신청 및 결과통보
- 수입 : 수입신용장 개설 및 조건변경 신청, 수입물품선취보증서 발급 신청, 적하보험증권 교부
- 무역금융 : 내국신용장 개설 및 조건변경 신청, 구매확인서 발급 신청
- 기타 : 송금방식 수입대금 지급, 국내간 외화자금이체, 관세업무, 계산서 업무
- 인터넷 : 외환 > 수출입 > 무역자동화(EDI) > 무역자동화(EDI) 안내에서 확인 가능합니다.",https://obank.kbstar.com/quics?page=C019779&boardId=682&compId=b033601&articleId=471&bbsMode=view&viewPage=1&articleClass=3&searchCondition=title&searchStr=,https://obank.kbstar.com/quics?page=C019779,5
외화예금도 예금자 보호가 가능한가요?,"제목 없음
거주자와   비거주자의 외화예금에 대해 원화예수금을 포함하여
개별 금융기관별 예금자   1인당 5천만원 범위내에서 보호됩니다.",https://obank.kbstar.com/quics?page=C019779&boardId=682&compId=b033601&articleId=480&bbsMode=view&viewPage=1&articleClass=3&searchCondition=title&searchStr=,https://obank.kbstar.com/quics?page=C019779,6
외화보통예금을 신규하고 싶은데요. 어떻게 해야 하나요?,"외화보통예금 신규는 영업점을 통해서만 가능합니다.
신분증을 지참하신 후 가까운 영업점에 내점하시어 신청하시면 되며
예수가능통화는 USD, JPY, GBP, CHF, CAD, AUD, EUR, NZD, HKD,SGD 입니다.",https://obank.kbstar.com/quics?page=C019779&boardId=682&compId=b033601&articleId=479&bbsMode=view&viewPage=1&articleClass=3&searchCondition=title&searchStr=,https://obank.kbstar.com/quics?page=C019779,6
외화정기예금은 인터넷으로 신규가 가능하다고 하는데요. 신규금액은 최소 얼마이상이어야 하나요?,"인터넷으로 외화정기예금의 신규를 할 경우에는 최소 미화 100불 상당액입니다.
영업점에서 신규하실 경우에는 각   통화별 최소보조단위의 금액도 가능합니다. 단, 1일물 외화정기예금의 최저   예수금액은 미화 20만불 상당액 이상으로 합니다.
※   유의사항
인터넷으로 외화정기예금(적립식포함)신규는 외화보통예금계좌   개설후 가능합니다.
영업점에서 외화보통예금계좌 신규후 거래하여   주십시오.",https://obank.kbstar.com/quics?page=C019779&boardId=682&compId=b033601&articleId=478&bbsMode=view&viewPage=1&articleClass=3&searchCondition=title&searchStr=,https://obank.kbstar.com/quics?page=C019779,6
외화예금 입/출금시 외화현금수수료가 발생된다고 하는데요. 외화현금수수료란 무엇입니까?,"외화현금수수료는 은행이 외국통화를 보유 / 관리하게 됨으로서 발생하는 리스크비용 및 관리비용조
수수료입니다. 즉, 특성상 환율이 개입되는 외국통화의 관리는 환리스크가 존재하게 되는것이고
수급을 하기 위해서는 해당국가의 중앙은행으로부터 현수송이 필요하는 등 많은 비용이 수반되는
데에 대한 비용조 수수료라고 볼 수 있습니다.",https://obank.kbstar.com/quics?page=C019779&boardId=682&compId=b033601&articleId=477&bbsMode=view&viewPage=1&articleClass=3&searchCondition=title&searchStr=,https://obank.kbstar.com/quics?page=C019779,6
외화현금수수료가 면제되는 경우가 있는데요. 어떤경우에 면제가 되는지요?,"현금수수료가 면제되는 경우는 다음과 같습니다.
- 미화(USD) 현금으로 외화예금계정에   입금하는 경우
- 외화현금으로외화현금계정에 입금한 범위내에서 동종의 외화현금으로 출금하는 경우
- 정부기관, 지방자치단체, 외국공관 또는 국제기구가 외화예금계정에서 미화현금으로 출금하는 경우",https://obank.kbstar.com/quics?page=C019779&boardId=682&compId=b033601&articleId=476&bbsMode=view&viewPage=1&articleClass=3&searchCondition=title&searchStr=,https://obank.kbstar.com/quics?page=C019779,6
"외화정기예금에 ""자동갱신제도""가 있는데요. 그 의미는 무엇이며 신청절차는 어떻게 되는지요?","자동갱신제도는 외화정기예금 만기시에 고객님께서 은행에 나오지 않고도 원금과 이자(이자소득세 제외)를
재예치하여 갱신 때마다 편리하게 관리 하실 수 있는 제도이며  영업점과 인터넷에서 신청가능합니다.
자동갱신시   가입기간은 7일에서   6개월이내로 지정 하실 수 있습니다.",https://obank.kbstar.com/quics?page=C019779&boardId=682&compId=b033601&articleId=475&bbsMode=view&viewPage=1&articleClass=3&searchCondition=title&searchStr=,https://obank.kbstar.com/quics?page=C019779,6
인터넷으로 거래할 수 있는 외화예금거래는 무엇이 있나요?,"외화보통예금 입/출금, 외화정기예금 신규/해지, 각종 조회 및 사고신고 등의 거래가 있습니다.",https://obank.kbstar.com/quics?page=C019779&boardId=682&compId=b033601&articleId=474&bbsMode=view&viewPage=1&articleClass=3&searchCondition=title&searchStr=,https://obank.kbstar.com/quics?page=C019779,6
외화대출상환을 인터넷으로 할 수 있다고 하는데요. 어떤거래가 있습니까?,"외화대출 원리금상환, 외화대출 기한전 상환 (일부 / 완제) 등의 거래가 있습니다.
외화대출의 이자납부는 인터넷상에서는 원화에 제한하나 원금의 경우에는 원화 및 외화 모두 가능합니다.",https://obank.kbstar.com/quics?page=C019779&boardId=682&compId=b033601&articleId=473&bbsMode=view&viewPage=1&articleClass=3&searchCondition=title&searchStr=,https://obank.kbstar.com/quics?page=C019779,6
모바일 통지서비스는 어떤 것인지 알려주세요.,"모바일 통지서비스는 해외에서 수입선적서류, 수출신용장, 외화송금, 외화자금이 도착되면 고객에게
핸드폰 문자메세지를 보내 내용을 통지 해드리는 서비스이며, 가까운 영업점 및 인터넷을 통해 신청이
가능합니다.
통지되는 대상 항목은 다음과 같습니다.
(1) 선적서류내도 (이메일링 서비스 가능)
(2) 타발송금, 외화자금
(3) 수출신용장
(4) 외화예금출금",https://obank.kbstar.com/quics?page=C019779&boardId=682&compId=b033601&articleId=472&bbsMode=view&viewPage=1&articleClass=3&searchCondition=title&searchStr=,https://obank.kbstar.com/quics?page=C019779,6
국민은행에서 취급하고 있는 EDI(무역자동화 업무)는 무슨 업무를 취급하고 있습니까?,"- 수출 : 신용장 통지 (우편, TELEX 제외), 수출환어음 매입 (추심) 신청 및 결과통보
- 수입 : 수입신용장 개설 및 조건변경 신청, 수입물품선취보증서 발급 신청, 적하보험증권 교부
- 무역금융 : 내국신용장 개설 및 조건변경 신청, 구매확인서 발급 신청
- 기타 : 송금방식 수입대금 지급, 국내간 외화자금이체, 관세업무, 계산서 업무
- 인터넷 : 외환 > 수출입 > 무역자동화(EDI) > 무역자동화(EDI) 안내에서 확인 가능합니다.",https://obank.kbstar.com/quics?page=C019779&boardId=682&compId=b033601&articleId=471&bbsMode=view&viewPage=1&articleClass=3&searchCondition=title&searchStr=,https://obank.kbstar.com/quics?page=C019779,6
외화예금도 예금자 보호가 가능한가요?,"제목 없음
거주자와   비거주자의 외화예금에 대해 원화예수금을 포함하여
개별 금융기관별 예금자   1인당 5천만원 범위내에서 보호됩니다.",https://obank.kbstar.com/quics?page=C019779&boardId=682&compId=b033601&articleId=480&bbsMode=view&viewPage=1&articleClass=3&searchCondition=title&searchStr=,https://obank.kbstar.com/quics?page=C019779,7
외화보통예금을 신규하고 싶은데요. 어떻게 해야 하나요?,"외화보통예금 신규는 영업점을 통해서만 가능합니다.
신분증을 지참하신 후 가까운 영업점에 내점하시어 신청하시면 되며
예수가능통화는 USD, JPY, GBP, CHF, CAD, AUD, EUR, NZD, HKD,SGD 입니다.",https://obank.kbstar.com/quics?page=C019779&boardId=682&compId=b033601&articleId=479&bbsMode=view&viewPage=1&articleClass=3&searchCondition=title&searchStr=,https://obank.kbstar.com/quics?page=C019779,7
외화정기예금은 인터넷으로 신규가 가능하다고 하는데요. 신규금액은 최소 얼마이상이어야 하나요?,"인터넷으로 외화정기예금의 신규를 할 경우에는 최소 미화 100불 상당액입니다.
영업점에서 신규하실 경우에는 각   통화별 최소보조단위의 금액도 가능합니다. 단, 1일물 외화정기예금의 최저   예수금액은 미화 20만불 상당액 이상으로 합니다.
※   유의사항
인터넷으로 외화정기예금(적립식포함)신규는 외화보통예금계좌   개설후 가능합니다.
영업점에서 외화보통예금계좌 신규후 거래하여   주십시오.",https://obank.kbstar.com/quics?page=C019779&boardId=682&compId=b033601&articleId=478&bbsMode=view&viewPage=1&articleClass=3&searchCondition=title&searchStr=,https://obank.kbstar.com/quics?page=C019779,7
외화예금 입/출금시 외화현금수수료가 발생된다고 하는데요. 외화현금수수료란 무엇입니까?,"외화현금수수료는 은행이 외국통화를 보유 / 관리하게 됨으로서 발생하는 리스크비용 및 관리비용조
수수료입니다. 즉, 특성상 환율이 개입되는 외국통화의 관리는 환리스크가 존재하게 되는것이고
수급을 하기 위해서는 해당국가의 중앙은행으로부터 현수송이 필요하는 등 많은 비용이 수반되는
데에 대한 비용조 수수료라고 볼 수 있습니다.",https://obank.kbstar.com/quics?page=C019779&boardId=682&compId=b033601&articleId=477&bbsMode=view&viewPage=1&articleClass=3&searchCondition=title&searchStr=,https://obank.kbstar.com/quics?page=C019779,7
외화현금수수료가 면제되는 경우가 있는데요. 어떤경우에 면제가 되는지요?,"현금수수료가 면제되는 경우는 다음과 같습니다.
- 미화(USD) 현금으로 외화예금계정에   입금하는 경우
- 외화현금으로외화현금계정에 입금한 범위내에서 동종의 외화현금으로 출금하는 경우
- 정부기관, 지방자치단체, 외국공관 또는 국제기구가 외화예금계정에서 미화현금으로 출금하는 경우",https://obank.kbstar.com/quics?page=C019779&boardId=682&compId=b033601&articleId=476&bbsMode=view&viewPage=1&articleClass=3&searchCondition=title&searchStr=,https://obank.kbstar.com/quics?page=C019779,7
"외화정기예금에 ""자동갱신제도""가 있는데요. 그 의미는 무엇이며 신청절차는 어떻게 되는지요?","자동갱신제도는 외화정기예금 만기시에 고객님께서 은행에 나오지 않고도 원금과 이자(이자소득세 제외)를
재예치하여 갱신 때마다 편리하게 관리 하실 수 있는 제도이며  영업점과 인터넷에서 신청가능합니다.
자동갱신시   가입기간은 7일에서   6개월이내로 지정 하실 수 있습니다.",https://obank.kbstar.com/quics?page=C019779&boardId=682&compId=b033601&articleId=475&bbsMode=view&viewPage=1&articleClass=3&searchCondition=title&searchStr=,https://obank.kbstar.com/quics?page=C019779,7
인터넷으로 거래할 수 있는 외화예금거래는 무엇이 있나요?,"외화보통예금 입/출금, 외화정기예금 신규/해지, 각종 조회 및 사고신고 등의 거래가 있습니다.",https://obank.kbstar.com/quics?page=C019779&boardId=682&compId=b033601&articleId=474&bbsMode=view&viewPage=1&articleClass=3&searchCondition=title&searchStr=,https://obank.kbstar.com/quics?page=C019779,7
외화대출상환을 인터넷으로 할 수 있다고 하는데요. 어떤거래가 있습니까?,"외화대출 원리금상환, 외화대출 기한전 상환 (일부 / 완제) 등의 거래가 있습니다.
외화대출의 이자납부는 인터넷상에서는 원화에 제한하나 원금의 경우에는 원화 및 외화 모두 가능합니다.",https://obank.kbstar.com/quics?page=C019779&boardId=682&compId=b033601&articleId=473&bbsMode=view&viewPage=1&articleClass=3&searchCondition=title&searchStr=,https://obank.kbstar.com/quics?page=C019779,7
모바일 통지서비스는 어떤 것인지 알려주세요.,"모바일 통지서비스는 해외에서 수입선적서류, 수출신용장, 외화송금, 외화자금이 도착되면 고객에게
핸드폰 문자메세지를 보내 내용을 통지 해드리는 서비스이며, 가까운 영업점 및 인터넷을 통해 신청이
가능합니다.
통지되는 대상 항목은 다음과 같습니다.
(1) 선적서류내도 (이메일링 서비스 가능)
(2) 타발송금, 외화자금
(3) 수출신용장
(4) 외화예금출금",https://obank.kbstar.com/quics?page=C019779&boardId=682&compId=b033601&articleId=472&bbsMode=view&viewPage=1&articleClass=3&searchCondition=title&searchStr=,https://obank.kbstar.com/quics?page=C019779,7
국민은행에서 취급하고 있는 EDI(무역자동화 업무)는 무슨 업무를 취급하고 있습니까?,"- 수출 : 신용장 통지 (우편, TELEX 제외), 수출환어음 매입 (추심) 신청 및 결과통보
- 수입 : 수입신용장 개설 및 조건변경 신청, 수입물품선취보증서 발급 신청, 적하보험증권 교부
- 무역금융 : 내국신용장 개설 및 조건변경 신청, 구매확인서 발급 신청
- 기타 : 송금방식 수입대금 지급, 국내간 외화자금이체, 관세업무, 계산서 업무
- 인터넷 : 외환 > 수출입 > 무역자동화(EDI) > 무역자동화(EDI) 안내에서 확인 가능합니다.",https://obank.kbstar.com/quics?page=C019779&boardId=682&compId=b033601&articleId=471&bbsMode=view&viewPage=1&articleClass=3&searchCondition=title&searchStr=,https://obank.kbstar.com/quics?page=C019779,7
예금주인 미성년자가 myQ카드 발급시 미성년자 본인이 발급 가능한가요?,"미성년자(만 20세   미만) 본인 단독으로도   myQ카드 발급이 가능합니다.
미성년자 myQ카드   발급의 경우에는 본인신청 및 법정대리인의 대리발급도 가능합니다.
(※ 미성년
자가 아닌   개인고객의 경우에는 본인신청만 가능합니다.)
# 발급신청시 필요서류
- 미성년자   본인 신청  : 사진이 부
착된 신청자의 학생증, 주민등록증, 여권, 청소년증 등
(주민번호 또는 생년월일이 없는 학생증의 경우 2차 증빙서류 확인)
※ 2차증빙서류 : 주민등록등본 등 주민등록번호 전체를 확인할 수 있는 서류
- 법정대리인   신청 : 법정대리인 본인확인서류 + 법정대리인 확인서류
주)
주)
법정대리인 확인서류
구분
서류명
내용
친권자
기본증명서
- 미성년자 본인명의,                                                  3개월이내 발급분
※ 친권자                                                  지정시 ‘친권’란에                                                  ‘부/모’ 
표시 있음
가족관계증명서
- 미성년자 또는 내점인                                                  명의
후견인
기본증명서
- 미성년자 본인명의,                                                  3개월이내 발급분
※ 후견인                                                  지정시 성명과 주민등록
번호                                                  표시",https://obank.kbstar.com/quics?page=C019780&boardId=687&compId=b033627&articleId=760&bbsMode=view&viewPage=1&articleClass=&searchCondition=title&searchStr=,https://obank.kbstar.com/quics?page=C019780,1
직불카드를 해외에서 이용할 수 있나요?,"제목 없음
- 직불카드로   해외에서 예금인출 및 직불가맹점에서 물품구매가 가능합니다.
- 직불카드 해외이용은 당행의   『국내외 겸용 직불카드』를 발급받은 회원이 국외의 Maestro가맹점
또는   Cirrus 현금자동 입출금기(ATM, CD)를 이용하는 것을 말합니다.
- 사용가능한   이용한도는 아래와 같습니다.
구분
1회                                                       한도
1일                                                       한도
예금인출
국내
1백만원
6백만원
국외
1백만원                                                       상당액
6백만원                                                       상당액
직불가맹점
국내
1억원
1억원
국외
1백만원                                                       상당액
6백만원                                                       상당액",https://obank.kbstar.com/quics?page=C019780&boardId=687&compId=b033627&articleId=759&bbsMode=view&viewPage=1&articleClass=&searchCondition=title&searchStr=,https://obank.kbstar.com/quics?page=C019780,1
직불카드로 해외에서 이용할 경우 수수료가 있나요?,"- 해외이용 수수료는   아래와 같습니다.
ο 현금인출인   경우 : 기본수수료(
2$
) + 국외이용수수료(
이용금액의 1%
)
ο 예금잔액조회의   경우 :
0.5$
적용
ο 직불가맹점   이용의 경우 : 기본수수료(
0.5$
) + 국외이용수수료(
이용금액의   1%
)
※ 국가별,   도시별 이용가능 ATM기 위치는 마스터카드 홈페이지(
www.mastercard.com
)의
ATM위치확인(ATM   locator)에서 확인 가능합니다.",https://obank.kbstar.com/quics?page=C019780&boardId=687&compId=b033627&articleId=758&bbsMode=view&viewPage=1&articleClass=&searchCondition=title&searchStr=,https://obank.kbstar.com/quics?page=C019780,1
예금주인 미성년자가 myQ카드 발급시 미성년자 본인이 발급 가능한가요?,"미성년자(만 20세   미만) 본인 단독으로도   myQ카드 발급이 가능합니다.
미성년자 myQ카드   발급의 경우에는 본인신청 및 법정대리인의 대리발급도 가능합니다.
(※ 미성년
자가 아닌   개인고객의 경우에는 본인신청만 가능합니다.)
# 발급신청시 필요서류
- 미성년자   본인 신청  : 사진이 부
착된 신청자의 학생증, 주민등록증, 여권, 청소년증 등
(주민번호 또는 생년월일이 없는 학생증의 경우 2차 증빙서류 확인)
※ 2차증빙서류 : 주민등록등본 등 주민등록번호 전체를 확인할 수 있는 서류
- 법정대리인   신청 : 법정대리인 본인확인서류 + 법정대리인 확인서류
주)
주)
법정대리인 확인서류
구분
서류명
내용
친권자
기본증명서
- 미성년자 본인명의,                                                  3개월이내 발급분
※ 친권자                                                  지정시 ‘친권’란에                                                  ‘부/모’ 
표시 있음
가족관계증명서
- 미성년자 또는 내점인                                                  명의
후견인
기본증명서
- 미성년자 본인명의,                                                  3개월이내 발급분
※ 후견인                                                  지정시 성명과 주민등록
번호                                                  표시",https://obank.kbstar.com/quics?page=C019780&boardId=687&compId=b033627&articleId=760&bbsMode=view&viewPage=1&articleClass=&searchCondition=title&searchStr=,https://obank.kbstar.com/quics?page=C019780,2
직불카드를 해외에서 이용할 수 있나요?,"제목 없음
- 직불카드로   해외에서 예금인출 및 직불가맹점에서 물품구매가 가능합니다.
- 직불카드 해외이용은 당행의   『국내외 겸용 직불카드』를 발급받은 회원이 국외의 Maestro가맹점
또는   Cirrus 현금자동 입출금기(ATM, CD)를 이용하는 것을 말합니다.
- 사용가능한   이용한도는 아래와 같습니다.
구분
1회                                                       한도
1일                                                       한도
예금인출
국내
1백만원
6백만원
국외
1백만원                                                       상당액
6백만원                                                       상당액
직불가맹점
국내
1억원
1억원
국외
1백만원                                                       상당액
6백만원                                                       상당액",https://obank.kbstar.com/quics?page=C019780&boardId=687&compId=b033627&articleId=759&bbsMode=view&viewPage=1&articleClass=&searchCondition=title&searchStr=,https://obank.kbstar.com/quics?page=C019780,2
직불카드로 해외에서 이용할 경우 수수료가 있나요?,"- 해외이용 수수료는   아래와 같습니다.
ο 현금인출인   경우 : 기본수수료(
2$
) + 국외이용수수료(
이용금액의 1%
)
ο 예금잔액조회의   경우 :
0.5$
적용
ο 직불가맹점   이용의 경우 : 기본수수료(
0.5$
) + 국외이용수수료(
이용금액의   1%
)
※ 국가별,   도시별 이용가능 ATM기 위치는 마스터카드 홈페이지(
www.mastercard.com
)의
ATM위치확인(ATM   locator)에서 확인 가능합니다.",https://obank.kbstar.com/quics?page=C019780&boardId=687&compId=b033627&articleId=758&bbsMode=view&viewPage=1&articleClass=&searchCondition=title&searchStr=,https://obank.kbstar.com/quics?page=C019780,2
예금주인 미성년자가 myQ카드 발급시 미성년자 본인이 발급 가능한가요?,"미성년자(만 20세   미만) 본인 단독으로도   myQ카드 발급이 가능합니다.
미성년자 myQ카드   발급의 경우에는 본인신청 및 법정대리인의 대리발급도 가능합니다.
(※ 미성년
자가 아닌   개인고객의 경우에는 본인신청만 가능합니다.)
# 발급신청시 필요서류
- 미성년자   본인 신청  : 사진이 부
착된 신청자의 학생증, 주민등록증, 여권, 청소년증 등
(주민번호 또는 생년월일이 없는 학생증의 경우 2차 증빙서류 확인)
※ 2차증빙서류 : 주민등록등본 등 주민등록번호 전체를 확인할 수 있는 서류
- 법정대리인   신청 : 법정대리인 본인확인서류 + 법정대리인 확인서류
주)
주)
법정대리인 확인서류
구분
서류명
내용
친권자
기본증명서
- 미성년자 본인명의,                                                  3개월이내 발급분
※ 친권자                                                  지정시 ‘친권’란에                                                  ‘부/모’ 
표시 있음
가족관계증명서
- 미성년자 또는 내점인                                                  명의
후견인
기본증명서
- 미성년자 본인명의,                                                  3개월이내 발급분
※ 후견인                                                  지정시 성명과 주민등록
번호                                                  표시",https://obank.kbstar.com/quics?page=C019780&boardId=687&compId=b033627&articleId=760&bbsMode=view&viewPage=1&articleClass=&searchCondition=title&searchStr=,https://obank.kbstar.com/quics?page=C019780,3
직불카드를 해외에서 이용할 수 있나요?,"제목 없음
- 직불카드로   해외에서 예금인출 및 직불가맹점에서 물품구매가 가능합니다.
- 직불카드 해외이용은 당행의   『국내외 겸용 직불카드』를 발급받은 회원이 국외의 Maestro가맹점
또는   Cirrus 현금자동 입출금기(ATM, CD)를 이용하는 것을 말합니다.
- 사용가능한   이용한도는 아래와 같습니다.
구분
1회                                                       한도
1일                                                       한도
예금인출
국내
1백만원
6백만원
국외
1백만원                                                       상당액
6백만원                                                       상당액
직불가맹점
국내
1억원
1억원
국외
1백만원                                                       상당액
6백만원                                                       상당액",https://obank.kbstar.com/quics?page=C019780&boardId=687&compId=b033627&articleId=759&bbsMode=view&viewPage=1&articleClass=&searchCondition=title&searchStr=,https://obank.kbstar.com/quics?page=C019780,3
직불카드로 해외에서 이용할 경우 수수료가 있나요?,"- 해외이용 수수료는   아래와 같습니다.
ο 현금인출인   경우 : 기본수수료(
2$
) + 국외이용수수료(
이용금액의 1%
)
ο 예금잔액조회의   경우 :
0.5$
적용
ο 직불가맹점   이용의 경우 : 기본수수료(
0.5$
) + 국외이용수수료(
이용금액의   1%
)
※ 국가별,   도시별 이용가능 ATM기 위치는 마스터카드 홈페이지(
www.mastercard.com
)의
ATM위치확인(ATM   locator)에서 확인 가능합니다.",https://obank.kbstar.com/quics?page=C019780&boardId=687&compId=b033627&articleId=758&bbsMode=view&viewPage=1&articleClass=&searchCondition=title&searchStr=,https://obank.kbstar.com/quics?page=C019780,3
예금주인 미성년자가 myQ카드 발급시 미성년자 본인이 발급 가능한가요?,"미성년자(만 20세   미만) 본인 단독으로도   myQ카드 발급이 가능합니다.
미성년자 myQ카드   발급의 경우에는 본인신청 및 법정대리인의 대리발급도 가능합니다.
(※ 미성년
자가 아닌   개인고객의 경우에는 본인신청만 가능합니다.)
# 발급신청시 필요서류
- 미성년자   본인 신청  : 사진이 부
착된 신청자의 학생증, 주민등록증, 여권, 청소년증 등
(주민번호 또는 생년월일이 없는 학생증의 경우 2차 증빙서류 확인)
※ 2차증빙서류 : 주민등록등본 등 주민등록번호 전체를 확인할 수 있는 서류
- 법정대리인   신청 : 법정대리인 본인확인서류 + 법정대리인 확인서류
주)
주)
법정대리인 확인서류
구분
서류명
내용
친권자
기본증명서
- 미성년자 본인명의,                                                  3개월이내 발급분
※ 친권자                                                  지정시 ‘친권’란에                                                  ‘부/모’ 
표시 있음
가족관계증명서
- 미성년자 또는 내점인                                                  명의
후견인
기본증명서
- 미성년자 본인명의,                                                  3개월이내 발급분
※ 후견인                                                  지정시 성명과 주민등록
번호                                                  표시",https://obank.kbstar.com/quics?page=C019780&boardId=687&compId=b033627&articleId=760&bbsMode=view&viewPage=1&articleClass=&searchCondition=title&searchStr=,https://obank.kbstar.com/quics?page=C019780,4
직불카드를 해외에서 이용할 수 있나요?,"제목 없음
- 직불카드로   해외에서 예금인출 및 직불가맹점에서 물품구매가 가능합니다.
- 직불카드 해외이용은 당행의   『국내외 겸용 직불카드』를 발급받은 회원이 국외의 Maestro가맹점
또는   Cirrus 현금자동 입출금기(ATM, CD)를 이용하는 것을 말합니다.
- 사용가능한   이용한도는 아래와 같습니다.
구분
1회                                                       한도
1일                                                       한도
예금인출
국내
1백만원
6백만원
국외
1백만원                                                       상당액
6백만원                                                       상당액
직불가맹점
국내
1억원
1억원
국외
1백만원                                                       상당액
6백만원                                                       상당액",https://obank.kbstar.com/quics?page=C019780&boardId=687&compId=b033627&articleId=759&bbsMode=view&viewPage=1&articleClass=&searchCondition=title&searchStr=,https://obank.kbstar.com/quics?page=C019780,4
직불카드로 해외에서 이용할 경우 수수료가 있나요?,"- 해외이용 수수료는   아래와 같습니다.
ο 현금인출인   경우 : 기본수수료(
2$
) + 국외이용수수료(
이용금액의 1%
)
ο 예금잔액조회의   경우 :
0.5$
적용
ο 직불가맹점   이용의 경우 : 기본수수료(
0.5$
) + 국외이용수수료(
이용금액의   1%
)
※ 국가별,   도시별 이용가능 ATM기 위치는 마스터카드 홈페이지(
www.mastercard.com
)의
ATM위치확인(ATM   locator)에서 확인 가능합니다.",https://obank.kbstar.com/quics?page=C019780&boardId=687&compId=b033627&articleId=758&bbsMode=view&viewPage=1&articleClass=&searchCondition=title&searchStr=,https://obank.kbstar.com/quics?page=C019780,4
예금주인 미성년자가 myQ카드 발급시 미성년자 본인이 발급 가능한가요?,"미성년자(만 20세   미만) 본인 단독으로도   myQ카드 발급이 가능합니다.
미성년자 myQ카드   발급의 경우에는 본인신청 및 법정대리인의 대리발급도 가능합니다.
(※ 미성년
자가 아닌   개인고객의 경우에는 본인신청만 가능합니다.)
# 발급신청시 필요서류
- 미성년자   본인 신청  : 사진이 부
착된 신청자의 학생증, 주민등록증, 여권, 청소년증 등
(주민번호 또는 생년월일이 없는 학생증의 경우 2차 증빙서류 확인)
※ 2차증빙서류 : 주민등록등본 등 주민등록번호 전체를 확인할 수 있는 서류
- 법정대리인   신청 : 법정대리인 본인확인서류 + 법정대리인 확인서류
주)
주)
법정대리인 확인서류
구분
서류명
내용
친권자
기본증명서
- 미성년자 본인명의,                                                  3개월이내 발급분
※ 친권자                                                  지정시 ‘친권’란에                                                  ‘부/모’ 
표시 있음
가족관계증명서
- 미성년자 또는 내점인                                                  명의
후견인
기본증명서
- 미성년자 본인명의,                                                  3개월이내 발급분
※ 후견인                                                  지정시 성명과 주민등록
번호                                                  표시",https://obank.kbstar.com/quics?page=C019780&boardId=687&compId=b033627&articleId=760&bbsMode=view&viewPage=1&articleClass=&searchCondition=title&searchStr=,https://obank.kbstar.com/quics?page=C019780,5
직불카드를 해외에서 이용할 수 있나요?,"제목 없음
- 직불카드로   해외에서 예금인출 및 직불가맹점에서 물품구매가 가능합니다.
- 직불카드 해외이용은 당행의   『국내외 겸용 직불카드』를 발급받은 회원이 국외의 Maestro가맹점
또는   Cirrus 현금자동 입출금기(ATM, CD)를 이용하는 것을 말합니다.
- 사용가능한   이용한도는 아래와 같습니다.
구분
1회                                                       한도
1일                                                       한도
예금인출
국내
1백만원
6백만원
국외
1백만원                                                       상당액
6백만원                                                       상당액
직불가맹점
국내
1억원
1억원
국외
1백만원                                                       상당액
6백만원                                                       상당액",https://obank.kbstar.com/quics?page=C019780&boardId=687&compId=b033627&articleId=759&bbsMode=view&viewPage=1&articleClass=&searchCondition=title&searchStr=,https://obank.kbstar.com/quics?page=C019780,5
직불카드로 해외에서 이용할 경우 수수료가 있나요?,"- 해외이용 수수료는   아래와 같습니다.
ο 현금인출인   경우 : 기본수수료(
2$
) + 국외이용수수료(
이용금액의 1%
)
ο 예금잔액조회의   경우 :
0.5$
적용
ο 직불가맹점   이용의 경우 : 기본수수료(
0.5$
) + 국외이용수수료(
이용금액의   1%
)
※ 국가별,   도시별 이용가능 ATM기 위치는 마스터카드 홈페이지(
www.mastercard.com
)의
ATM위치확인(ATM   locator)에서 확인 가능합니다.",https://obank.kbstar.com/quics?page=C019780&boardId=687&compId=b033627&articleId=758&bbsMode=view&viewPage=1&articleClass=&searchCondition=title&searchStr=,https://obank.kbstar.com/quics?page=C019780,5
예금주인 미성년자가 myQ카드 발급시 미성년자 본인이 발급 가능한가요?,"미성년자(만 20세   미만) 본인 단독으로도   myQ카드 발급이 가능합니다.
미성년자 myQ카드   발급의 경우에는 본인신청 및 법정대리인의 대리발급도 가능합니다.
(※ 미성년
자가 아닌   개인고객의 경우에는 본인신청만 가능합니다.)
# 발급신청시 필요서류
- 미성년자   본인 신청  : 사진이 부
착된 신청자의 학생증, 주민등록증, 여권, 청소년증 등
(주민번호 또는 생년월일이 없는 학생증의 경우 2차 증빙서류 확인)
※ 2차증빙서류 : 주민등록등본 등 주민등록번호 전체를 확인할 수 있는 서류
- 법정대리인   신청 : 법정대리인 본인확인서류 + 법정대리인 확인서류
주)
주)
법정대리인 확인서류
구분
서류명
내용
친권자
기본증명서
- 미성년자 본인명의,                                                  3개월이내 발급분
※ 친권자                                                  지정시 ‘친권’란에                                                  ‘부/모’ 
표시 있음
가족관계증명서
- 미성년자 또는 내점인                                                  명의
후견인
기본증명서
- 미성년자 본인명의,                                                  3개월이내 발급분
※ 후견인                                                  지정시 성명과 주민등록
번호                                                  표시",https://obank.kbstar.com/quics?page=C019780&boardId=687&compId=b033627&articleId=760&bbsMode=view&viewPage=1&articleClass=&searchCondition=title&searchStr=,https://obank.kbstar.com/quics?page=C019780,6
직불카드를 해외에서 이용할 수 있나요?,"제목 없음
- 직불카드로   해외에서 예금인출 및 직불가맹점에서 물품구매가 가능합니다.
- 직불카드 해외이용은 당행의   『국내외 겸용 직불카드』를 발급받은 회원이 국외의 Maestro가맹점
또는   Cirrus 현금자동 입출금기(ATM, CD)를 이용하는 것을 말합니다.
- 사용가능한   이용한도는 아래와 같습니다.
구분
1회                                                       한도
1일                                                       한도
예금인출
국내
1백만원
6백만원
국외
1백만원                                                       상당액
6백만원                                                       상당액
직불가맹점
국내
1억원
1억원
국외
1백만원                                                       상당액
6백만원                                                       상당액",https://obank.kbstar.com/quics?page=C019780&boardId=687&compId=b033627&articleId=759&bbsMode=view&viewPage=1&articleClass=&searchCondition=title&searchStr=,https://obank.kbstar.com/quics?page=C019780,6
직불카드로 해외에서 이용할 경우 수수료가 있나요?,"- 해외이용 수수료는   아래와 같습니다.
ο 현금인출인   경우 : 기본수수료(
2$
) + 국외이용수수료(
이용금액의 1%
)
ο 예금잔액조회의   경우 :
0.5$
적용
ο 직불가맹점   이용의 경우 : 기본수수료(
0.5$
) + 국외이용수수료(
이용금액의   1%
)
※ 국가별,   도시별 이용가능 ATM기 위치는 마스터카드 홈페이지(
www.mastercard.com
)의
ATM위치확인(ATM   locator)에서 확인 가능합니다.",https://obank.kbstar.com/quics?page=C019780&boardId=687&compId=b033627&articleId=758&bbsMode=view&viewPage=1&articleClass=&searchCondition=title&searchStr=,https://obank.kbstar.com/quics?page=C019780,6
예금주인 미성년자가 myQ카드 발급시 미성년자 본인이 발급 가능한가요?,"미성년자(만 20세   미만) 본인 단독으로도   myQ카드 발급이 가능합니다.
미성년자 myQ카드   발급의 경우에는 본인신청 및 법정대리인의 대리발급도 가능합니다.
(※ 미성년
자가 아닌   개인고객의 경우에는 본인신청만 가능합니다.)
# 발급신청시 필요서류
- 미성년자   본인 신청  : 사진이 부
착된 신청자의 학생증, 주민등록증, 여권, 청소년증 등
(주민번호 또는 생년월일이 없는 학생증의 경우 2차 증빙서류 확인)
※ 2차증빙서류 : 주민등록등본 등 주민등록번호 전체를 확인할 수 있는 서류
- 법정대리인   신청 : 법정대리인 본인확인서류 + 법정대리인 확인서류
주)
주)
법정대리인 확인서류
구분
서류명
내용
친권자
기본증명서
- 미성년자 본인명의,                                                  3개월이내 발급분
※ 친권자                                                  지정시 ‘친권’란에                                                  ‘부/모’ 
표시 있음
가족관계증명서
- 미성년자 또는 내점인                                                  명의
후견인
기본증명서
- 미성년자 본인명의,                                                  3개월이내 발급분
※ 후견인                                                  지정시 성명과 주민등록
번호                                                  표시",https://obank.kbstar.com/quics?page=C019780&boardId=687&compId=b033627&articleId=760&bbsMode=view&viewPage=1&articleClass=&searchCondition=title&searchStr=,https://obank.kbstar.com/quics?page=C019780,7
직불카드를 해외에서 이용할 수 있나요?,"제목 없음
- 직불카드로   해외에서 예금인출 및 직불가맹점에서 물품구매가 가능합니다.
- 직불카드 해외이용은 당행의   『국내외 겸용 직불카드』를 발급받은 회원이 국외의 Maestro가맹점
또는   Cirrus 현금자동 입출금기(ATM, CD)를 이용하는 것을 말합니다.
- 사용가능한   이용한도는 아래와 같습니다.
구분
1회                                                       한도
1일                                                       한도
예금인출
국내
1백만원
6백만원
국외
1백만원                                                       상당액
6백만원                                                       상당액
직불가맹점
국내
1억원
1억원
국외
1백만원                                                       상당액
6백만원                                                       상당액",https://obank.kbstar.com/quics?page=C019780&boardId=687&compId=b033627&articleId=759&bbsMode=view&viewPage=1&articleClass=&searchCondition=title&searchStr=,https://obank.kbstar.com/quics?page=C019780,7
직불카드로 해외에서 이용할 경우 수수료가 있나요?,"- 해외이용 수수료는   아래와 같습니다.
ο 현금인출인   경우 : 기본수수료(
2$
) + 국외이용수수료(
이용금액의 1%
)
ο 예금잔액조회의   경우 :
0.5$
적용
ο 직불가맹점   이용의 경우 : 기본수수료(
0.5$
) + 국외이용수수료(
이용금액의   1%
)
※ 국가별,   도시별 이용가능 ATM기 위치는 마스터카드 홈페이지(
www.mastercard.com
)의
ATM위치확인(ATM   locator)에서 확인 가능합니다.",https://obank.kbstar.com/quics?page=C019780&boardId=687&compId=b033627&articleId=758&bbsMode=view&viewPage=1&articleClass=&searchCondition=title&searchStr=,https://obank.kbstar.com/quics?page=C019780,7
[기업인터넷뱅킹 거래가이드] 확정급여형(DB) 퇴직연금 가입자명부 변경(재정검증),기업 인터넷뱅킹에서 확정급여형(DB) 재정검증을 위한 퇴직연금 가입자명부 변경 시 업무처리방법입니다.,https://obank.kbstar.com/quics?page=C025066&boardId=813&compId=b041133&articleId=134638&bbsMode=view&viewPage=1&articleClass=&searchCondition=title&searchStr=,https://obank.kbstar.com/quics?page=C025066,1
[기업인터넷뱅킹 거래가이드] 퇴직연금 Easy-Up 거래가이드,기업인터넷뱅킹 퇴직연금 Easy-Up 거래 업무처리 방법입니다.,https://obank.kbstar.com/quics?page=C025066&boardId=813&compId=b041133&articleId=130863&bbsMode=view&viewPage=1&articleClass=&searchCondition=title&searchStr=,https://obank.kbstar.com/quics?page=C025066,1
"[기업인터넷뱅킹 거래가이드] 퇴직지급 예약(DB,DC,기업형IRP)","기업 인터넷뱅킹에서 퇴직지급 예약(DB,DC,기업형IRP) 시 업무처리방법입니다.",https://obank.kbstar.com/quics?page=C025066&boardId=813&compId=b041133&articleId=129063&bbsMode=view&viewPage=1&articleClass=&searchCondition=title&searchStr=,https://obank.kbstar.com/quics?page=C025066,1
"[기업인터넷뱅킹 거래가이드] 가입자 등록(DB,DC,기업형IRP)",기업 인터넷뱅킹에서 가입자명부 등록 시 업무처리방법입니다.,https://obank.kbstar.com/quics?page=C025066&boardId=813&compId=b041133&articleId=128996&bbsMode=view&viewPage=1&articleClass=&searchCondition=title&searchStr=,https://obank.kbstar.com/quics?page=C025066,1
"[기업인터넷뱅킹 거래가이드] 입금, 입금예약 (DB,DC,기업형IRP)",기업 인터넷뱅킹에서 확정급여형(DB) 재정검증을 위한 퇴직연금 가입자명부 변경 시 업무처리방법입니다.,https://obank.kbstar.com/quics?page=C025066&boardId=813&compId=b041133&articleId=129061&bbsMode=view&viewPage=1&articleClass=&searchCondition=title&searchStr=,https://obank.kbstar.com/quics?page=C025066,1
[기업인터넷뱅킹 거래가이드] 퇴직연금 업무 권한등록 및 결재단계 설정,"기업 인터넷뱅킹에서 퇴직연금 업무 권한등록 및 결재단계 설정 시 업무처리방법입니다.
권한등록/결재단계 설정이 되어 있어야 기업 인터넷뱅킹 퇴직연금 메뉴를 이용할 수 있습니다.",https://obank.kbstar.com/quics?page=C025066&boardId=813&compId=b041133&articleId=115230&bbsMode=view&viewPage=1&articleClass=&searchCondition=title&searchStr=,https://obank.kbstar.com/quics?page=C025066,1
『개인형IRP』연금 수령 방법 문의합니다.,"연금지급은 「소득세법시행령 40조의2」 및 「근로자퇴직급여보장법 17조1항」에 따라 만55세 이후
부터 수령가능하며, 최소 연금수령 기간은 2013년 2월 28일 이전 개설 계좌는 5년, 2013년 3월 1일 이후
개설 계좌는 'Max{10년 - (연금수령가능일부터 연금지급기준일까지의 기간), 5년} 입니다.
단, 2013년 2월 28일 이전에 가입된 DB, DC, 기업형IRP에서 과세이연된 개인형IRP의 최소 연금수령
기간은 5년 입니다.
연금설계등록을 위한 가입상품 확인 및 연금지급 주기, 연금지급 방식등은 KB국민은행 영업점
직원과 사전에 상담 후 연금개시 수령 신청하시면 됩니다.",https://obank.kbstar.com/quics?page=C025066&boardId=813&compId=b041133&articleId=9343&bbsMode=view&viewPage=1&articleClass=&searchCondition=title&searchStr=,https://obank.kbstar.com/quics?page=C025066,1
『개인형IRP(퇴직용)』해지 시 과세정보 알려주세요,"개인용IRP(퇴직용)에 입금된 금액은 퇴직소득세(지방소득세포함)를 공제하지 않은 세전 금액입니다.
따라서, 개인형IRP(퇴직용)에 불입된 자금을 일시금으로 찾고자 하실 경우 퇴직급여에 대한
퇴직소득세(지방소득세포함)와 발생한 수익에 대한 기타소득세(지방소득세포함)를 과세합니다.
또한 만55세 이후 연금으로 수령시 퇴직소득 재원은 '퇴직소득세(이연퇴직소득세) X 70%'를
연금소득세로 과세하고, 개인형IRP 운용수익은 연금소득세(연령별 차등적용 3.3% ~ 5.5%
지방소득세포함)로 과세하게 됩니다.
※ 이연퇴직소득세 = 퇴직소득세 X IRP입금액 ÷ 퇴직급여",https://obank.kbstar.com/quics?page=C025066&boardId=813&compId=b041133&articleId=9342&bbsMode=view&viewPage=1&articleClass=&searchCondition=title&searchStr=,https://obank.kbstar.com/quics?page=C025066,1
『DC형 퇴직연금』부담금 입금내역조회 및 가입자 부담금 납입은 어떻게 하나요?,"- 부담금 입금 내역조회
☞ www.kbstar.com > 퇴직연금 > 퇴직연금 인터넷뱅킹 > 부담금 > 입금내역조회
- 가입자 부담금 입금
☞ www.kbstar.com > 퇴직연금 > 퇴직연금 인터넷뱅킹 > 부담금 > 가입자부담금 입금
(단, DC 계좌에 가입자 부담금을 직접 입금하시려면, 회사에서 제도를 도입할 때
가입자가 부담금을 직접 입금할 수 있도록 [가입자부담금 직접 입금]항목에 대하여
""허용""하도록 신청해 주셨어야 합니다)",https://obank.kbstar.com/quics?page=C025066&boardId=813&compId=b041133&articleId=9340&bbsMode=view&viewPage=1&articleClass=&searchCondition=title&searchStr=,https://obank.kbstar.com/quics?page=C025066,1
[기업인터넷뱅킹 거래가이드] 확정급여형(DB) 퇴직연금 가입자명부 변경(재정검증),기업 인터넷뱅킹에서 확정급여형(DB) 재정검증을 위한 퇴직연금 가입자명부 변경 시 업무처리방법입니다.,https://obank.kbstar.com/quics?page=C025066&boardId=813&compId=b041133&articleId=134638&bbsMode=view&viewPage=1&articleClass=&searchCondition=title&searchStr=,https://obank.kbstar.com/quics?page=C025066,2
[기업인터넷뱅킹 거래가이드] 퇴직연금 Easy-Up 거래가이드,기업인터넷뱅킹 퇴직연금 Easy-Up 거래 업무처리 방법입니다.,https://obank.kbstar.com/quics?page=C025066&boardId=813&compId=b041133&articleId=130863&bbsMode=view&viewPage=1&articleClass=&searchCondition=title&searchStr=,https://obank.kbstar.com/quics?page=C025066,2
"[기업인터넷뱅킹 거래가이드] 퇴직지급 예약(DB,DC,기업형IRP)","기업 인터넷뱅킹에서 퇴직지급 예약(DB,DC,기업형IRP) 시 업무처리방법입니다.",https://obank.kbstar.com/quics?page=C025066&boardId=813&compId=b041133&articleId=129063&bbsMode=view&viewPage=1&articleClass=&searchCondition=title&searchStr=,https://obank.kbstar.com/quics?page=C025066,2
"[기업인터넷뱅킹 거래가이드] 가입자 등록(DB,DC,기업형IRP)",기업 인터넷뱅킹에서 가입자명부 등록 시 업무처리방법입니다.,https://obank.kbstar.com/quics?page=C025066&boardId=813&compId=b041133&articleId=128996&bbsMode=view&viewPage=1&articleClass=&searchCondition=title&searchStr=,https://obank.kbstar.com/quics?page=C025066,2
"[기업인터넷뱅킹 거래가이드] 입금, 입금예약 (DB,DC,기업형IRP)",기업 인터넷뱅킹에서 확정급여형(DB) 재정검증을 위한 퇴직연금 가입자명부 변경 시 업무처리방법입니다.,https://obank.kbstar.com/quics?page=C025066&boardId=813&compId=b041133&articleId=129061&bbsMode=view&viewPage=1&articleClass=&searchCondition=title&searchStr=,https://obank.kbstar.com/quics?page=C025066,2
[기업인터넷뱅킹 거래가이드] 퇴직연금 업무 권한등록 및 결재단계 설정,"기업 인터넷뱅킹에서 퇴직연금 업무 권한등록 및 결재단계 설정 시 업무처리방법입니다.
권한등록/결재단계 설정이 되어 있어야 기업 인터넷뱅킹 퇴직연금 메뉴를 이용할 수 있습니다.",https://obank.kbstar.com/quics?page=C025066&boardId=813&compId=b041133&articleId=115230&bbsMode=view&viewPage=1&articleClass=&searchCondition=title&searchStr=,https://obank.kbstar.com/quics?page=C025066,2
『개인형IRP』연금 수령 방법 문의합니다.,"연금지급은 「소득세법시행령 40조의2」 및 「근로자퇴직급여보장법 17조1항」에 따라 만55세 이후
부터 수령가능하며, 최소 연금수령 기간은 2013년 2월 28일 이전 개설 계좌는 5년, 2013년 3월 1일 이후
개설 계좌는 'Max{10년 - (연금수령가능일부터 연금지급기준일까지의 기간), 5년} 입니다.
단, 2013년 2월 28일 이전에 가입된 DB, DC, 기업형IRP에서 과세이연된 개인형IRP의 최소 연금수령
기간은 5년 입니다.
연금설계등록을 위한 가입상품 확인 및 연금지급 주기, 연금지급 방식등은 KB국민은행 영업점
직원과 사전에 상담 후 연금개시 수령 신청하시면 됩니다.",https://obank.kbstar.com/quics?page=C025066&boardId=813&compId=b041133&articleId=9343&bbsMode=view&viewPage=1&articleClass=&searchCondition=title&searchStr=,https://obank.kbstar.com/quics?page=C025066,2
『개인형IRP(퇴직용)』해지 시 과세정보 알려주세요,"개인용IRP(퇴직용)에 입금된 금액은 퇴직소득세(지방소득세포함)를 공제하지 않은 세전 금액입니다.
따라서, 개인형IRP(퇴직용)에 불입된 자금을 일시금으로 찾고자 하실 경우 퇴직급여에 대한
퇴직소득세(지방소득세포함)와 발생한 수익에 대한 기타소득세(지방소득세포함)를 과세합니다.
또한 만55세 이후 연금으로 수령시 퇴직소득 재원은 '퇴직소득세(이연퇴직소득세) X 70%'를
연금소득세로 과세하고, 개인형IRP 운용수익은 연금소득세(연령별 차등적용 3.3% ~ 5.5%
지방소득세포함)로 과세하게 됩니다.
※ 이연퇴직소득세 = 퇴직소득세 X IRP입금액 ÷ 퇴직급여",https://obank.kbstar.com/quics?page=C025066&boardId=813&compId=b041133&articleId=9342&bbsMode=view&viewPage=1&articleClass=&searchCondition=title&searchStr=,https://obank.kbstar.com/quics?page=C025066,2
『DC형 퇴직연금』부담금 입금내역조회 및 가입자 부담금 납입은 어떻게 하나요?,"- 부담금 입금 내역조회
☞ www.kbstar.com > 퇴직연금 > 퇴직연금 인터넷뱅킹 > 부담금 > 입금내역조회
- 가입자 부담금 입금
☞ www.kbstar.com > 퇴직연금 > 퇴직연금 인터넷뱅킹 > 부담금 > 가입자부담금 입금
(단, DC 계좌에 가입자 부담금을 직접 입금하시려면, 회사에서 제도를 도입할 때
가입자가 부담금을 직접 입금할 수 있도록 [가입자부담금 직접 입금]항목에 대하여
""허용""하도록 신청해 주셨어야 합니다)",https://obank.kbstar.com/quics?page=C025066&boardId=813&compId=b041133&articleId=9340&bbsMode=view&viewPage=1&articleClass=&searchCondition=title&searchStr=,https://obank.kbstar.com/quics?page=C025066,2
[기업인터넷뱅킹 거래가이드] 확정급여형(DB) 퇴직연금 가입자명부 변경(재정검증),기업 인터넷뱅킹에서 확정급여형(DB) 재정검증을 위한 퇴직연금 가입자명부 변경 시 업무처리방법입니다.,https://obank.kbstar.com/quics?page=C025066&boardId=813&compId=b041133&articleId=134638&bbsMode=view&viewPage=1&articleClass=&searchCondition=title&searchStr=,https://obank.kbstar.com/quics?page=C025066,3
[기업인터넷뱅킹 거래가이드] 퇴직연금 Easy-Up 거래가이드,기업인터넷뱅킹 퇴직연금 Easy-Up 거래 업무처리 방법입니다.,https://obank.kbstar.com/quics?page=C025066&boardId=813&compId=b041133&articleId=130863&bbsMode=view&viewPage=1&articleClass=&searchCondition=title&searchStr=,https://obank.kbstar.com/quics?page=C025066,3
"[기업인터넷뱅킹 거래가이드] 퇴직지급 예약(DB,DC,기업형IRP)","기업 인터넷뱅킹에서 퇴직지급 예약(DB,DC,기업형IRP) 시 업무처리방법입니다.",https://obank.kbstar.com/quics?page=C025066&boardId=813&compId=b041133&articleId=129063&bbsMode=view&viewPage=1&articleClass=&searchCondition=title&searchStr=,https://obank.kbstar.com/quics?page=C025066,3
"[기업인터넷뱅킹 거래가이드] 가입자 등록(DB,DC,기업형IRP)",기업 인터넷뱅킹에서 가입자명부 등록 시 업무처리방법입니다.,https://obank.kbstar.com/quics?page=C025066&boardId=813&compId=b041133&articleId=128996&bbsMode=view&viewPage=1&articleClass=&searchCondition=title&searchStr=,https://obank.kbstar.com/quics?page=C025066,3
"[기업인터넷뱅킹 거래가이드] 입금, 입금예약 (DB,DC,기업형IRP)",기업 인터넷뱅킹에서 확정급여형(DB) 재정검증을 위한 퇴직연금 가입자명부 변경 시 업무처리방법입니다.,https://obank.kbstar.com/quics?page=C025066&boardId=813&compId=b041133&articleId=129061&bbsMode=view&viewPage=1&articleClass=&searchCondition=title&searchStr=,https://obank.kbstar.com/quics?page=C025066,3
[기업인터넷뱅킹 거래가이드] 퇴직연금 업무 권한등록 및 결재단계 설정,"기업 인터넷뱅킹에서 퇴직연금 업무 권한등록 및 결재단계 설정 시 업무처리방법입니다.
권한등록/결재단계 설정이 되어 있어야 기업 인터넷뱅킹 퇴직연금 메뉴를 이용할 수 있습니다.",https://obank.kbstar.com/quics?page=C025066&boardId=813&compId=b041133&articleId=115230&bbsMode=view&viewPage=1&articleClass=&searchCondition=title&searchStr=,https://obank.kbstar.com/quics?page=C025066,3
『개인형IRP』연금 수령 방법 문의합니다.,"연금지급은 「소득세법시행령 40조의2」 및 「근로자퇴직급여보장법 17조1항」에 따라 만55세 이후
부터 수령가능하며, 최소 연금수령 기간은 2013년 2월 28일 이전 개설 계좌는 5년, 2013년 3월 1일 이후
개설 계좌는 'Max{10년 - (연금수령가능일부터 연금지급기준일까지의 기간), 5년} 입니다.
단, 2013년 2월 28일 이전에 가입된 DB, DC, 기업형IRP에서 과세이연된 개인형IRP의 최소 연금수령
기간은 5년 입니다.
연금설계등록을 위한 가입상품 확인 및 연금지급 주기, 연금지급 방식등은 KB국민은행 영업점
직원과 사전에 상담 후 연금개시 수령 신청하시면 됩니다.",https://obank.kbstar.com/quics?page=C025066&boardId=813&compId=b041133&articleId=9343&bbsMode=view&viewPage=1&articleClass=&searchCondition=title&searchStr=,https://obank.kbstar.com/quics?page=C025066,3
『개인형IRP(퇴직용)』해지 시 과세정보 알려주세요,"개인용IRP(퇴직용)에 입금된 금액은 퇴직소득세(지방소득세포함)를 공제하지 않은 세전 금액입니다.
따라서, 개인형IRP(퇴직용)에 불입된 자금을 일시금으로 찾고자 하실 경우 퇴직급여에 대한
퇴직소득세(지방소득세포함)와 발생한 수익에 대한 기타소득세(지방소득세포함)를 과세합니다.
또한 만55세 이후 연금으로 수령시 퇴직소득 재원은 '퇴직소득세(이연퇴직소득세) X 70%'를
연금소득세로 과세하고, 개인형IRP 운용수익은 연금소득세(연령별 차등적용 3.3% ~ 5.5%
지방소득세포함)로 과세하게 됩니다.
※ 이연퇴직소득세 = 퇴직소득세 X IRP입금액 ÷ 퇴직급여",https://obank.kbstar.com/quics?page=C025066&boardId=813&compId=b041133&articleId=9342&bbsMode=view&viewPage=1&articleClass=&searchCondition=title&searchStr=,https://obank.kbstar.com/quics?page=C025066,3
『DC형 퇴직연금』부담금 입금내역조회 및 가입자 부담금 납입은 어떻게 하나요?,"- 부담금 입금 내역조회
☞ www.kbstar.com > 퇴직연금 > 퇴직연금 인터넷뱅킹 > 부담금 > 입금내역조회
- 가입자 부담금 입금
☞ www.kbstar.com > 퇴직연금 > 퇴직연금 인터넷뱅킹 > 부담금 > 가입자부담금 입금
(단, DC 계좌에 가입자 부담금을 직접 입금하시려면, 회사에서 제도를 도입할 때
가입자가 부담금을 직접 입금할 수 있도록 [가입자부담금 직접 입금]항목에 대하여
""허용""하도록 신청해 주셨어야 합니다)",https://obank.kbstar.com/quics?page=C025066&boardId=813&compId=b041133&articleId=9340&bbsMode=view&viewPage=1&articleClass=&searchCondition=title&searchStr=,https://obank.kbstar.com/quics?page=C025066,3
[기업인터넷뱅킹 거래가이드] 확정급여형(DB) 퇴직연금 가입자명부 변경(재정검증),기업 인터넷뱅킹에서 확정급여형(DB) 재정검증을 위한 퇴직연금 가입자명부 변경 시 업무처리방법입니다.,https://obank.kbstar.com/quics?page=C025066&boardId=813&compId=b041133&articleId=134638&bbsMode=view&viewPage=1&articleClass=&searchCondition=title&searchStr=,https://obank.kbstar.com/quics?page=C025066,4
[기업인터넷뱅킹 거래가이드] 퇴직연금 Easy-Up 거래가이드,기업인터넷뱅킹 퇴직연금 Easy-Up 거래 업무처리 방법입니다.,https://obank.kbstar.com/quics?page=C025066&boardId=813&compId=b041133&articleId=130863&bbsMode=view&viewPage=1&articleClass=&searchCondition=title&searchStr=,https://obank.kbstar.com/quics?page=C025066,4
"[기업인터넷뱅킹 거래가이드] 퇴직지급 예약(DB,DC,기업형IRP)","기업 인터넷뱅킹에서 퇴직지급 예약(DB,DC,기업형IRP) 시 업무처리방법입니다.",https://obank.kbstar.com/quics?page=C025066&boardId=813&compId=b041133&articleId=129063&bbsMode=view&viewPage=1&articleClass=&searchCondition=title&searchStr=,https://obank.kbstar.com/quics?page=C025066,4
"[기업인터넷뱅킹 거래가이드] 가입자 등록(DB,DC,기업형IRP)",기업 인터넷뱅킹에서 가입자명부 등록 시 업무처리방법입니다.,https://obank.kbstar.com/quics?page=C025066&boardId=813&compId=b041133&articleId=128996&bbsMode=view&viewPage=1&articleClass=&searchCondition=title&searchStr=,https://obank.kbstar.com/quics?page=C025066,4
"[기업인터넷뱅킹 거래가이드] 입금, 입금예약 (DB,DC,기업형IRP)",기업 인터넷뱅킹에서 확정급여형(DB) 재정검증을 위한 퇴직연금 가입자명부 변경 시 업무처리방법입니다.,https://obank.kbstar.com/quics?page=C025066&boardId=813&compId=b041133&articleId=129061&bbsMode=view&viewPage=1&articleClass=&searchCondition=title&searchStr=,https://obank.kbstar.com/quics?page=C025066,4
[기업인터넷뱅킹 거래가이드] 퇴직연금 업무 권한등록 및 결재단계 설정,"기업 인터넷뱅킹에서 퇴직연금 업무 권한등록 및 결재단계 설정 시 업무처리방법입니다.
권한등록/결재단계 설정이 되어 있어야 기업 인터넷뱅킹 퇴직연금 메뉴를 이용할 수 있습니다.",https://obank.kbstar.com/quics?page=C025066&boardId=813&compId=b041133&articleId=115230&bbsMode=view&viewPage=1&articleClass=&searchCondition=title&searchStr=,https://obank.kbstar.com/quics?page=C025066,4
『개인형IRP』연금 수령 방법 문의합니다.,"연금지급은 「소득세법시행령 40조의2」 및 「근로자퇴직급여보장법 17조1항」에 따라 만55세 이후
부터 수령가능하며, 최소 연금수령 기간은 2013년 2월 28일 이전 개설 계좌는 5년, 2013년 3월 1일 이후
개설 계좌는 'Max{10년 - (연금수령가능일부터 연금지급기준일까지의 기간), 5년} 입니다.
단, 2013년 2월 28일 이전에 가입된 DB, DC, 기업형IRP에서 과세이연된 개인형IRP의 최소 연금수령
기간은 5년 입니다.
연금설계등록을 위한 가입상품 확인 및 연금지급 주기, 연금지급 방식등은 KB국민은행 영업점
직원과 사전에 상담 후 연금개시 수령 신청하시면 됩니다.",https://obank.kbstar.com/quics?page=C025066&boardId=813&compId=b041133&articleId=9343&bbsMode=view&viewPage=1&articleClass=&searchCondition=title&searchStr=,https://obank.kbstar.com/quics?page=C025066,4
『개인형IRP(퇴직용)』해지 시 과세정보 알려주세요,"개인용IRP(퇴직용)에 입금된 금액은 퇴직소득세(지방소득세포함)를 공제하지 않은 세전 금액입니다.
따라서, 개인형IRP(퇴직용)에 불입된 자금을 일시금으로 찾고자 하실 경우 퇴직급여에 대한
퇴직소득세(지방소득세포함)와 발생한 수익에 대한 기타소득세(지방소득세포함)를 과세합니다.
또한 만55세 이후 연금으로 수령시 퇴직소득 재원은 '퇴직소득세(이연퇴직소득세) X 70%'를
연금소득세로 과세하고, 개인형IRP 운용수익은 연금소득세(연령별 차등적용 3.3% ~ 5.5%
지방소득세포함)로 과세하게 됩니다.
※ 이연퇴직소득세 = 퇴직소득세 X IRP입금액 ÷ 퇴직급여",https://obank.kbstar.com/quics?page=C025066&boardId=813&compId=b041133&articleId=9342&bbsMode=view&viewPage=1&articleClass=&searchCondition=title&searchStr=,https://obank.kbstar.com/quics?page=C025066,4
『DC형 퇴직연금』부담금 입금내역조회 및 가입자 부담금 납입은 어떻게 하나요?,"- 부담금 입금 내역조회
☞ www.kbstar.com > 퇴직연금 > 퇴직연금 인터넷뱅킹 > 부담금 > 입금내역조회
- 가입자 부담금 입금
☞ www.kbstar.com > 퇴직연금 > 퇴직연금 인터넷뱅킹 > 부담금 > 가입자부담금 입금
(단, DC 계좌에 가입자 부담금을 직접 입금하시려면, 회사에서 제도를 도입할 때
가입자가 부담금을 직접 입금할 수 있도록 [가입자부담금 직접 입금]항목에 대하여
""허용""하도록 신청해 주셨어야 합니다)",https://obank.kbstar.com/quics?page=C025066&boardId=813&compId=b041133&articleId=9340&bbsMode=view&viewPage=1&articleClass=&searchCondition=title&searchStr=,https://obank.kbstar.com/quics?page=C025066,4
[기업인터넷뱅킹 거래가이드] 확정급여형(DB) 퇴직연금 가입자명부 변경(재정검증),기업 인터넷뱅킹에서 확정급여형(DB) 재정검증을 위한 퇴직연금 가입자명부 변경 시 업무처리방법입니다.,https://obank.kbstar.com/quics?page=C025066&boardId=813&compId=b041133&articleId=134638&bbsMode=view&viewPage=1&articleClass=&searchCondition=title&searchStr=,https://obank.kbstar.com/quics?page=C025066,5
[기업인터넷뱅킹 거래가이드] 퇴직연금 Easy-Up 거래가이드,기업인터넷뱅킹 퇴직연금 Easy-Up 거래 업무처리 방법입니다.,https://obank.kbstar.com/quics?page=C025066&boardId=813&compId=b041133&articleId=130863&bbsMode=view&viewPage=1&articleClass=&searchCondition=title&searchStr=,https://obank.kbstar.com/quics?page=C025066,5
"[기업인터넷뱅킹 거래가이드] 퇴직지급 예약(DB,DC,기업형IRP)","기업 인터넷뱅킹에서 퇴직지급 예약(DB,DC,기업형IRP) 시 업무처리방법입니다.",https://obank.kbstar.com/quics?page=C025066&boardId=813&compId=b041133&articleId=129063&bbsMode=view&viewPage=1&articleClass=&searchCondition=title&searchStr=,https://obank.kbstar.com/quics?page=C025066,5
"[기업인터넷뱅킹 거래가이드] 가입자 등록(DB,DC,기업형IRP)",기업 인터넷뱅킹에서 가입자명부 등록 시 업무처리방법입니다.,https://obank.kbstar.com/quics?page=C025066&boardId=813&compId=b041133&articleId=128996&bbsMode=view&viewPage=1&articleClass=&searchCondition=title&searchStr=,https://obank.kbstar.com/quics?page=C025066,5
"[기업인터넷뱅킹 거래가이드] 입금, 입금예약 (DB,DC,기업형IRP)",기업 인터넷뱅킹에서 확정급여형(DB) 재정검증을 위한 퇴직연금 가입자명부 변경 시 업무처리방법입니다.,https://obank.kbstar.com/quics?page=C025066&boardId=813&compId=b041133&articleId=129061&bbsMode=view&viewPage=1&articleClass=&searchCondition=title&searchStr=,https://obank.kbstar.com/quics?page=C025066,5
[기업인터넷뱅킹 거래가이드] 퇴직연금 업무 권한등록 및 결재단계 설정,"기업 인터넷뱅킹에서 퇴직연금 업무 권한등록 및 결재단계 설정 시 업무처리방법입니다.
권한등록/결재단계 설정이 되어 있어야 기업 인터넷뱅킹 퇴직연금 메뉴를 이용할 수 있습니다.",https://obank.kbstar.com/quics?page=C025066&boardId=813&compId=b041133&articleId=115230&bbsMode=view&viewPage=1&articleClass=&searchCondition=title&searchStr=,https://obank.kbstar.com/quics?page=C025066,5
『개인형IRP』연금 수령 방법 문의합니다.,"연금지급은 「소득세법시행령 40조의2」 및 「근로자퇴직급여보장법 17조1항」에 따라 만55세 이후
부터 수령가능하며, 최소 연금수령 기간은 2013년 2월 28일 이전 개설 계좌는 5년, 2013년 3월 1일 이후
개설 계좌는 'Max{10년 - (연금수령가능일부터 연금지급기준일까지의 기간), 5년} 입니다.
단, 2013년 2월 28일 이전에 가입된 DB, DC, 기업형IRP에서 과세이연된 개인형IRP의 최소 연금수령
기간은 5년 입니다.
연금설계등록을 위한 가입상품 확인 및 연금지급 주기, 연금지급 방식등은 KB국민은행 영업점
직원과 사전에 상담 후 연금개시 수령 신청하시면 됩니다.",https://obank.kbstar.com/quics?page=C025066&boardId=813&compId=b041133&articleId=9343&bbsMode=view&viewPage=1&articleClass=&searchCondition=title&searchStr=,https://obank.kbstar.com/quics?page=C025066,5
『개인형IRP(퇴직용)』해지 시 과세정보 알려주세요,"개인용IRP(퇴직용)에 입금된 금액은 퇴직소득세(지방소득세포함)를 공제하지 않은 세전 금액입니다.
따라서, 개인형IRP(퇴직용)에 불입된 자금을 일시금으로 찾고자 하실 경우 퇴직급여에 대한
퇴직소득세(지방소득세포함)와 발생한 수익에 대한 기타소득세(지방소득세포함)를 과세합니다.
또한 만55세 이후 연금으로 수령시 퇴직소득 재원은 '퇴직소득세(이연퇴직소득세) X 70%'를
연금소득세로 과세하고, 개인형IRP 운용수익은 연금소득세(연령별 차등적용 3.3% ~ 5.5%
지방소득세포함)로 과세하게 됩니다.
※ 이연퇴직소득세 = 퇴직소득세 X IRP입금액 ÷ 퇴직급여",https://obank.kbstar.com/quics?page=C025066&boardId=813&compId=b041133&articleId=9342&bbsMode=view&viewPage=1&articleClass=&searchCondition=title&searchStr=,https://obank.kbstar.com/quics?page=C025066,5
『DC형 퇴직연금』부담금 입금내역조회 및 가입자 부담금 납입은 어떻게 하나요?,"- 부담금 입금 내역조회
☞ www.kbstar.com > 퇴직연금 > 퇴직연금 인터넷뱅킹 > 부담금 > 입금내역조회
- 가입자 부담금 입금
☞ www.kbstar.com > 퇴직연금 > 퇴직연금 인터넷뱅킹 > 부담금 > 가입자부담금 입금
(단, DC 계좌에 가입자 부담금을 직접 입금하시려면, 회사에서 제도를 도입할 때
가입자가 부담금을 직접 입금할 수 있도록 [가입자부담금 직접 입금]항목에 대하여
""허용""하도록 신청해 주셨어야 합니다)",https://obank.kbstar.com/quics?page=C025066&boardId=813&compId=b041133&articleId=9340&bbsMode=view&viewPage=1&articleClass=&searchCondition=title&searchStr=,https://obank.kbstar.com/quics?page=C025066,5
[기업인터넷뱅킹 거래가이드] 확정급여형(DB) 퇴직연금 가입자명부 변경(재정검증),기업 인터넷뱅킹에서 확정급여형(DB) 재정검증을 위한 퇴직연금 가입자명부 변경 시 업무처리방법입니다.,https://obank.kbstar.com/quics?page=C025066&boardId=813&compId=b041133&articleId=134638&bbsMode=view&viewPage=1&articleClass=&searchCondition=title&searchStr=,https://obank.kbstar.com/quics?page=C025066,6
[기업인터넷뱅킹 거래가이드] 퇴직연금 Easy-Up 거래가이드,기업인터넷뱅킹 퇴직연금 Easy-Up 거래 업무처리 방법입니다.,https://obank.kbstar.com/quics?page=C025066&boardId=813&compId=b041133&articleId=130863&bbsMode=view&viewPage=1&articleClass=&searchCondition=title&searchStr=,https://obank.kbstar.com/quics?page=C025066,6
"[기업인터넷뱅킹 거래가이드] 퇴직지급 예약(DB,DC,기업형IRP)","기업 인터넷뱅킹에서 퇴직지급 예약(DB,DC,기업형IRP) 시 업무처리방법입니다.",https://obank.kbstar.com/quics?page=C025066&boardId=813&compId=b041133&articleId=129063&bbsMode=view&viewPage=1&articleClass=&searchCondition=title&searchStr=,https://obank.kbstar.com/quics?page=C025066,6
"[기업인터넷뱅킹 거래가이드] 가입자 등록(DB,DC,기업형IRP)",기업 인터넷뱅킹에서 가입자명부 등록 시 업무처리방법입니다.,https://obank.kbstar.com/quics?page=C025066&boardId=813&compId=b041133&articleId=128996&bbsMode=view&viewPage=1&articleClass=&searchCondition=title&searchStr=,https://obank.kbstar.com/quics?page=C025066,6
"[기업인터넷뱅킹 거래가이드] 입금, 입금예약 (DB,DC,기업형IRP)",기업 인터넷뱅킹에서 확정급여형(DB) 재정검증을 위한 퇴직연금 가입자명부 변경 시 업무처리방법입니다.,https://obank.kbstar.com/quics?page=C025066&boardId=813&compId=b041133&articleId=129061&bbsMode=view&viewPage=1&articleClass=&searchCondition=title&searchStr=,https://obank.kbstar.com/quics?page=C025066,6
[기업인터넷뱅킹 거래가이드] 퇴직연금 업무 권한등록 및 결재단계 설정,"기업 인터넷뱅킹에서 퇴직연금 업무 권한등록 및 결재단계 설정 시 업무처리방법입니다.
권한등록/결재단계 설정이 되어 있어야 기업 인터넷뱅킹 퇴직연금 메뉴를 이용할 수 있습니다.",https://obank.kbstar.com/quics?page=C025066&boardId=813&compId=b041133&articleId=115230&bbsMode=view&viewPage=1&articleClass=&searchCondition=title&searchStr=,https://obank.kbstar.com/quics?page=C025066,6
『개인형IRP』연금 수령 방법 문의합니다.,"연금지급은 「소득세법시행령 40조의2」 및 「근로자퇴직급여보장법 17조1항」에 따라 만55세 이후
부터 수령가능하며, 최소 연금수령 기간은 2013년 2월 28일 이전 개설 계좌는 5년, 2013년 3월 1일 이후
개설 계좌는 'Max{10년 - (연금수령가능일부터 연금지급기준일까지의 기간), 5년} 입니다.
단, 2013년 2월 28일 이전에 가입된 DB, DC, 기업형IRP에서 과세이연된 개인형IRP의 최소 연금수령
기간은 5년 입니다.
연금설계등록을 위한 가입상품 확인 및 연금지급 주기, 연금지급 방식등은 KB국민은행 영업점
직원과 사전에 상담 후 연금개시 수령 신청하시면 됩니다.",https://obank.kbstar.com/quics?page=C025066&boardId=813&compId=b041133&articleId=9343&bbsMode=view&viewPage=1&articleClass=&searchCondition=title&searchStr=,https://obank.kbstar.com/quics?page=C025066,6
『개인형IRP(퇴직용)』해지 시 과세정보 알려주세요,"개인용IRP(퇴직용)에 입금된 금액은 퇴직소득세(지방소득세포함)를 공제하지 않은 세전 금액입니다.
따라서, 개인형IRP(퇴직용)에 불입된 자금을 일시금으로 찾고자 하실 경우 퇴직급여에 대한
퇴직소득세(지방소득세포함)와 발생한 수익에 대한 기타소득세(지방소득세포함)를 과세합니다.
또한 만55세 이후 연금으로 수령시 퇴직소득 재원은 '퇴직소득세(이연퇴직소득세) X 70%'를
연금소득세로 과세하고, 개인형IRP 운용수익은 연금소득세(연령별 차등적용 3.3% ~ 5.5%
지방소득세포함)로 과세하게 됩니다.
※ 이연퇴직소득세 = 퇴직소득세 X IRP입금액 ÷ 퇴직급여",https://obank.kbstar.com/quics?page=C025066&boardId=813&compId=b041133&articleId=9342&bbsMode=view&viewPage=1&articleClass=&searchCondition=title&searchStr=,https://obank.kbstar.com/quics?page=C025066,6
『DC형 퇴직연금』부담금 입금내역조회 및 가입자 부담금 납입은 어떻게 하나요?,"- 부담금 입금 내역조회
☞ www.kbstar.com > 퇴직연금 > 퇴직연금 인터넷뱅킹 > 부담금 > 입금내역조회
- 가입자 부담금 입금
☞ www.kbstar.com > 퇴직연금 > 퇴직연금 인터넷뱅킹 > 부담금 > 가입자부담금 입금
(단, DC 계좌에 가입자 부담금을 직접 입금하시려면, 회사에서 제도를 도입할 때
가입자가 부담금을 직접 입금할 수 있도록 [가입자부담금 직접 입금]항목에 대하여
""허용""하도록 신청해 주셨어야 합니다)",https://obank.kbstar.com/quics?page=C025066&boardId=813&compId=b041133&articleId=9340&bbsMode=view&viewPage=1&articleClass=&searchCondition=title&searchStr=,https://obank.kbstar.com/quics?page=C025066,6
[기업인터넷뱅킹 거래가이드] 확정급여형(DB) 퇴직연금 가입자명부 변경(재정검증),기업 인터넷뱅킹에서 확정급여형(DB) 재정검증을 위한 퇴직연금 가입자명부 변경 시 업무처리방법입니다.,https://obank.kbstar.com/quics?page=C025066&boardId=813&compId=b041133&articleId=134638&bbsMode=view&viewPage=1&articleClass=&searchCondition=title&searchStr=,https://obank.kbstar.com/quics?page=C025066,7
[기업인터넷뱅킹 거래가이드] 퇴직연금 Easy-Up 거래가이드,기업인터넷뱅킹 퇴직연금 Easy-Up 거래 업무처리 방법입니다.,https://obank.kbstar.com/quics?page=C025066&boardId=813&compId=b041133&articleId=130863&bbsMode=view&viewPage=1&articleClass=&searchCondition=title&searchStr=,https://obank.kbstar.com/quics?page=C025066,7
"[기업인터넷뱅킹 거래가이드] 퇴직지급 예약(DB,DC,기업형IRP)","기업 인터넷뱅킹에서 퇴직지급 예약(DB,DC,기업형IRP) 시 업무처리방법입니다.",https://obank.kbstar.com/quics?page=C025066&boardId=813&compId=b041133&articleId=129063&bbsMode=view&viewPage=1&articleClass=&searchCondition=title&searchStr=,https://obank.kbstar.com/quics?page=C025066,7
"[기업인터넷뱅킹 거래가이드] 가입자 등록(DB,DC,기업형IRP)",기업 인터넷뱅킹에서 가입자명부 등록 시 업무처리방법입니다.,https://obank.kbstar.com/quics?page=C025066&boardId=813&compId=b041133&articleId=128996&bbsMode=view&viewPage=1&articleClass=&searchCondition=title&searchStr=,https://obank.kbstar.com/quics?page=C025066,7
"[기업인터넷뱅킹 거래가이드] 입금, 입금예약 (DB,DC,기업형IRP)",기업 인터넷뱅킹에서 확정급여형(DB) 재정검증을 위한 퇴직연금 가입자명부 변경 시 업무처리방법입니다.,https://obank.kbstar.com/quics?page=C025066&boardId=813&compId=b041133&articleId=129061&bbsMode=view&viewPage=1&articleClass=&searchCondition=title&searchStr=,https://obank.kbstar.com/quics?page=C025066,7
[기업인터넷뱅킹 거래가이드] 퇴직연금 업무 권한등록 및 결재단계 설정,"기업 인터넷뱅킹에서 퇴직연금 업무 권한등록 및 결재단계 설정 시 업무처리방법입니다.
권한등록/결재단계 설정이 되어 있어야 기업 인터넷뱅킹 퇴직연금 메뉴를 이용할 수 있습니다.",https://obank.kbstar.com/quics?page=C025066&boardId=813&compId=b041133&articleId=115230&bbsMode=view&viewPage=1&articleClass=&searchCondition=title&searchStr=,https://obank.kbstar.com/quics?page=C025066,7
『개인형IRP』연금 수령 방법 문의합니다.,"연금지급은 「소득세법시행령 40조의2」 및 「근로자퇴직급여보장법 17조1항」에 따라 만55세 이후
부터 수령가능하며, 최소 연금수령 기간은 2013년 2월 28일 이전 개설 계좌는 5년, 2013년 3월 1일 이후
개설 계좌는 'Max{10년 - (연금수령가능일부터 연금지급기준일까지의 기간), 5년} 입니다.
단, 2013년 2월 28일 이전에 가입된 DB, DC, 기업형IRP에서 과세이연된 개인형IRP의 최소 연금수령
기간은 5년 입니다.
연금설계등록을 위한 가입상품 확인 및 연금지급 주기, 연금지급 방식등은 KB국민은행 영업점
직원과 사전에 상담 후 연금개시 수령 신청하시면 됩니다.",https://obank.kbstar.com/quics?page=C025066&boardId=813&compId=b041133&articleId=9343&bbsMode=view&viewPage=1&articleClass=&searchCondition=title&searchStr=,https://obank.kbstar.com/quics?page=C025066,7
『개인형IRP(퇴직용)』해지 시 과세정보 알려주세요,"개인용IRP(퇴직용)에 입금된 금액은 퇴직소득세(지방소득세포함)를 공제하지 않은 세전 금액입니다.
따라서, 개인형IRP(퇴직용)에 불입된 자금을 일시금으로 찾고자 하실 경우 퇴직급여에 대한
퇴직소득세(지방소득세포함)와 발생한 수익에 대한 기타소득세(지방소득세포함)를 과세합니다.
또한 만55세 이후 연금으로 수령시 퇴직소득 재원은 '퇴직소득세(이연퇴직소득세) X 70%'를
연금소득세로 과세하고, 개인형IRP 운용수익은 연금소득세(연령별 차등적용 3.3% ~ 5.5%
지방소득세포함)로 과세하게 됩니다.
※ 이연퇴직소득세 = 퇴직소득세 X IRP입금액 ÷ 퇴직급여",https://obank.kbstar.com/quics?page=C025066&boardId=813&compId=b041133&articleId=9342&bbsMode=view&viewPage=1&articleClass=&searchCondition=title&searchStr=,https://obank.kbstar.com/quics?page=C025066,7
『DC형 퇴직연금』부담금 입금내역조회 및 가입자 부담금 납입은 어떻게 하나요?,"- 부담금 입금 내역조회
☞ www.kbstar.com > 퇴직연금 > 퇴직연금 인터넷뱅킹 > 부담금 > 입금내역조회
- 가입자 부담금 입금
☞ www.kbstar.com > 퇴직연금 > 퇴직연금 인터넷뱅킹 > 부담금 > 가입자부담금 입금
(단, DC 계좌에 가입자 부담금을 직접 입금하시려면, 회사에서 제도를 도입할 때
가입자가 부담금을 직접 입금할 수 있도록 [가입자부담금 직접 입금]항목에 대하여
""허용""하도록 신청해 주셨어야 합니다)",https://obank.kbstar.com/quics?page=C025066&boardId=813&compId=b041133&articleId=9340&bbsMode=view&viewPage=1&articleClass=&searchCondition=title&searchStr=,https://obank.kbstar.com/quics?page=C025066,7
