title,body,url,source_url,page
대차료 지급기준 참고(예시),"자동차보험 대차료 지급기준 개선
*
내용을 반영한 FAQ를 게시하오니 참고하시기 바랍니다.
* '22.9.29. 금융감독원 보도자료 ""현행 내연기관 중심의 자동차보험 대차료 지급기준을 친환경차 보급 확대 등 환경변화에 맞게 개선합니다
(
'22.10.11.부터 시행예정
)
""
참조",https://www.fss.or.kr/fss/bbs/B0000172/view.do?nttId=49737&menuNo=200202&viewType=&searchCnd=22&searchWrd=&pageIndex=1,https://www.fss.or.kr/fss/bbs/B0000172/list.do?menuNo=200202&bbsId=&cl1Cd=&cl2Cd=&cl3Cd=&pageIndex=1&paramDeptname=&viewType=&selectDeptname=&searchCnd=22&searchWrd=,1
소비자보호실태평가 결과는 어디서 확인할 수 있나요?,"소비자보호실태평가 결과는 금융감독원 홈페이지
(www.fss.or.kr
)
또는 개별 금융기관 및 협회 홈페이지
*
등을 통해 확인하실 수 있습니다.
※ 금융 권역별 협회 홈페이지 목록
은      행 : 전국은행연합회(www.kfb.or.kr)
생명보험 : 생명보험협회(www.klia.or.kr)
손해보험 : 손해보험협회(www.knia.or.kr)
카      드 : 여신금융협회(www.crefia.or.kr)
저축은행 : 저축은행중앙회(www.fsb.or.kr)
금융투자 : 금융투자협회(www.kofia.or.kr)",https://www.fss.or.kr/fss/bbs/B0000172/view.do?nttId=49736&menuNo=200202&viewType=&searchCnd=22&searchWrd=&pageIndex=1,https://www.fss.or.kr/fss/bbs/B0000172/list.do?menuNo=200202&bbsId=&cl1Cd=&cl2Cd=&cl3Cd=&pageIndex=1&paramDeptname=&viewType=&selectDeptname=&searchCnd=22&searchWrd=,1
소비자보호실태평가의 평가방법이 궁금합니다.,"「금융소비자보호 모범규준」에 명기된 소비자보호 사항의 이행여부 점검을 위해 계량 5개, 비계량 5개 등 총 10개 부문으로 구성하여 각 부문별로 평가하고 있습니다.
자세한 내용은 첨부파일을 참고해주시길 바랍니다.",https://www.fss.or.kr/fss/bbs/B0000172/view.do?nttId=49735&menuNo=200202&viewType=&searchCnd=22&searchWrd=&pageIndex=1,https://www.fss.or.kr/fss/bbs/B0000172/list.do?menuNo=200202&bbsId=&cl1Cd=&cl2Cd=&cl3Cd=&pageIndex=1&paramDeptname=&viewType=&selectDeptname=&searchCnd=22&searchWrd=,1
소비자보호실태평가는 어떤 제도인가요?,"금융감독원은 금융회사의 민원예방 노력 유도 등을 위해 2002년부터 「민원발생평가제도」를 운영
*
해왔습니다.
* 금감원이 처리한 민원건수를 기초로 금융회사를 1∼5등급으로 평가하고 대외에 공표(’14년은 81개사 평가)
그러나 민원건수 위주의 평가만으로는 금융회사의 소비자보호 수준을 평가하고, 금융회사의 자율적 개선노력을 유도하는데 한계가 있어 제도 개선의 필요성이 지속적으로 제기되어 왔습니다.
이에 따라 기존 민원발생평가제도를 대신하여 금융회사의 다양한 소비자보호 활동을 종합적으로 평가할 수 있는 「금융소비자보호 실태평가제도」를 도입·시행
('16.4월 시행)
하게 되었습니다.
소비자보호실태평가제도는
금융소비자에게는 거래 금융회사 선택에 필요한 유용한 정보를 제공하는 한편, 금융회사에게는 소비자보호 중심의 경영문화 확산을 유도하는데 중점을 두고 있습니다.",https://www.fss.or.kr/fss/bbs/B0000172/view.do?nttId=49734&menuNo=200202&viewType=&searchCnd=22&searchWrd=&pageIndex=1,https://www.fss.or.kr/fss/bbs/B0000172/list.do?menuNo=200202&bbsId=&cl1Cd=&cl2Cd=&cl3Cd=&pageIndex=1&paramDeptname=&viewType=&selectDeptname=&searchCnd=22&searchWrd=,1
금융감독원의 민원대상 금융회사가 궁금합니다.,"금융감독원은 은행, 금융투자업자, 보험회사, 여신전문금융회사, 상호저축은행 등 금융기관에 대한 민원을 처리하고 있습니다.
금융감독원의 민원대상 금융기관 조회방법은 다음과 같습니다.
1. 금융감독원 홈페이지 → e-금융민원센터 → 민원안내 → 금융민원신청 안내 → 유의사항
2.
http://www.fcsc.kr/D/fu_d_01_02.jsp
→  유의사항
참고로, 금융감독원의 민원대상 금융기관이 아닌 경우 타 부처 등으로 민원이 이송될 수 있음을 알려드립니다.",https://www.fss.or.kr/fss/bbs/B0000172/view.do?nttId=49733&menuNo=200202&viewType=&searchCnd=22&searchWrd=&pageIndex=1,https://www.fss.or.kr/fss/bbs/B0000172/list.do?menuNo=200202&bbsId=&cl1Cd=&cl2Cd=&cl3Cd=&pageIndex=1&paramDeptname=&viewType=&selectDeptname=&searchCnd=22&searchWrd=,1
내 금융계좌를 한번에 조회할 수 있는 사이트는 없나요?,"‘내 계좌 한눈에’ 서비스를 통하여 본인의 주요 금융계좌 정보를 한번에 조회할 수 있습니다!
금융소비자정보포털 ‘파인’(fine.fss.or.kr) 또는 ’내 계좌 한눈에‘ 홈페이지 (
www.accountinfo.or.kr)
를
통해 9시부터 22시까지 이용가능하며(연중무휴), 은행·상호금융
계좌, 보험 계약, 대부업체를 제외한 제도권 금융회사의 대출정보를 일괄조회 할 수 있습니다.",https://www.fss.or.kr/fss/bbs/B0000172/view.do?nttId=49732&menuNo=200202&viewType=&searchCnd=22&searchWrd=&pageIndex=1,https://www.fss.or.kr/fss/bbs/B0000172/list.do?menuNo=200202&bbsId=&cl1Cd=&cl2Cd=&cl3Cd=&pageIndex=1&paramDeptname=&viewType=&selectDeptname=&searchCnd=22&searchWrd=,1
어려운 금융용어 등을 쉽게 찾아볼 수 있는 사이트는 없나요?,"금융감독원은 금융소비자의 전문적인 금융용어에 대한 이해도를 제고하기 위해 관련 제도의 배경, 이슈 등을 종합적으로 반영해 작성한 ‘
금융용어사전
’을 오픈하였습니다.
‘금융용어사전’에는 핀테크 발달을 반영한 인터넷 전문은행, P2P(Peer to Peer) 대출, 로보어드바이저, 크라우드펀딩 등 전문 용어를 비롯한 533개 용어를 상세히 설명하고 있습니다.
금융감독원 홈페이지 및 ‘파인(FINE:fine.fss.or.kr)'의 금융용어사전’ 코너에서 찾아보실 수
있으며, 알고 싶은 용어명을 정확히 입력하지 않더라고 일부 단어만으로도 검색이 가능합니다.",https://www.fss.or.kr/fss/bbs/B0000172/view.do?nttId=49731&menuNo=200202&viewType=&searchCnd=22&searchWrd=&pageIndex=1,https://www.fss.or.kr/fss/bbs/B0000172/list.do?menuNo=200202&bbsId=&cl1Cd=&cl2Cd=&cl3Cd=&pageIndex=1&paramDeptname=&viewType=&selectDeptname=&searchCnd=22&searchWrd=,1
정기예금 및 적금 금리를 한눈에 비교해 볼 수 있는 곳은 없나요?,"금융감독원은 소비자의 금융상품 선택에 실질적인 도움이 될 수 있도록,
금융상품 통합 비교공시시스템 ‘금융상품한눈에’
를 오픈하였습니다.
예·적금, 대출 등 금융상품을 통합 비교공시하고 있으며,
실손보험, 자동차보험 등은 협회사이트(보험다모아)를 연결하여 제공하고 있습니다.
(다만 본 사이트의 금융상품 정보는 매월 20일 정기적으로 공시하고 있으며, 최신정보 제공을 위해 노력하고 있으나 금융상품의 금리 등 거래조건이 수시로 변경될 수 있으므로 거래전 반드시 해당 금융회사에 문의 후 구입을 결정하시기 바랍니다.)
* 홈페이지 주소 :
http://finlife.fss.or.kr",https://www.fss.or.kr/fss/bbs/B0000172/view.do?nttId=49730&menuNo=200202&viewType=&searchCnd=22&searchWrd=&pageIndex=1,https://www.fss.or.kr/fss/bbs/B0000172/list.do?menuNo=200202&bbsId=&cl1Cd=&cl2Cd=&cl3Cd=&pageIndex=1&paramDeptname=&viewType=&selectDeptname=&searchCnd=22&searchWrd=,1
「보이는 ARS」는 어떻게 이용할 수 있나요?,"금융감독원은
금감원 콜센터(☎1332)의 음성
ARS
안내
내용
을
스
마트폰
화면
을
통해
한 번에 확
인
할
수 있는
｢
보이는 1332｣ 서
비스
를
시
행중에 있습니다. 동 서비스 이용방법은 첨부파일을 참고하여 주시기 바랍니다.",https://www.fss.or.kr/fss/bbs/B0000172/view.do?nttId=49729&menuNo=200202&viewType=&searchCnd=22&searchWrd=&pageIndex=1,https://www.fss.or.kr/fss/bbs/B0000172/list.do?menuNo=200202&bbsId=&cl1Cd=&cl2Cd=&cl3Cd=&pageIndex=1&paramDeptname=&viewType=&selectDeptname=&searchCnd=22&searchWrd=,1
대차료 지급기준 참고(예시),"자동차보험 대차료 지급기준 개선
*
내용을 반영한 FAQ를 게시하오니 참고하시기 바랍니다.
* '22.9.29. 금융감독원 보도자료 ""현행 내연기관 중심의 자동차보험 대차료 지급기준을 친환경차 보급 확대 등 환경변화에 맞게 개선합니다
(
'22.10.11.부터 시행예정
)
""
참조",https://www.fss.or.kr/fss/bbs/B0000172/view.do?nttId=49737&menuNo=200202&viewType=&searchCnd=22&searchWrd=&pageIndex=1,https://www.fss.or.kr/fss/bbs/B0000172/list.do?menuNo=200202&bbsId=&cl1Cd=&cl2Cd=&cl3Cd=&pageIndex=1&paramDeptname=&viewType=&selectDeptname=&searchCnd=22&searchWrd=,2
소비자보호실태평가 결과는 어디서 확인할 수 있나요?,"소비자보호실태평가 결과는 금융감독원 홈페이지
(www.fss.or.kr
)
또는 개별 금융기관 및 협회 홈페이지
*
등을 통해 확인하실 수 있습니다.
※ 금융 권역별 협회 홈페이지 목록
은      행 : 전국은행연합회(www.kfb.or.kr)
생명보험 : 생명보험협회(www.klia.or.kr)
손해보험 : 손해보험협회(www.knia.or.kr)
카      드 : 여신금융협회(www.crefia.or.kr)
저축은행 : 저축은행중앙회(www.fsb.or.kr)
금융투자 : 금융투자협회(www.kofia.or.kr)",https://www.fss.or.kr/fss/bbs/B0000172/view.do?nttId=49736&menuNo=200202&viewType=&searchCnd=22&searchWrd=&pageIndex=1,https://www.fss.or.kr/fss/bbs/B0000172/list.do?menuNo=200202&bbsId=&cl1Cd=&cl2Cd=&cl3Cd=&pageIndex=1&paramDeptname=&viewType=&selectDeptname=&searchCnd=22&searchWrd=,2
소비자보호실태평가의 평가방법이 궁금합니다.,"「금융소비자보호 모범규준」에 명기된 소비자보호 사항의 이행여부 점검을 위해 계량 5개, 비계량 5개 등 총 10개 부문으로 구성하여 각 부문별로 평가하고 있습니다.
자세한 내용은 첨부파일을 참고해주시길 바랍니다.",https://www.fss.or.kr/fss/bbs/B0000172/view.do?nttId=49735&menuNo=200202&viewType=&searchCnd=22&searchWrd=&pageIndex=1,https://www.fss.or.kr/fss/bbs/B0000172/list.do?menuNo=200202&bbsId=&cl1Cd=&cl2Cd=&cl3Cd=&pageIndex=1&paramDeptname=&viewType=&selectDeptname=&searchCnd=22&searchWrd=,2
소비자보호실태평가는 어떤 제도인가요?,"금융감독원은 금융회사의 민원예방 노력 유도 등을 위해 2002년부터 「민원발생평가제도」를 운영
*
해왔습니다.
* 금감원이 처리한 민원건수를 기초로 금융회사를 1∼5등급으로 평가하고 대외에 공표(’14년은 81개사 평가)
그러나 민원건수 위주의 평가만으로는 금융회사의 소비자보호 수준을 평가하고, 금융회사의 자율적 개선노력을 유도하는데 한계가 있어 제도 개선의 필요성이 지속적으로 제기되어 왔습니다.
이에 따라 기존 민원발생평가제도를 대신하여 금융회사의 다양한 소비자보호 활동을 종합적으로 평가할 수 있는 「금융소비자보호 실태평가제도」를 도입·시행
('16.4월 시행)
하게 되었습니다.
소비자보호실태평가제도는
금융소비자에게는 거래 금융회사 선택에 필요한 유용한 정보를 제공하는 한편, 금융회사에게는 소비자보호 중심의 경영문화 확산을 유도하는데 중점을 두고 있습니다.",https://www.fss.or.kr/fss/bbs/B0000172/view.do?nttId=49734&menuNo=200202&viewType=&searchCnd=22&searchWrd=&pageIndex=1,https://www.fss.or.kr/fss/bbs/B0000172/list.do?menuNo=200202&bbsId=&cl1Cd=&cl2Cd=&cl3Cd=&pageIndex=1&paramDeptname=&viewType=&selectDeptname=&searchCnd=22&searchWrd=,2
금융감독원의 민원대상 금융회사가 궁금합니다.,"금융감독원은 은행, 금융투자업자, 보험회사, 여신전문금융회사, 상호저축은행 등 금융기관에 대한 민원을 처리하고 있습니다.
금융감독원의 민원대상 금융기관 조회방법은 다음과 같습니다.
1. 금융감독원 홈페이지 → e-금융민원센터 → 민원안내 → 금융민원신청 안내 → 유의사항
2.
http://www.fcsc.kr/D/fu_d_01_02.jsp
→  유의사항
참고로, 금융감독원의 민원대상 금융기관이 아닌 경우 타 부처 등으로 민원이 이송될 수 있음을 알려드립니다.",https://www.fss.or.kr/fss/bbs/B0000172/view.do?nttId=49733&menuNo=200202&viewType=&searchCnd=22&searchWrd=&pageIndex=1,https://www.fss.or.kr/fss/bbs/B0000172/list.do?menuNo=200202&bbsId=&cl1Cd=&cl2Cd=&cl3Cd=&pageIndex=1&paramDeptname=&viewType=&selectDeptname=&searchCnd=22&searchWrd=,2
내 금융계좌를 한번에 조회할 수 있는 사이트는 없나요?,"‘내 계좌 한눈에’ 서비스를 통하여 본인의 주요 금융계좌 정보를 한번에 조회할 수 있습니다!
금융소비자정보포털 ‘파인’(fine.fss.or.kr) 또는 ’내 계좌 한눈에‘ 홈페이지 (
www.accountinfo.or.kr)
를
통해 9시부터 22시까지 이용가능하며(연중무휴), 은행·상호금융
계좌, 보험 계약, 대부업체를 제외한 제도권 금융회사의 대출정보를 일괄조회 할 수 있습니다.",https://www.fss.or.kr/fss/bbs/B0000172/view.do?nttId=49732&menuNo=200202&viewType=&searchCnd=22&searchWrd=&pageIndex=1,https://www.fss.or.kr/fss/bbs/B0000172/list.do?menuNo=200202&bbsId=&cl1Cd=&cl2Cd=&cl3Cd=&pageIndex=1&paramDeptname=&viewType=&selectDeptname=&searchCnd=22&searchWrd=,2
어려운 금융용어 등을 쉽게 찾아볼 수 있는 사이트는 없나요?,"금융감독원은 금융소비자의 전문적인 금융용어에 대한 이해도를 제고하기 위해 관련 제도의 배경, 이슈 등을 종합적으로 반영해 작성한 ‘
금융용어사전
’을 오픈하였습니다.
‘금융용어사전’에는 핀테크 발달을 반영한 인터넷 전문은행, P2P(Peer to Peer) 대출, 로보어드바이저, 크라우드펀딩 등 전문 용어를 비롯한 533개 용어를 상세히 설명하고 있습니다.
금융감독원 홈페이지 및 ‘파인(FINE:fine.fss.or.kr)'의 금융용어사전’ 코너에서 찾아보실 수
있으며, 알고 싶은 용어명을 정확히 입력하지 않더라고 일부 단어만으로도 검색이 가능합니다.",https://www.fss.or.kr/fss/bbs/B0000172/view.do?nttId=49731&menuNo=200202&viewType=&searchCnd=22&searchWrd=&pageIndex=1,https://www.fss.or.kr/fss/bbs/B0000172/list.do?menuNo=200202&bbsId=&cl1Cd=&cl2Cd=&cl3Cd=&pageIndex=1&paramDeptname=&viewType=&selectDeptname=&searchCnd=22&searchWrd=,2
정기예금 및 적금 금리를 한눈에 비교해 볼 수 있는 곳은 없나요?,"금융감독원은 소비자의 금융상품 선택에 실질적인 도움이 될 수 있도록,
금융상품 통합 비교공시시스템 ‘금융상품한눈에’
를 오픈하였습니다.
예·적금, 대출 등 금융상품을 통합 비교공시하고 있으며,
실손보험, 자동차보험 등은 협회사이트(보험다모아)를 연결하여 제공하고 있습니다.
(다만 본 사이트의 금융상품 정보는 매월 20일 정기적으로 공시하고 있으며, 최신정보 제공을 위해 노력하고 있으나 금융상품의 금리 등 거래조건이 수시로 변경될 수 있으므로 거래전 반드시 해당 금융회사에 문의 후 구입을 결정하시기 바랍니다.)
* 홈페이지 주소 :
http://finlife.fss.or.kr",https://www.fss.or.kr/fss/bbs/B0000172/view.do?nttId=49730&menuNo=200202&viewType=&searchCnd=22&searchWrd=&pageIndex=1,https://www.fss.or.kr/fss/bbs/B0000172/list.do?menuNo=200202&bbsId=&cl1Cd=&cl2Cd=&cl3Cd=&pageIndex=1&paramDeptname=&viewType=&selectDeptname=&searchCnd=22&searchWrd=,2
「보이는 ARS」는 어떻게 이용할 수 있나요?,"금융감독원은
금감원 콜센터(☎1332)의 음성
ARS
안내
내용
을
스
마트폰
화면
을
통해
한 번에 확
인
할
수 있는
｢
보이는 1332｣ 서
비스
를
시
행중에 있습니다. 동 서비스 이용방법은 첨부파일을 참고하여 주시기 바랍니다.",https://www.fss.or.kr/fss/bbs/B0000172/view.do?nttId=49729&menuNo=200202&viewType=&searchCnd=22&searchWrd=&pageIndex=1,https://www.fss.or.kr/fss/bbs/B0000172/list.do?menuNo=200202&bbsId=&cl1Cd=&cl2Cd=&cl3Cd=&pageIndex=1&paramDeptname=&viewType=&selectDeptname=&searchCnd=22&searchWrd=,2
대차료 지급기준 참고(예시),"자동차보험 대차료 지급기준 개선
*
내용을 반영한 FAQ를 게시하오니 참고하시기 바랍니다.
* '22.9.29. 금융감독원 보도자료 ""현행 내연기관 중심의 자동차보험 대차료 지급기준을 친환경차 보급 확대 등 환경변화에 맞게 개선합니다
(
'22.10.11.부터 시행예정
)
""
참조",https://www.fss.or.kr/fss/bbs/B0000172/view.do?nttId=49737&menuNo=200202&viewType=&searchCnd=22&searchWrd=&pageIndex=1,https://www.fss.or.kr/fss/bbs/B0000172/list.do?menuNo=200202&bbsId=&cl1Cd=&cl2Cd=&cl3Cd=&pageIndex=1&paramDeptname=&viewType=&selectDeptname=&searchCnd=22&searchWrd=,3
소비자보호실태평가 결과는 어디서 확인할 수 있나요?,"소비자보호실태평가 결과는 금융감독원 홈페이지
(www.fss.or.kr
)
또는 개별 금융기관 및 협회 홈페이지
*
등을 통해 확인하실 수 있습니다.
※ 금융 권역별 협회 홈페이지 목록
은      행 : 전국은행연합회(www.kfb.or.kr)
생명보험 : 생명보험협회(www.klia.or.kr)
손해보험 : 손해보험협회(www.knia.or.kr)
카      드 : 여신금융협회(www.crefia.or.kr)
저축은행 : 저축은행중앙회(www.fsb.or.kr)
금융투자 : 금융투자협회(www.kofia.or.kr)",https://www.fss.or.kr/fss/bbs/B0000172/view.do?nttId=49736&menuNo=200202&viewType=&searchCnd=22&searchWrd=&pageIndex=1,https://www.fss.or.kr/fss/bbs/B0000172/list.do?menuNo=200202&bbsId=&cl1Cd=&cl2Cd=&cl3Cd=&pageIndex=1&paramDeptname=&viewType=&selectDeptname=&searchCnd=22&searchWrd=,3
소비자보호실태평가의 평가방법이 궁금합니다.,"「금융소비자보호 모범규준」에 명기된 소비자보호 사항의 이행여부 점검을 위해 계량 5개, 비계량 5개 등 총 10개 부문으로 구성하여 각 부문별로 평가하고 있습니다.
자세한 내용은 첨부파일을 참고해주시길 바랍니다.",https://www.fss.or.kr/fss/bbs/B0000172/view.do?nttId=49735&menuNo=200202&viewType=&searchCnd=22&searchWrd=&pageIndex=1,https://www.fss.or.kr/fss/bbs/B0000172/list.do?menuNo=200202&bbsId=&cl1Cd=&cl2Cd=&cl3Cd=&pageIndex=1&paramDeptname=&viewType=&selectDeptname=&searchCnd=22&searchWrd=,3
소비자보호실태평가는 어떤 제도인가요?,"금융감독원은 금융회사의 민원예방 노력 유도 등을 위해 2002년부터 「민원발생평가제도」를 운영
*
해왔습니다.
* 금감원이 처리한 민원건수를 기초로 금융회사를 1∼5등급으로 평가하고 대외에 공표(’14년은 81개사 평가)
그러나 민원건수 위주의 평가만으로는 금융회사의 소비자보호 수준을 평가하고, 금융회사의 자율적 개선노력을 유도하는데 한계가 있어 제도 개선의 필요성이 지속적으로 제기되어 왔습니다.
이에 따라 기존 민원발생평가제도를 대신하여 금융회사의 다양한 소비자보호 활동을 종합적으로 평가할 수 있는 「금융소비자보호 실태평가제도」를 도입·시행
('16.4월 시행)
하게 되었습니다.
소비자보호실태평가제도는
금융소비자에게는 거래 금융회사 선택에 필요한 유용한 정보를 제공하는 한편, 금융회사에게는 소비자보호 중심의 경영문화 확산을 유도하는데 중점을 두고 있습니다.",https://www.fss.or.kr/fss/bbs/B0000172/view.do?nttId=49734&menuNo=200202&viewType=&searchCnd=22&searchWrd=&pageIndex=1,https://www.fss.or.kr/fss/bbs/B0000172/list.do?menuNo=200202&bbsId=&cl1Cd=&cl2Cd=&cl3Cd=&pageIndex=1&paramDeptname=&viewType=&selectDeptname=&searchCnd=22&searchWrd=,3
금융감독원의 민원대상 금융회사가 궁금합니다.,"금융감독원은 은행, 금융투자업자, 보험회사, 여신전문금융회사, 상호저축은행 등 금융기관에 대한 민원을 처리하고 있습니다.
금융감독원의 민원대상 금융기관 조회방법은 다음과 같습니다.
1. 금융감독원 홈페이지 → e-금융민원센터 → 민원안내 → 금융민원신청 안내 → 유의사항
2.
http://www.fcsc.kr/D/fu_d_01_02.jsp
→  유의사항
참고로, 금융감독원의 민원대상 금융기관이 아닌 경우 타 부처 등으로 민원이 이송될 수 있음을 알려드립니다.",https://www.fss.or.kr/fss/bbs/B0000172/view.do?nttId=49733&menuNo=200202&viewType=&searchCnd=22&searchWrd=&pageIndex=1,https://www.fss.or.kr/fss/bbs/B0000172/list.do?menuNo=200202&bbsId=&cl1Cd=&cl2Cd=&cl3Cd=&pageIndex=1&paramDeptname=&viewType=&selectDeptname=&searchCnd=22&searchWrd=,3
내 금융계좌를 한번에 조회할 수 있는 사이트는 없나요?,"‘내 계좌 한눈에’ 서비스를 통하여 본인의 주요 금융계좌 정보를 한번에 조회할 수 있습니다!
금융소비자정보포털 ‘파인’(fine.fss.or.kr) 또는 ’내 계좌 한눈에‘ 홈페이지 (
www.accountinfo.or.kr)
를
통해 9시부터 22시까지 이용가능하며(연중무휴), 은행·상호금융
계좌, 보험 계약, 대부업체를 제외한 제도권 금융회사의 대출정보를 일괄조회 할 수 있습니다.",https://www.fss.or.kr/fss/bbs/B0000172/view.do?nttId=49732&menuNo=200202&viewType=&searchCnd=22&searchWrd=&pageIndex=1,https://www.fss.or.kr/fss/bbs/B0000172/list.do?menuNo=200202&bbsId=&cl1Cd=&cl2Cd=&cl3Cd=&pageIndex=1&paramDeptname=&viewType=&selectDeptname=&searchCnd=22&searchWrd=,3
어려운 금융용어 등을 쉽게 찾아볼 수 있는 사이트는 없나요?,"금융감독원은 금융소비자의 전문적인 금융용어에 대한 이해도를 제고하기 위해 관련 제도의 배경, 이슈 등을 종합적으로 반영해 작성한 ‘
금융용어사전
’을 오픈하였습니다.
‘금융용어사전’에는 핀테크 발달을 반영한 인터넷 전문은행, P2P(Peer to Peer) 대출, 로보어드바이저, 크라우드펀딩 등 전문 용어를 비롯한 533개 용어를 상세히 설명하고 있습니다.
금융감독원 홈페이지 및 ‘파인(FINE:fine.fss.or.kr)'의 금융용어사전’ 코너에서 찾아보실 수
있으며, 알고 싶은 용어명을 정확히 입력하지 않더라고 일부 단어만으로도 검색이 가능합니다.",https://www.fss.or.kr/fss/bbs/B0000172/view.do?nttId=49731&menuNo=200202&viewType=&searchCnd=22&searchWrd=&pageIndex=1,https://www.fss.or.kr/fss/bbs/B0000172/list.do?menuNo=200202&bbsId=&cl1Cd=&cl2Cd=&cl3Cd=&pageIndex=1&paramDeptname=&viewType=&selectDeptname=&searchCnd=22&searchWrd=,3
정기예금 및 적금 금리를 한눈에 비교해 볼 수 있는 곳은 없나요?,"금융감독원은 소비자의 금융상품 선택에 실질적인 도움이 될 수 있도록,
금융상품 통합 비교공시시스템 ‘금융상품한눈에’
를 오픈하였습니다.
예·적금, 대출 등 금융상품을 통합 비교공시하고 있으며,
실손보험, 자동차보험 등은 협회사이트(보험다모아)를 연결하여 제공하고 있습니다.
(다만 본 사이트의 금융상품 정보는 매월 20일 정기적으로 공시하고 있으며, 최신정보 제공을 위해 노력하고 있으나 금융상품의 금리 등 거래조건이 수시로 변경될 수 있으므로 거래전 반드시 해당 금융회사에 문의 후 구입을 결정하시기 바랍니다.)
* 홈페이지 주소 :
http://finlife.fss.or.kr",https://www.fss.or.kr/fss/bbs/B0000172/view.do?nttId=49730&menuNo=200202&viewType=&searchCnd=22&searchWrd=&pageIndex=1,https://www.fss.or.kr/fss/bbs/B0000172/list.do?menuNo=200202&bbsId=&cl1Cd=&cl2Cd=&cl3Cd=&pageIndex=1&paramDeptname=&viewType=&selectDeptname=&searchCnd=22&searchWrd=,3
「보이는 ARS」는 어떻게 이용할 수 있나요?,"금융감독원은
금감원 콜센터(☎1332)의 음성
ARS
안내
내용
을
스
마트폰
화면
을
통해
한 번에 확
인
할
수 있는
｢
보이는 1332｣ 서
비스
를
시
행중에 있습니다. 동 서비스 이용방법은 첨부파일을 참고하여 주시기 바랍니다.",https://www.fss.or.kr/fss/bbs/B0000172/view.do?nttId=49729&menuNo=200202&viewType=&searchCnd=22&searchWrd=&pageIndex=1,https://www.fss.or.kr/fss/bbs/B0000172/list.do?menuNo=200202&bbsId=&cl1Cd=&cl2Cd=&cl3Cd=&pageIndex=1&paramDeptname=&viewType=&selectDeptname=&searchCnd=22&searchWrd=,3
대차료 지급기준 참고(예시),"자동차보험 대차료 지급기준 개선
*
내용을 반영한 FAQ를 게시하오니 참고하시기 바랍니다.
* '22.9.29. 금융감독원 보도자료 ""현행 내연기관 중심의 자동차보험 대차료 지급기준을 친환경차 보급 확대 등 환경변화에 맞게 개선합니다
(
'22.10.11.부터 시행예정
)
""
참조",https://www.fss.or.kr/fss/bbs/B0000172/view.do?nttId=49737&menuNo=200202&viewType=&searchCnd=22&searchWrd=&pageIndex=1,https://www.fss.or.kr/fss/bbs/B0000172/list.do?menuNo=200202&bbsId=&cl1Cd=&cl2Cd=&cl3Cd=&pageIndex=1&paramDeptname=&viewType=&selectDeptname=&searchCnd=22&searchWrd=,4
소비자보호실태평가 결과는 어디서 확인할 수 있나요?,"소비자보호실태평가 결과는 금융감독원 홈페이지
(www.fss.or.kr
)
또는 개별 금융기관 및 협회 홈페이지
*
등을 통해 확인하실 수 있습니다.
※ 금융 권역별 협회 홈페이지 목록
은      행 : 전국은행연합회(www.kfb.or.kr)
생명보험 : 생명보험협회(www.klia.or.kr)
손해보험 : 손해보험협회(www.knia.or.kr)
카      드 : 여신금융협회(www.crefia.or.kr)
저축은행 : 저축은행중앙회(www.fsb.or.kr)
금융투자 : 금융투자협회(www.kofia.or.kr)",https://www.fss.or.kr/fss/bbs/B0000172/view.do?nttId=49736&menuNo=200202&viewType=&searchCnd=22&searchWrd=&pageIndex=1,https://www.fss.or.kr/fss/bbs/B0000172/list.do?menuNo=200202&bbsId=&cl1Cd=&cl2Cd=&cl3Cd=&pageIndex=1&paramDeptname=&viewType=&selectDeptname=&searchCnd=22&searchWrd=,4
소비자보호실태평가의 평가방법이 궁금합니다.,"「금융소비자보호 모범규준」에 명기된 소비자보호 사항의 이행여부 점검을 위해 계량 5개, 비계량 5개 등 총 10개 부문으로 구성하여 각 부문별로 평가하고 있습니다.
자세한 내용은 첨부파일을 참고해주시길 바랍니다.",https://www.fss.or.kr/fss/bbs/B0000172/view.do?nttId=49735&menuNo=200202&viewType=&searchCnd=22&searchWrd=&pageIndex=1,https://www.fss.or.kr/fss/bbs/B0000172/list.do?menuNo=200202&bbsId=&cl1Cd=&cl2Cd=&cl3Cd=&pageIndex=1&paramDeptname=&viewType=&selectDeptname=&searchCnd=22&searchWrd=,4
소비자보호실태평가는 어떤 제도인가요?,"금융감독원은 금융회사의 민원예방 노력 유도 등을 위해 2002년부터 「민원발생평가제도」를 운영
*
해왔습니다.
* 금감원이 처리한 민원건수를 기초로 금융회사를 1∼5등급으로 평가하고 대외에 공표(’14년은 81개사 평가)
그러나 민원건수 위주의 평가만으로는 금융회사의 소비자보호 수준을 평가하고, 금융회사의 자율적 개선노력을 유도하는데 한계가 있어 제도 개선의 필요성이 지속적으로 제기되어 왔습니다.
이에 따라 기존 민원발생평가제도를 대신하여 금융회사의 다양한 소비자보호 활동을 종합적으로 평가할 수 있는 「금융소비자보호 실태평가제도」를 도입·시행
('16.4월 시행)
하게 되었습니다.
소비자보호실태평가제도는
금융소비자에게는 거래 금융회사 선택에 필요한 유용한 정보를 제공하는 한편, 금융회사에게는 소비자보호 중심의 경영문화 확산을 유도하는데 중점을 두고 있습니다.",https://www.fss.or.kr/fss/bbs/B0000172/view.do?nttId=49734&menuNo=200202&viewType=&searchCnd=22&searchWrd=&pageIndex=1,https://www.fss.or.kr/fss/bbs/B0000172/list.do?menuNo=200202&bbsId=&cl1Cd=&cl2Cd=&cl3Cd=&pageIndex=1&paramDeptname=&viewType=&selectDeptname=&searchCnd=22&searchWrd=,4
금융감독원의 민원대상 금융회사가 궁금합니다.,"금융감독원은 은행, 금융투자업자, 보험회사, 여신전문금융회사, 상호저축은행 등 금융기관에 대한 민원을 처리하고 있습니다.
금융감독원의 민원대상 금융기관 조회방법은 다음과 같습니다.
1. 금융감독원 홈페이지 → e-금융민원센터 → 민원안내 → 금융민원신청 안내 → 유의사항
2.
http://www.fcsc.kr/D/fu_d_01_02.jsp
→  유의사항
참고로, 금융감독원의 민원대상 금융기관이 아닌 경우 타 부처 등으로 민원이 이송될 수 있음을 알려드립니다.",https://www.fss.or.kr/fss/bbs/B0000172/view.do?nttId=49733&menuNo=200202&viewType=&searchCnd=22&searchWrd=&pageIndex=1,https://www.fss.or.kr/fss/bbs/B0000172/list.do?menuNo=200202&bbsId=&cl1Cd=&cl2Cd=&cl3Cd=&pageIndex=1&paramDeptname=&viewType=&selectDeptname=&searchCnd=22&searchWrd=,4
내 금융계좌를 한번에 조회할 수 있는 사이트는 없나요?,"‘내 계좌 한눈에’ 서비스를 통하여 본인의 주요 금융계좌 정보를 한번에 조회할 수 있습니다!
금융소비자정보포털 ‘파인’(fine.fss.or.kr) 또는 ’내 계좌 한눈에‘ 홈페이지 (
www.accountinfo.or.kr)
를
통해 9시부터 22시까지 이용가능하며(연중무휴), 은행·상호금융
계좌, 보험 계약, 대부업체를 제외한 제도권 금융회사의 대출정보를 일괄조회 할 수 있습니다.",https://www.fss.or.kr/fss/bbs/B0000172/view.do?nttId=49732&menuNo=200202&viewType=&searchCnd=22&searchWrd=&pageIndex=1,https://www.fss.or.kr/fss/bbs/B0000172/list.do?menuNo=200202&bbsId=&cl1Cd=&cl2Cd=&cl3Cd=&pageIndex=1&paramDeptname=&viewType=&selectDeptname=&searchCnd=22&searchWrd=,4
어려운 금융용어 등을 쉽게 찾아볼 수 있는 사이트는 없나요?,"금융감독원은 금융소비자의 전문적인 금융용어에 대한 이해도를 제고하기 위해 관련 제도의 배경, 이슈 등을 종합적으로 반영해 작성한 ‘
금융용어사전
’을 오픈하였습니다.
‘금융용어사전’에는 핀테크 발달을 반영한 인터넷 전문은행, P2P(Peer to Peer) 대출, 로보어드바이저, 크라우드펀딩 등 전문 용어를 비롯한 533개 용어를 상세히 설명하고 있습니다.
금융감독원 홈페이지 및 ‘파인(FINE:fine.fss.or.kr)'의 금융용어사전’ 코너에서 찾아보실 수
있으며, 알고 싶은 용어명을 정확히 입력하지 않더라고 일부 단어만으로도 검색이 가능합니다.",https://www.fss.or.kr/fss/bbs/B0000172/view.do?nttId=49731&menuNo=200202&viewType=&searchCnd=22&searchWrd=&pageIndex=1,https://www.fss.or.kr/fss/bbs/B0000172/list.do?menuNo=200202&bbsId=&cl1Cd=&cl2Cd=&cl3Cd=&pageIndex=1&paramDeptname=&viewType=&selectDeptname=&searchCnd=22&searchWrd=,4
정기예금 및 적금 금리를 한눈에 비교해 볼 수 있는 곳은 없나요?,"금융감독원은 소비자의 금융상품 선택에 실질적인 도움이 될 수 있도록,
금융상품 통합 비교공시시스템 ‘금융상품한눈에’
를 오픈하였습니다.
예·적금, 대출 등 금융상품을 통합 비교공시하고 있으며,
실손보험, 자동차보험 등은 협회사이트(보험다모아)를 연결하여 제공하고 있습니다.
(다만 본 사이트의 금융상품 정보는 매월 20일 정기적으로 공시하고 있으며, 최신정보 제공을 위해 노력하고 있으나 금융상품의 금리 등 거래조건이 수시로 변경될 수 있으므로 거래전 반드시 해당 금융회사에 문의 후 구입을 결정하시기 바랍니다.)
* 홈페이지 주소 :
http://finlife.fss.or.kr",https://www.fss.or.kr/fss/bbs/B0000172/view.do?nttId=49730&menuNo=200202&viewType=&searchCnd=22&searchWrd=&pageIndex=1,https://www.fss.or.kr/fss/bbs/B0000172/list.do?menuNo=200202&bbsId=&cl1Cd=&cl2Cd=&cl3Cd=&pageIndex=1&paramDeptname=&viewType=&selectDeptname=&searchCnd=22&searchWrd=,4
「보이는 ARS」는 어떻게 이용할 수 있나요?,"금융감독원은
금감원 콜센터(☎1332)의 음성
ARS
안내
내용
을
스
마트폰
화면
을
통해
한 번에 확
인
할
수 있는
｢
보이는 1332｣ 서
비스
를
시
행중에 있습니다. 동 서비스 이용방법은 첨부파일을 참고하여 주시기 바랍니다.",https://www.fss.or.kr/fss/bbs/B0000172/view.do?nttId=49729&menuNo=200202&viewType=&searchCnd=22&searchWrd=&pageIndex=1,https://www.fss.or.kr/fss/bbs/B0000172/list.do?menuNo=200202&bbsId=&cl1Cd=&cl2Cd=&cl3Cd=&pageIndex=1&paramDeptname=&viewType=&selectDeptname=&searchCnd=22&searchWrd=,4
대차료 지급기준 참고(예시),"자동차보험 대차료 지급기준 개선
*
내용을 반영한 FAQ를 게시하오니 참고하시기 바랍니다.
* '22.9.29. 금융감독원 보도자료 ""현행 내연기관 중심의 자동차보험 대차료 지급기준을 친환경차 보급 확대 등 환경변화에 맞게 개선합니다
(
'22.10.11.부터 시행예정
)
""
참조",https://www.fss.or.kr/fss/bbs/B0000172/view.do?nttId=49737&menuNo=200202&viewType=&searchCnd=22&searchWrd=&pageIndex=1,https://www.fss.or.kr/fss/bbs/B0000172/list.do?menuNo=200202&bbsId=&cl1Cd=&cl2Cd=&cl3Cd=&pageIndex=1&paramDeptname=&viewType=&selectDeptname=&searchCnd=22&searchWrd=,5
소비자보호실태평가 결과는 어디서 확인할 수 있나요?,"소비자보호실태평가 결과는 금융감독원 홈페이지
(www.fss.or.kr
)
또는 개별 금융기관 및 협회 홈페이지
*
등을 통해 확인하실 수 있습니다.
※ 금융 권역별 협회 홈페이지 목록
은      행 : 전국은행연합회(www.kfb.or.kr)
생명보험 : 생명보험협회(www.klia.or.kr)
손해보험 : 손해보험협회(www.knia.or.kr)
카      드 : 여신금융협회(www.crefia.or.kr)
저축은행 : 저축은행중앙회(www.fsb.or.kr)
금융투자 : 금융투자협회(www.kofia.or.kr)",https://www.fss.or.kr/fss/bbs/B0000172/view.do?nttId=49736&menuNo=200202&viewType=&searchCnd=22&searchWrd=&pageIndex=1,https://www.fss.or.kr/fss/bbs/B0000172/list.do?menuNo=200202&bbsId=&cl1Cd=&cl2Cd=&cl3Cd=&pageIndex=1&paramDeptname=&viewType=&selectDeptname=&searchCnd=22&searchWrd=,5
소비자보호실태평가의 평가방법이 궁금합니다.,"「금융소비자보호 모범규준」에 명기된 소비자보호 사항의 이행여부 점검을 위해 계량 5개, 비계량 5개 등 총 10개 부문으로 구성하여 각 부문별로 평가하고 있습니다.
자세한 내용은 첨부파일을 참고해주시길 바랍니다.",https://www.fss.or.kr/fss/bbs/B0000172/view.do?nttId=49735&menuNo=200202&viewType=&searchCnd=22&searchWrd=&pageIndex=1,https://www.fss.or.kr/fss/bbs/B0000172/list.do?menuNo=200202&bbsId=&cl1Cd=&cl2Cd=&cl3Cd=&pageIndex=1&paramDeptname=&viewType=&selectDeptname=&searchCnd=22&searchWrd=,5
소비자보호실태평가는 어떤 제도인가요?,"금융감독원은 금융회사의 민원예방 노력 유도 등을 위해 2002년부터 「민원발생평가제도」를 운영
*
해왔습니다.
* 금감원이 처리한 민원건수를 기초로 금융회사를 1∼5등급으로 평가하고 대외에 공표(’14년은 81개사 평가)
그러나 민원건수 위주의 평가만으로는 금융회사의 소비자보호 수준을 평가하고, 금융회사의 자율적 개선노력을 유도하는데 한계가 있어 제도 개선의 필요성이 지속적으로 제기되어 왔습니다.
이에 따라 기존 민원발생평가제도를 대신하여 금융회사의 다양한 소비자보호 활동을 종합적으로 평가할 수 있는 「금융소비자보호 실태평가제도」를 도입·시행
('16.4월 시행)
하게 되었습니다.
소비자보호실태평가제도는
금융소비자에게는 거래 금융회사 선택에 필요한 유용한 정보를 제공하는 한편, 금융회사에게는 소비자보호 중심의 경영문화 확산을 유도하는데 중점을 두고 있습니다.",https://www.fss.or.kr/fss/bbs/B0000172/view.do?nttId=49734&menuNo=200202&viewType=&searchCnd=22&searchWrd=&pageIndex=1,https://www.fss.or.kr/fss/bbs/B0000172/list.do?menuNo=200202&bbsId=&cl1Cd=&cl2Cd=&cl3Cd=&pageIndex=1&paramDeptname=&viewType=&selectDeptname=&searchCnd=22&searchWrd=,5
금융감독원의 민원대상 금융회사가 궁금합니다.,"금융감독원은 은행, 금융투자업자, 보험회사, 여신전문금융회사, 상호저축은행 등 금융기관에 대한 민원을 처리하고 있습니다.
금융감독원의 민원대상 금융기관 조회방법은 다음과 같습니다.
1. 금융감독원 홈페이지 → e-금융민원센터 → 민원안내 → 금융민원신청 안내 → 유의사항
2.
http://www.fcsc.kr/D/fu_d_01_02.jsp
→  유의사항
참고로, 금융감독원의 민원대상 금융기관이 아닌 경우 타 부처 등으로 민원이 이송될 수 있음을 알려드립니다.",https://www.fss.or.kr/fss/bbs/B0000172/view.do?nttId=49733&menuNo=200202&viewType=&searchCnd=22&searchWrd=&pageIndex=1,https://www.fss.or.kr/fss/bbs/B0000172/list.do?menuNo=200202&bbsId=&cl1Cd=&cl2Cd=&cl3Cd=&pageIndex=1&paramDeptname=&viewType=&selectDeptname=&searchCnd=22&searchWrd=,5
내 금융계좌를 한번에 조회할 수 있는 사이트는 없나요?,"‘내 계좌 한눈에’ 서비스를 통하여 본인의 주요 금융계좌 정보를 한번에 조회할 수 있습니다!
금융소비자정보포털 ‘파인’(fine.fss.or.kr) 또는 ’내 계좌 한눈에‘ 홈페이지 (
www.accountinfo.or.kr)
를
통해 9시부터 22시까지 이용가능하며(연중무휴), 은행·상호금융
계좌, 보험 계약, 대부업체를 제외한 제도권 금융회사의 대출정보를 일괄조회 할 수 있습니다.",https://www.fss.or.kr/fss/bbs/B0000172/view.do?nttId=49732&menuNo=200202&viewType=&searchCnd=22&searchWrd=&pageIndex=1,https://www.fss.or.kr/fss/bbs/B0000172/list.do?menuNo=200202&bbsId=&cl1Cd=&cl2Cd=&cl3Cd=&pageIndex=1&paramDeptname=&viewType=&selectDeptname=&searchCnd=22&searchWrd=,5
어려운 금융용어 등을 쉽게 찾아볼 수 있는 사이트는 없나요?,"금융감독원은 금융소비자의 전문적인 금융용어에 대한 이해도를 제고하기 위해 관련 제도의 배경, 이슈 등을 종합적으로 반영해 작성한 ‘
금융용어사전
’을 오픈하였습니다.
‘금융용어사전’에는 핀테크 발달을 반영한 인터넷 전문은행, P2P(Peer to Peer) 대출, 로보어드바이저, 크라우드펀딩 등 전문 용어를 비롯한 533개 용어를 상세히 설명하고 있습니다.
금융감독원 홈페이지 및 ‘파인(FINE:fine.fss.or.kr)'의 금융용어사전’ 코너에서 찾아보실 수
있으며, 알고 싶은 용어명을 정확히 입력하지 않더라고 일부 단어만으로도 검색이 가능합니다.",https://www.fss.or.kr/fss/bbs/B0000172/view.do?nttId=49731&menuNo=200202&viewType=&searchCnd=22&searchWrd=&pageIndex=1,https://www.fss.or.kr/fss/bbs/B0000172/list.do?menuNo=200202&bbsId=&cl1Cd=&cl2Cd=&cl3Cd=&pageIndex=1&paramDeptname=&viewType=&selectDeptname=&searchCnd=22&searchWrd=,5
정기예금 및 적금 금리를 한눈에 비교해 볼 수 있는 곳은 없나요?,"금융감독원은 소비자의 금융상품 선택에 실질적인 도움이 될 수 있도록,
금융상품 통합 비교공시시스템 ‘금융상품한눈에’
를 오픈하였습니다.
예·적금, 대출 등 금융상품을 통합 비교공시하고 있으며,
실손보험, 자동차보험 등은 협회사이트(보험다모아)를 연결하여 제공하고 있습니다.
(다만 본 사이트의 금융상품 정보는 매월 20일 정기적으로 공시하고 있으며, 최신정보 제공을 위해 노력하고 있으나 금융상품의 금리 등 거래조건이 수시로 변경될 수 있으므로 거래전 반드시 해당 금융회사에 문의 후 구입을 결정하시기 바랍니다.)
* 홈페이지 주소 :
http://finlife.fss.or.kr",https://www.fss.or.kr/fss/bbs/B0000172/view.do?nttId=49730&menuNo=200202&viewType=&searchCnd=22&searchWrd=&pageIndex=1,https://www.fss.or.kr/fss/bbs/B0000172/list.do?menuNo=200202&bbsId=&cl1Cd=&cl2Cd=&cl3Cd=&pageIndex=1&paramDeptname=&viewType=&selectDeptname=&searchCnd=22&searchWrd=,5
「보이는 ARS」는 어떻게 이용할 수 있나요?,"금융감독원은
금감원 콜센터(☎1332)의 음성
ARS
안내
내용
을
스
마트폰
화면
을
통해
한 번에 확
인
할
수 있는
｢
보이는 1332｣ 서
비스
를
시
행중에 있습니다. 동 서비스 이용방법은 첨부파일을 참고하여 주시기 바랍니다.",https://www.fss.or.kr/fss/bbs/B0000172/view.do?nttId=49729&menuNo=200202&viewType=&searchCnd=22&searchWrd=&pageIndex=1,https://www.fss.or.kr/fss/bbs/B0000172/list.do?menuNo=200202&bbsId=&cl1Cd=&cl2Cd=&cl3Cd=&pageIndex=1&paramDeptname=&viewType=&selectDeptname=&searchCnd=22&searchWrd=,5
대차료 지급기준 참고(예시),"자동차보험 대차료 지급기준 개선
*
내용을 반영한 FAQ를 게시하오니 참고하시기 바랍니다.
* '22.9.29. 금융감독원 보도자료 ""현행 내연기관 중심의 자동차보험 대차료 지급기준을 친환경차 보급 확대 등 환경변화에 맞게 개선합니다
(
'22.10.11.부터 시행예정
)
""
참조",https://www.fss.or.kr/fss/bbs/B0000172/view.do?nttId=49737&menuNo=200202&viewType=&searchCnd=22&searchWrd=&pageIndex=1,https://www.fss.or.kr/fss/bbs/B0000172/list.do?menuNo=200202&bbsId=&cl1Cd=&cl2Cd=&cl3Cd=&pageIndex=1&paramDeptname=&viewType=&selectDeptname=&searchCnd=22&searchWrd=,6
소비자보호실태평가 결과는 어디서 확인할 수 있나요?,"소비자보호실태평가 결과는 금융감독원 홈페이지
(www.fss.or.kr
)
또는 개별 금융기관 및 협회 홈페이지
*
등을 통해 확인하실 수 있습니다.
※ 금융 권역별 협회 홈페이지 목록
은      행 : 전국은행연합회(www.kfb.or.kr)
생명보험 : 생명보험협회(www.klia.or.kr)
손해보험 : 손해보험협회(www.knia.or.kr)
카      드 : 여신금융협회(www.crefia.or.kr)
저축은행 : 저축은행중앙회(www.fsb.or.kr)
금융투자 : 금융투자협회(www.kofia.or.kr)",https://www.fss.or.kr/fss/bbs/B0000172/view.do?nttId=49736&menuNo=200202&viewType=&searchCnd=22&searchWrd=&pageIndex=1,https://www.fss.or.kr/fss/bbs/B0000172/list.do?menuNo=200202&bbsId=&cl1Cd=&cl2Cd=&cl3Cd=&pageIndex=1&paramDeptname=&viewType=&selectDeptname=&searchCnd=22&searchWrd=,6
소비자보호실태평가의 평가방법이 궁금합니다.,"「금융소비자보호 모범규준」에 명기된 소비자보호 사항의 이행여부 점검을 위해 계량 5개, 비계량 5개 등 총 10개 부문으로 구성하여 각 부문별로 평가하고 있습니다.
자세한 내용은 첨부파일을 참고해주시길 바랍니다.",https://www.fss.or.kr/fss/bbs/B0000172/view.do?nttId=49735&menuNo=200202&viewType=&searchCnd=22&searchWrd=&pageIndex=1,https://www.fss.or.kr/fss/bbs/B0000172/list.do?menuNo=200202&bbsId=&cl1Cd=&cl2Cd=&cl3Cd=&pageIndex=1&paramDeptname=&viewType=&selectDeptname=&searchCnd=22&searchWrd=,6
소비자보호실태평가는 어떤 제도인가요?,"금융감독원은 금융회사의 민원예방 노력 유도 등을 위해 2002년부터 「민원발생평가제도」를 운영
*
해왔습니다.
* 금감원이 처리한 민원건수를 기초로 금융회사를 1∼5등급으로 평가하고 대외에 공표(’14년은 81개사 평가)
그러나 민원건수 위주의 평가만으로는 금융회사의 소비자보호 수준을 평가하고, 금융회사의 자율적 개선노력을 유도하는데 한계가 있어 제도 개선의 필요성이 지속적으로 제기되어 왔습니다.
이에 따라 기존 민원발생평가제도를 대신하여 금융회사의 다양한 소비자보호 활동을 종합적으로 평가할 수 있는 「금융소비자보호 실태평가제도」를 도입·시행
('16.4월 시행)
하게 되었습니다.
소비자보호실태평가제도는
금융소비자에게는 거래 금융회사 선택에 필요한 유용한 정보를 제공하는 한편, 금융회사에게는 소비자보호 중심의 경영문화 확산을 유도하는데 중점을 두고 있습니다.",https://www.fss.or.kr/fss/bbs/B0000172/view.do?nttId=49734&menuNo=200202&viewType=&searchCnd=22&searchWrd=&pageIndex=1,https://www.fss.or.kr/fss/bbs/B0000172/list.do?menuNo=200202&bbsId=&cl1Cd=&cl2Cd=&cl3Cd=&pageIndex=1&paramDeptname=&viewType=&selectDeptname=&searchCnd=22&searchWrd=,6
금융감독원의 민원대상 금융회사가 궁금합니다.,"금융감독원은 은행, 금융투자업자, 보험회사, 여신전문금융회사, 상호저축은행 등 금융기관에 대한 민원을 처리하고 있습니다.
금융감독원의 민원대상 금융기관 조회방법은 다음과 같습니다.
1. 금융감독원 홈페이지 → e-금융민원센터 → 민원안내 → 금융민원신청 안내 → 유의사항
2.
http://www.fcsc.kr/D/fu_d_01_02.jsp
→  유의사항
참고로, 금융감독원의 민원대상 금융기관이 아닌 경우 타 부처 등으로 민원이 이송될 수 있음을 알려드립니다.",https://www.fss.or.kr/fss/bbs/B0000172/view.do?nttId=49733&menuNo=200202&viewType=&searchCnd=22&searchWrd=&pageIndex=1,https://www.fss.or.kr/fss/bbs/B0000172/list.do?menuNo=200202&bbsId=&cl1Cd=&cl2Cd=&cl3Cd=&pageIndex=1&paramDeptname=&viewType=&selectDeptname=&searchCnd=22&searchWrd=,6
내 금융계좌를 한번에 조회할 수 있는 사이트는 없나요?,"‘내 계좌 한눈에’ 서비스를 통하여 본인의 주요 금융계좌 정보를 한번에 조회할 수 있습니다!
금융소비자정보포털 ‘파인’(fine.fss.or.kr) 또는 ’내 계좌 한눈에‘ 홈페이지 (
www.accountinfo.or.kr)
를
통해 9시부터 22시까지 이용가능하며(연중무휴), 은행·상호금융
계좌, 보험 계약, 대부업체를 제외한 제도권 금융회사의 대출정보를 일괄조회 할 수 있습니다.",https://www.fss.or.kr/fss/bbs/B0000172/view.do?nttId=49732&menuNo=200202&viewType=&searchCnd=22&searchWrd=&pageIndex=1,https://www.fss.or.kr/fss/bbs/B0000172/list.do?menuNo=200202&bbsId=&cl1Cd=&cl2Cd=&cl3Cd=&pageIndex=1&paramDeptname=&viewType=&selectDeptname=&searchCnd=22&searchWrd=,6
어려운 금융용어 등을 쉽게 찾아볼 수 있는 사이트는 없나요?,"금융감독원은 금융소비자의 전문적인 금융용어에 대한 이해도를 제고하기 위해 관련 제도의 배경, 이슈 등을 종합적으로 반영해 작성한 ‘
금융용어사전
’을 오픈하였습니다.
‘금융용어사전’에는 핀테크 발달을 반영한 인터넷 전문은행, P2P(Peer to Peer) 대출, 로보어드바이저, 크라우드펀딩 등 전문 용어를 비롯한 533개 용어를 상세히 설명하고 있습니다.
금융감독원 홈페이지 및 ‘파인(FINE:fine.fss.or.kr)'의 금융용어사전’ 코너에서 찾아보실 수
있으며, 알고 싶은 용어명을 정확히 입력하지 않더라고 일부 단어만으로도 검색이 가능합니다.",https://www.fss.or.kr/fss/bbs/B0000172/view.do?nttId=49731&menuNo=200202&viewType=&searchCnd=22&searchWrd=&pageIndex=1,https://www.fss.or.kr/fss/bbs/B0000172/list.do?menuNo=200202&bbsId=&cl1Cd=&cl2Cd=&cl3Cd=&pageIndex=1&paramDeptname=&viewType=&selectDeptname=&searchCnd=22&searchWrd=,6
정기예금 및 적금 금리를 한눈에 비교해 볼 수 있는 곳은 없나요?,"금융감독원은 소비자의 금융상품 선택에 실질적인 도움이 될 수 있도록,
금융상품 통합 비교공시시스템 ‘금융상품한눈에’
를 오픈하였습니다.
예·적금, 대출 등 금융상품을 통합 비교공시하고 있으며,
실손보험, 자동차보험 등은 협회사이트(보험다모아)를 연결하여 제공하고 있습니다.
(다만 본 사이트의 금융상품 정보는 매월 20일 정기적으로 공시하고 있으며, 최신정보 제공을 위해 노력하고 있으나 금융상품의 금리 등 거래조건이 수시로 변경될 수 있으므로 거래전 반드시 해당 금융회사에 문의 후 구입을 결정하시기 바랍니다.)
* 홈페이지 주소 :
http://finlife.fss.or.kr",https://www.fss.or.kr/fss/bbs/B0000172/view.do?nttId=49730&menuNo=200202&viewType=&searchCnd=22&searchWrd=&pageIndex=1,https://www.fss.or.kr/fss/bbs/B0000172/list.do?menuNo=200202&bbsId=&cl1Cd=&cl2Cd=&cl3Cd=&pageIndex=1&paramDeptname=&viewType=&selectDeptname=&searchCnd=22&searchWrd=,6
「보이는 ARS」는 어떻게 이용할 수 있나요?,"금융감독원은
금감원 콜센터(☎1332)의 음성
ARS
안내
내용
을
스
마트폰
화면
을
통해
한 번에 확
인
할
수 있는
｢
보이는 1332｣ 서
비스
를
시
행중에 있습니다. 동 서비스 이용방법은 첨부파일을 참고하여 주시기 바랍니다.",https://www.fss.or.kr/fss/bbs/B0000172/view.do?nttId=49729&menuNo=200202&viewType=&searchCnd=22&searchWrd=&pageIndex=1,https://www.fss.or.kr/fss/bbs/B0000172/list.do?menuNo=200202&bbsId=&cl1Cd=&cl2Cd=&cl3Cd=&pageIndex=1&paramDeptname=&viewType=&selectDeptname=&searchCnd=22&searchWrd=,6
대차료 지급기준 참고(예시),"자동차보험 대차료 지급기준 개선
*
내용을 반영한 FAQ를 게시하오니 참고하시기 바랍니다.
* '22.9.29. 금융감독원 보도자료 ""현행 내연기관 중심의 자동차보험 대차료 지급기준을 친환경차 보급 확대 등 환경변화에 맞게 개선합니다
(
'22.10.11.부터 시행예정
)
""
참조",https://www.fss.or.kr/fss/bbs/B0000172/view.do?nttId=49737&menuNo=200202&viewType=&searchCnd=22&searchWrd=&pageIndex=1,https://www.fss.or.kr/fss/bbs/B0000172/list.do?menuNo=200202&bbsId=&cl1Cd=&cl2Cd=&cl3Cd=&pageIndex=1&paramDeptname=&viewType=&selectDeptname=&searchCnd=22&searchWrd=,7
소비자보호실태평가 결과는 어디서 확인할 수 있나요?,"소비자보호실태평가 결과는 금융감독원 홈페이지
(www.fss.or.kr
)
또는 개별 금융기관 및 협회 홈페이지
*
등을 통해 확인하실 수 있습니다.
※ 금융 권역별 협회 홈페이지 목록
은      행 : 전국은행연합회(www.kfb.or.kr)
생명보험 : 생명보험협회(www.klia.or.kr)
손해보험 : 손해보험협회(www.knia.or.kr)
카      드 : 여신금융협회(www.crefia.or.kr)
저축은행 : 저축은행중앙회(www.fsb.or.kr)
금융투자 : 금융투자협회(www.kofia.or.kr)",https://www.fss.or.kr/fss/bbs/B0000172/view.do?nttId=49736&menuNo=200202&viewType=&searchCnd=22&searchWrd=&pageIndex=1,https://www.fss.or.kr/fss/bbs/B0000172/list.do?menuNo=200202&bbsId=&cl1Cd=&cl2Cd=&cl3Cd=&pageIndex=1&paramDeptname=&viewType=&selectDeptname=&searchCnd=22&searchWrd=,7
소비자보호실태평가의 평가방법이 궁금합니다.,"「금융소비자보호 모범규준」에 명기된 소비자보호 사항의 이행여부 점검을 위해 계량 5개, 비계량 5개 등 총 10개 부문으로 구성하여 각 부문별로 평가하고 있습니다.
자세한 내용은 첨부파일을 참고해주시길 바랍니다.",https://www.fss.or.kr/fss/bbs/B0000172/view.do?nttId=49735&menuNo=200202&viewType=&searchCnd=22&searchWrd=&pageIndex=1,https://www.fss.or.kr/fss/bbs/B0000172/list.do?menuNo=200202&bbsId=&cl1Cd=&cl2Cd=&cl3Cd=&pageIndex=1&paramDeptname=&viewType=&selectDeptname=&searchCnd=22&searchWrd=,7
소비자보호실태평가는 어떤 제도인가요?,"금융감독원은 금융회사의 민원예방 노력 유도 등을 위해 2002년부터 「민원발생평가제도」를 운영
*
해왔습니다.
* 금감원이 처리한 민원건수를 기초로 금융회사를 1∼5등급으로 평가하고 대외에 공표(’14년은 81개사 평가)
그러나 민원건수 위주의 평가만으로는 금융회사의 소비자보호 수준을 평가하고, 금융회사의 자율적 개선노력을 유도하는데 한계가 있어 제도 개선의 필요성이 지속적으로 제기되어 왔습니다.
이에 따라 기존 민원발생평가제도를 대신하여 금융회사의 다양한 소비자보호 활동을 종합적으로 평가할 수 있는 「금융소비자보호 실태평가제도」를 도입·시행
('16.4월 시행)
하게 되었습니다.
소비자보호실태평가제도는
금융소비자에게는 거래 금융회사 선택에 필요한 유용한 정보를 제공하는 한편, 금융회사에게는 소비자보호 중심의 경영문화 확산을 유도하는데 중점을 두고 있습니다.",https://www.fss.or.kr/fss/bbs/B0000172/view.do?nttId=49734&menuNo=200202&viewType=&searchCnd=22&searchWrd=&pageIndex=1,https://www.fss.or.kr/fss/bbs/B0000172/list.do?menuNo=200202&bbsId=&cl1Cd=&cl2Cd=&cl3Cd=&pageIndex=1&paramDeptname=&viewType=&selectDeptname=&searchCnd=22&searchWrd=,7
금융감독원의 민원대상 금융회사가 궁금합니다.,"금융감독원은 은행, 금융투자업자, 보험회사, 여신전문금융회사, 상호저축은행 등 금융기관에 대한 민원을 처리하고 있습니다.
금융감독원의 민원대상 금융기관 조회방법은 다음과 같습니다.
1. 금융감독원 홈페이지 → e-금융민원센터 → 민원안내 → 금융민원신청 안내 → 유의사항
2.
http://www.fcsc.kr/D/fu_d_01_02.jsp
→  유의사항
참고로, 금융감독원의 민원대상 금융기관이 아닌 경우 타 부처 등으로 민원이 이송될 수 있음을 알려드립니다.",https://www.fss.or.kr/fss/bbs/B0000172/view.do?nttId=49733&menuNo=200202&viewType=&searchCnd=22&searchWrd=&pageIndex=1,https://www.fss.or.kr/fss/bbs/B0000172/list.do?menuNo=200202&bbsId=&cl1Cd=&cl2Cd=&cl3Cd=&pageIndex=1&paramDeptname=&viewType=&selectDeptname=&searchCnd=22&searchWrd=,7
내 금융계좌를 한번에 조회할 수 있는 사이트는 없나요?,"‘내 계좌 한눈에’ 서비스를 통하여 본인의 주요 금융계좌 정보를 한번에 조회할 수 있습니다!
금융소비자정보포털 ‘파인’(fine.fss.or.kr) 또는 ’내 계좌 한눈에‘ 홈페이지 (
www.accountinfo.or.kr)
를
통해 9시부터 22시까지 이용가능하며(연중무휴), 은행·상호금융
계좌, 보험 계약, 대부업체를 제외한 제도권 금융회사의 대출정보를 일괄조회 할 수 있습니다.",https://www.fss.or.kr/fss/bbs/B0000172/view.do?nttId=49732&menuNo=200202&viewType=&searchCnd=22&searchWrd=&pageIndex=1,https://www.fss.or.kr/fss/bbs/B0000172/list.do?menuNo=200202&bbsId=&cl1Cd=&cl2Cd=&cl3Cd=&pageIndex=1&paramDeptname=&viewType=&selectDeptname=&searchCnd=22&searchWrd=,7
어려운 금융용어 등을 쉽게 찾아볼 수 있는 사이트는 없나요?,"금융감독원은 금융소비자의 전문적인 금융용어에 대한 이해도를 제고하기 위해 관련 제도의 배경, 이슈 등을 종합적으로 반영해 작성한 ‘
금융용어사전
’을 오픈하였습니다.
‘금융용어사전’에는 핀테크 발달을 반영한 인터넷 전문은행, P2P(Peer to Peer) 대출, 로보어드바이저, 크라우드펀딩 등 전문 용어를 비롯한 533개 용어를 상세히 설명하고 있습니다.
금융감독원 홈페이지 및 ‘파인(FINE:fine.fss.or.kr)'의 금융용어사전’ 코너에서 찾아보실 수
있으며, 알고 싶은 용어명을 정확히 입력하지 않더라고 일부 단어만으로도 검색이 가능합니다.",https://www.fss.or.kr/fss/bbs/B0000172/view.do?nttId=49731&menuNo=200202&viewType=&searchCnd=22&searchWrd=&pageIndex=1,https://www.fss.or.kr/fss/bbs/B0000172/list.do?menuNo=200202&bbsId=&cl1Cd=&cl2Cd=&cl3Cd=&pageIndex=1&paramDeptname=&viewType=&selectDeptname=&searchCnd=22&searchWrd=,7
정기예금 및 적금 금리를 한눈에 비교해 볼 수 있는 곳은 없나요?,"금융감독원은 소비자의 금융상품 선택에 실질적인 도움이 될 수 있도록,
금융상품 통합 비교공시시스템 ‘금융상품한눈에’
를 오픈하였습니다.
예·적금, 대출 등 금융상품을 통합 비교공시하고 있으며,
실손보험, 자동차보험 등은 협회사이트(보험다모아)를 연결하여 제공하고 있습니다.
(다만 본 사이트의 금융상품 정보는 매월 20일 정기적으로 공시하고 있으며, 최신정보 제공을 위해 노력하고 있으나 금융상품의 금리 등 거래조건이 수시로 변경될 수 있으므로 거래전 반드시 해당 금융회사에 문의 후 구입을 결정하시기 바랍니다.)
* 홈페이지 주소 :
http://finlife.fss.or.kr",https://www.fss.or.kr/fss/bbs/B0000172/view.do?nttId=49730&menuNo=200202&viewType=&searchCnd=22&searchWrd=&pageIndex=1,https://www.fss.or.kr/fss/bbs/B0000172/list.do?menuNo=200202&bbsId=&cl1Cd=&cl2Cd=&cl3Cd=&pageIndex=1&paramDeptname=&viewType=&selectDeptname=&searchCnd=22&searchWrd=,7
「보이는 ARS」는 어떻게 이용할 수 있나요?,"금융감독원은
금감원 콜센터(☎1332)의 음성
ARS
안내
내용
을
스
마트폰
화면
을
통해
한 번에 확
인
할
수 있는
｢
보이는 1332｣ 서
비스
를
시
행중에 있습니다. 동 서비스 이용방법은 첨부파일을 참고하여 주시기 바랍니다.",https://www.fss.or.kr/fss/bbs/B0000172/view.do?nttId=49729&menuNo=200202&viewType=&searchCnd=22&searchWrd=&pageIndex=1,https://www.fss.or.kr/fss/bbs/B0000172/list.do?menuNo=200202&bbsId=&cl1Cd=&cl2Cd=&cl3Cd=&pageIndex=1&paramDeptname=&viewType=&selectDeptname=&searchCnd=22&searchWrd=,7
대차료 지급기준 참고(예시),"자동차보험 대차료 지급기준 개선
*
내용을 반영한 FAQ를 게시하오니 참고하시기 바랍니다.
* '22.9.29. 금융감독원 보도자료 ""현행 내연기관 중심의 자동차보험 대차료 지급기준을 친환경차 보급 확대 등 환경변화에 맞게 개선합니다
(
'22.10.11.부터 시행예정
)
""
참조",https://www.fss.or.kr/fss/bbs/B0000172/view.do?nttId=49737&menuNo=200202&viewType=&searchCnd=22&searchWrd=&pageIndex=1,https://www.fss.or.kr/fss/bbs/B0000172/list.do?menuNo=200202&bbsId=&cl1Cd=&cl2Cd=&cl3Cd=&pageIndex=1&paramDeptname=&viewType=&selectDeptname=&searchCnd=22&searchWrd=,8
소비자보호실태평가 결과는 어디서 확인할 수 있나요?,"소비자보호실태평가 결과는 금융감독원 홈페이지
(www.fss.or.kr
)
또는 개별 금융기관 및 협회 홈페이지
*
등을 통해 확인하실 수 있습니다.
※ 금융 권역별 협회 홈페이지 목록
은      행 : 전국은행연합회(www.kfb.or.kr)
생명보험 : 생명보험협회(www.klia.or.kr)
손해보험 : 손해보험협회(www.knia.or.kr)
카      드 : 여신금융협회(www.crefia.or.kr)
저축은행 : 저축은행중앙회(www.fsb.or.kr)
금융투자 : 금융투자협회(www.kofia.or.kr)",https://www.fss.or.kr/fss/bbs/B0000172/view.do?nttId=49736&menuNo=200202&viewType=&searchCnd=22&searchWrd=&pageIndex=1,https://www.fss.or.kr/fss/bbs/B0000172/list.do?menuNo=200202&bbsId=&cl1Cd=&cl2Cd=&cl3Cd=&pageIndex=1&paramDeptname=&viewType=&selectDeptname=&searchCnd=22&searchWrd=,8
소비자보호실태평가의 평가방법이 궁금합니다.,"「금융소비자보호 모범규준」에 명기된 소비자보호 사항의 이행여부 점검을 위해 계량 5개, 비계량 5개 등 총 10개 부문으로 구성하여 각 부문별로 평가하고 있습니다.
자세한 내용은 첨부파일을 참고해주시길 바랍니다.",https://www.fss.or.kr/fss/bbs/B0000172/view.do?nttId=49735&menuNo=200202&viewType=&searchCnd=22&searchWrd=&pageIndex=1,https://www.fss.or.kr/fss/bbs/B0000172/list.do?menuNo=200202&bbsId=&cl1Cd=&cl2Cd=&cl3Cd=&pageIndex=1&paramDeptname=&viewType=&selectDeptname=&searchCnd=22&searchWrd=,8
소비자보호실태평가는 어떤 제도인가요?,"금융감독원은 금융회사의 민원예방 노력 유도 등을 위해 2002년부터 「민원발생평가제도」를 운영
*
해왔습니다.
* 금감원이 처리한 민원건수를 기초로 금융회사를 1∼5등급으로 평가하고 대외에 공표(’14년은 81개사 평가)
그러나 민원건수 위주의 평가만으로는 금융회사의 소비자보호 수준을 평가하고, 금융회사의 자율적 개선노력을 유도하는데 한계가 있어 제도 개선의 필요성이 지속적으로 제기되어 왔습니다.
이에 따라 기존 민원발생평가제도를 대신하여 금융회사의 다양한 소비자보호 활동을 종합적으로 평가할 수 있는 「금융소비자보호 실태평가제도」를 도입·시행
('16.4월 시행)
하게 되었습니다.
소비자보호실태평가제도는
금융소비자에게는 거래 금융회사 선택에 필요한 유용한 정보를 제공하는 한편, 금융회사에게는 소비자보호 중심의 경영문화 확산을 유도하는데 중점을 두고 있습니다.",https://www.fss.or.kr/fss/bbs/B0000172/view.do?nttId=49734&menuNo=200202&viewType=&searchCnd=22&searchWrd=&pageIndex=1,https://www.fss.or.kr/fss/bbs/B0000172/list.do?menuNo=200202&bbsId=&cl1Cd=&cl2Cd=&cl3Cd=&pageIndex=1&paramDeptname=&viewType=&selectDeptname=&searchCnd=22&searchWrd=,8
금융감독원의 민원대상 금융회사가 궁금합니다.,"금융감독원은 은행, 금융투자업자, 보험회사, 여신전문금융회사, 상호저축은행 등 금융기관에 대한 민원을 처리하고 있습니다.
금융감독원의 민원대상 금융기관 조회방법은 다음과 같습니다.
1. 금융감독원 홈페이지 → e-금융민원센터 → 민원안내 → 금융민원신청 안내 → 유의사항
2.
http://www.fcsc.kr/D/fu_d_01_02.jsp
→  유의사항
참고로, 금융감독원의 민원대상 금융기관이 아닌 경우 타 부처 등으로 민원이 이송될 수 있음을 알려드립니다.",https://www.fss.or.kr/fss/bbs/B0000172/view.do?nttId=49733&menuNo=200202&viewType=&searchCnd=22&searchWrd=&pageIndex=1,https://www.fss.or.kr/fss/bbs/B0000172/list.do?menuNo=200202&bbsId=&cl1Cd=&cl2Cd=&cl3Cd=&pageIndex=1&paramDeptname=&viewType=&selectDeptname=&searchCnd=22&searchWrd=,8
내 금융계좌를 한번에 조회할 수 있는 사이트는 없나요?,"‘내 계좌 한눈에’ 서비스를 통하여 본인의 주요 금융계좌 정보를 한번에 조회할 수 있습니다!
금융소비자정보포털 ‘파인’(fine.fss.or.kr) 또는 ’내 계좌 한눈에‘ 홈페이지 (
www.accountinfo.or.kr)
를
통해 9시부터 22시까지 이용가능하며(연중무휴), 은행·상호금융
계좌, 보험 계약, 대부업체를 제외한 제도권 금융회사의 대출정보를 일괄조회 할 수 있습니다.",https://www.fss.or.kr/fss/bbs/B0000172/view.do?nttId=49732&menuNo=200202&viewType=&searchCnd=22&searchWrd=&pageIndex=1,https://www.fss.or.kr/fss/bbs/B0000172/list.do?menuNo=200202&bbsId=&cl1Cd=&cl2Cd=&cl3Cd=&pageIndex=1&paramDeptname=&viewType=&selectDeptname=&searchCnd=22&searchWrd=,8
어려운 금융용어 등을 쉽게 찾아볼 수 있는 사이트는 없나요?,"금융감독원은 금융소비자의 전문적인 금융용어에 대한 이해도를 제고하기 위해 관련 제도의 배경, 이슈 등을 종합적으로 반영해 작성한 ‘
금융용어사전
’을 오픈하였습니다.
‘금융용어사전’에는 핀테크 발달을 반영한 인터넷 전문은행, P2P(Peer to Peer) 대출, 로보어드바이저, 크라우드펀딩 등 전문 용어를 비롯한 533개 용어를 상세히 설명하고 있습니다.
금융감독원 홈페이지 및 ‘파인(FINE:fine.fss.or.kr)'의 금융용어사전’ 코너에서 찾아보실 수
있으며, 알고 싶은 용어명을 정확히 입력하지 않더라고 일부 단어만으로도 검색이 가능합니다.",https://www.fss.or.kr/fss/bbs/B0000172/view.do?nttId=49731&menuNo=200202&viewType=&searchCnd=22&searchWrd=&pageIndex=1,https://www.fss.or.kr/fss/bbs/B0000172/list.do?menuNo=200202&bbsId=&cl1Cd=&cl2Cd=&cl3Cd=&pageIndex=1&paramDeptname=&viewType=&selectDeptname=&searchCnd=22&searchWrd=,8
정기예금 및 적금 금리를 한눈에 비교해 볼 수 있는 곳은 없나요?,"금융감독원은 소비자의 금융상품 선택에 실질적인 도움이 될 수 있도록,
금융상품 통합 비교공시시스템 ‘금융상품한눈에’
를 오픈하였습니다.
예·적금, 대출 등 금융상품을 통합 비교공시하고 있으며,
실손보험, 자동차보험 등은 협회사이트(보험다모아)를 연결하여 제공하고 있습니다.
(다만 본 사이트의 금융상품 정보는 매월 20일 정기적으로 공시하고 있으며, 최신정보 제공을 위해 노력하고 있으나 금융상품의 금리 등 거래조건이 수시로 변경될 수 있으므로 거래전 반드시 해당 금융회사에 문의 후 구입을 결정하시기 바랍니다.)
* 홈페이지 주소 :
http://finlife.fss.or.kr",https://www.fss.or.kr/fss/bbs/B0000172/view.do?nttId=49730&menuNo=200202&viewType=&searchCnd=22&searchWrd=&pageIndex=1,https://www.fss.or.kr/fss/bbs/B0000172/list.do?menuNo=200202&bbsId=&cl1Cd=&cl2Cd=&cl3Cd=&pageIndex=1&paramDeptname=&viewType=&selectDeptname=&searchCnd=22&searchWrd=,8
「보이는 ARS」는 어떻게 이용할 수 있나요?,"금융감독원은
금감원 콜센터(☎1332)의 음성
ARS
안내
내용
을
스
마트폰
화면
을
통해
한 번에 확
인
할
수 있는
｢
보이는 1332｣ 서
비스
를
시
행중에 있습니다. 동 서비스 이용방법은 첨부파일을 참고하여 주시기 바랍니다.",https://www.fss.or.kr/fss/bbs/B0000172/view.do?nttId=49729&menuNo=200202&viewType=&searchCnd=22&searchWrd=&pageIndex=1,https://www.fss.or.kr/fss/bbs/B0000172/list.do?menuNo=200202&bbsId=&cl1Cd=&cl2Cd=&cl3Cd=&pageIndex=1&paramDeptname=&viewType=&selectDeptname=&searchCnd=22&searchWrd=,8
대차료 지급기준 참고(예시),"자동차보험 대차료 지급기준 개선
*
내용을 반영한 FAQ를 게시하오니 참고하시기 바랍니다.
* '22.9.29. 금융감독원 보도자료 ""현행 내연기관 중심의 자동차보험 대차료 지급기준을 친환경차 보급 확대 등 환경변화에 맞게 개선합니다
(
'22.10.11.부터 시행예정
)
""
참조",https://www.fss.or.kr/fss/bbs/B0000172/view.do?nttId=49737&menuNo=200202&viewType=&searchCnd=22&searchWrd=&pageIndex=1,https://www.fss.or.kr/fss/bbs/B0000172/list.do?menuNo=200202&bbsId=&cl1Cd=&cl2Cd=&cl3Cd=&pageIndex=1&paramDeptname=&viewType=&selectDeptname=&searchCnd=22&searchWrd=,9
소비자보호실태평가 결과는 어디서 확인할 수 있나요?,"소비자보호실태평가 결과는 금융감독원 홈페이지
(www.fss.or.kr
)
또는 개별 금융기관 및 협회 홈페이지
*
등을 통해 확인하실 수 있습니다.
※ 금융 권역별 협회 홈페이지 목록
은      행 : 전국은행연합회(www.kfb.or.kr)
생명보험 : 생명보험협회(www.klia.or.kr)
손해보험 : 손해보험협회(www.knia.or.kr)
카      드 : 여신금융협회(www.crefia.or.kr)
저축은행 : 저축은행중앙회(www.fsb.or.kr)
금융투자 : 금융투자협회(www.kofia.or.kr)",https://www.fss.or.kr/fss/bbs/B0000172/view.do?nttId=49736&menuNo=200202&viewType=&searchCnd=22&searchWrd=&pageIndex=1,https://www.fss.or.kr/fss/bbs/B0000172/list.do?menuNo=200202&bbsId=&cl1Cd=&cl2Cd=&cl3Cd=&pageIndex=1&paramDeptname=&viewType=&selectDeptname=&searchCnd=22&searchWrd=,9
소비자보호실태평가의 평가방법이 궁금합니다.,"「금융소비자보호 모범규준」에 명기된 소비자보호 사항의 이행여부 점검을 위해 계량 5개, 비계량 5개 등 총 10개 부문으로 구성하여 각 부문별로 평가하고 있습니다.
자세한 내용은 첨부파일을 참고해주시길 바랍니다.",https://www.fss.or.kr/fss/bbs/B0000172/view.do?nttId=49735&menuNo=200202&viewType=&searchCnd=22&searchWrd=&pageIndex=1,https://www.fss.or.kr/fss/bbs/B0000172/list.do?menuNo=200202&bbsId=&cl1Cd=&cl2Cd=&cl3Cd=&pageIndex=1&paramDeptname=&viewType=&selectDeptname=&searchCnd=22&searchWrd=,9
소비자보호실태평가는 어떤 제도인가요?,"금융감독원은 금융회사의 민원예방 노력 유도 등을 위해 2002년부터 「민원발생평가제도」를 운영
*
해왔습니다.
* 금감원이 처리한 민원건수를 기초로 금융회사를 1∼5등급으로 평가하고 대외에 공표(’14년은 81개사 평가)
그러나 민원건수 위주의 평가만으로는 금융회사의 소비자보호 수준을 평가하고, 금융회사의 자율적 개선노력을 유도하는데 한계가 있어 제도 개선의 필요성이 지속적으로 제기되어 왔습니다.
이에 따라 기존 민원발생평가제도를 대신하여 금융회사의 다양한 소비자보호 활동을 종합적으로 평가할 수 있는 「금융소비자보호 실태평가제도」를 도입·시행
('16.4월 시행)
하게 되었습니다.
소비자보호실태평가제도는
금융소비자에게는 거래 금융회사 선택에 필요한 유용한 정보를 제공하는 한편, 금융회사에게는 소비자보호 중심의 경영문화 확산을 유도하는데 중점을 두고 있습니다.",https://www.fss.or.kr/fss/bbs/B0000172/view.do?nttId=49734&menuNo=200202&viewType=&searchCnd=22&searchWrd=&pageIndex=1,https://www.fss.or.kr/fss/bbs/B0000172/list.do?menuNo=200202&bbsId=&cl1Cd=&cl2Cd=&cl3Cd=&pageIndex=1&paramDeptname=&viewType=&selectDeptname=&searchCnd=22&searchWrd=,9
금융감독원의 민원대상 금융회사가 궁금합니다.,"금융감독원은 은행, 금융투자업자, 보험회사, 여신전문금융회사, 상호저축은행 등 금융기관에 대한 민원을 처리하고 있습니다.
금융감독원의 민원대상 금융기관 조회방법은 다음과 같습니다.
1. 금융감독원 홈페이지 → e-금융민원센터 → 민원안내 → 금융민원신청 안내 → 유의사항
2.
http://www.fcsc.kr/D/fu_d_01_02.jsp
→  유의사항
참고로, 금융감독원의 민원대상 금융기관이 아닌 경우 타 부처 등으로 민원이 이송될 수 있음을 알려드립니다.",https://www.fss.or.kr/fss/bbs/B0000172/view.do?nttId=49733&menuNo=200202&viewType=&searchCnd=22&searchWrd=&pageIndex=1,https://www.fss.or.kr/fss/bbs/B0000172/list.do?menuNo=200202&bbsId=&cl1Cd=&cl2Cd=&cl3Cd=&pageIndex=1&paramDeptname=&viewType=&selectDeptname=&searchCnd=22&searchWrd=,9
내 금융계좌를 한번에 조회할 수 있는 사이트는 없나요?,"‘내 계좌 한눈에’ 서비스를 통하여 본인의 주요 금융계좌 정보를 한번에 조회할 수 있습니다!
금융소비자정보포털 ‘파인’(fine.fss.or.kr) 또는 ’내 계좌 한눈에‘ 홈페이지 (
www.accountinfo.or.kr)
를
통해 9시부터 22시까지 이용가능하며(연중무휴), 은행·상호금융
계좌, 보험 계약, 대부업체를 제외한 제도권 금융회사의 대출정보를 일괄조회 할 수 있습니다.",https://www.fss.or.kr/fss/bbs/B0000172/view.do?nttId=49732&menuNo=200202&viewType=&searchCnd=22&searchWrd=&pageIndex=1,https://www.fss.or.kr/fss/bbs/B0000172/list.do?menuNo=200202&bbsId=&cl1Cd=&cl2Cd=&cl3Cd=&pageIndex=1&paramDeptname=&viewType=&selectDeptname=&searchCnd=22&searchWrd=,9
어려운 금융용어 등을 쉽게 찾아볼 수 있는 사이트는 없나요?,"금융감독원은 금융소비자의 전문적인 금융용어에 대한 이해도를 제고하기 위해 관련 제도의 배경, 이슈 등을 종합적으로 반영해 작성한 ‘
금융용어사전
’을 오픈하였습니다.
‘금융용어사전’에는 핀테크 발달을 반영한 인터넷 전문은행, P2P(Peer to Peer) 대출, 로보어드바이저, 크라우드펀딩 등 전문 용어를 비롯한 533개 용어를 상세히 설명하고 있습니다.
금융감독원 홈페이지 및 ‘파인(FINE:fine.fss.or.kr)'의 금융용어사전’ 코너에서 찾아보실 수
있으며, 알고 싶은 용어명을 정확히 입력하지 않더라고 일부 단어만으로도 검색이 가능합니다.",https://www.fss.or.kr/fss/bbs/B0000172/view.do?nttId=49731&menuNo=200202&viewType=&searchCnd=22&searchWrd=&pageIndex=1,https://www.fss.or.kr/fss/bbs/B0000172/list.do?menuNo=200202&bbsId=&cl1Cd=&cl2Cd=&cl3Cd=&pageIndex=1&paramDeptname=&viewType=&selectDeptname=&searchCnd=22&searchWrd=,9
정기예금 및 적금 금리를 한눈에 비교해 볼 수 있는 곳은 없나요?,"금융감독원은 소비자의 금융상품 선택에 실질적인 도움이 될 수 있도록,
금융상품 통합 비교공시시스템 ‘금융상품한눈에’
를 오픈하였습니다.
예·적금, 대출 등 금융상품을 통합 비교공시하고 있으며,
실손보험, 자동차보험 등은 협회사이트(보험다모아)를 연결하여 제공하고 있습니다.
(다만 본 사이트의 금융상품 정보는 매월 20일 정기적으로 공시하고 있으며, 최신정보 제공을 위해 노력하고 있으나 금융상품의 금리 등 거래조건이 수시로 변경될 수 있으므로 거래전 반드시 해당 금융회사에 문의 후 구입을 결정하시기 바랍니다.)
* 홈페이지 주소 :
http://finlife.fss.or.kr",https://www.fss.or.kr/fss/bbs/B0000172/view.do?nttId=49730&menuNo=200202&viewType=&searchCnd=22&searchWrd=&pageIndex=1,https://www.fss.or.kr/fss/bbs/B0000172/list.do?menuNo=200202&bbsId=&cl1Cd=&cl2Cd=&cl3Cd=&pageIndex=1&paramDeptname=&viewType=&selectDeptname=&searchCnd=22&searchWrd=,9
「보이는 ARS」는 어떻게 이용할 수 있나요?,"금융감독원은
금감원 콜센터(☎1332)의 음성
ARS
안내
내용
을
스
마트폰
화면
을
통해
한 번에 확
인
할
수 있는
｢
보이는 1332｣ 서
비스
를
시
행중에 있습니다. 동 서비스 이용방법은 첨부파일을 참고하여 주시기 바랍니다.",https://www.fss.or.kr/fss/bbs/B0000172/view.do?nttId=49729&menuNo=200202&viewType=&searchCnd=22&searchWrd=&pageIndex=1,https://www.fss.or.kr/fss/bbs/B0000172/list.do?menuNo=200202&bbsId=&cl1Cd=&cl2Cd=&cl3Cd=&pageIndex=1&paramDeptname=&viewType=&selectDeptname=&searchCnd=22&searchWrd=,9
대차료 지급기준 참고(예시),"자동차보험 대차료 지급기준 개선
*
내용을 반영한 FAQ를 게시하오니 참고하시기 바랍니다.
* '22.9.29. 금융감독원 보도자료 ""현행 내연기관 중심의 자동차보험 대차료 지급기준을 친환경차 보급 확대 등 환경변화에 맞게 개선합니다
(
'22.10.11.부터 시행예정
)
""
참조",https://www.fss.or.kr/fss/bbs/B0000172/view.do?nttId=49737&menuNo=200202&viewType=&searchCnd=22&searchWrd=&pageIndex=1,https://www.fss.or.kr/fss/bbs/B0000172/list.do?menuNo=200202&bbsId=&cl1Cd=&cl2Cd=&cl3Cd=&pageIndex=1&paramDeptname=&viewType=&selectDeptname=&searchCnd=22&searchWrd=,10
소비자보호실태평가 결과는 어디서 확인할 수 있나요?,"소비자보호실태평가 결과는 금융감독원 홈페이지
(www.fss.or.kr
)
또는 개별 금융기관 및 협회 홈페이지
*
등을 통해 확인하실 수 있습니다.
※ 금융 권역별 협회 홈페이지 목록
은      행 : 전국은행연합회(www.kfb.or.kr)
생명보험 : 생명보험협회(www.klia.or.kr)
손해보험 : 손해보험협회(www.knia.or.kr)
카      드 : 여신금융협회(www.crefia.or.kr)
저축은행 : 저축은행중앙회(www.fsb.or.kr)
금융투자 : 금융투자협회(www.kofia.or.kr)",https://www.fss.or.kr/fss/bbs/B0000172/view.do?nttId=49736&menuNo=200202&viewType=&searchCnd=22&searchWrd=&pageIndex=1,https://www.fss.or.kr/fss/bbs/B0000172/list.do?menuNo=200202&bbsId=&cl1Cd=&cl2Cd=&cl3Cd=&pageIndex=1&paramDeptname=&viewType=&selectDeptname=&searchCnd=22&searchWrd=,10
소비자보호실태평가의 평가방법이 궁금합니다.,"「금융소비자보호 모범규준」에 명기된 소비자보호 사항의 이행여부 점검을 위해 계량 5개, 비계량 5개 등 총 10개 부문으로 구성하여 각 부문별로 평가하고 있습니다.
자세한 내용은 첨부파일을 참고해주시길 바랍니다.",https://www.fss.or.kr/fss/bbs/B0000172/view.do?nttId=49735&menuNo=200202&viewType=&searchCnd=22&searchWrd=&pageIndex=1,https://www.fss.or.kr/fss/bbs/B0000172/list.do?menuNo=200202&bbsId=&cl1Cd=&cl2Cd=&cl3Cd=&pageIndex=1&paramDeptname=&viewType=&selectDeptname=&searchCnd=22&searchWrd=,10
소비자보호실태평가는 어떤 제도인가요?,"금융감독원은 금융회사의 민원예방 노력 유도 등을 위해 2002년부터 「민원발생평가제도」를 운영
*
해왔습니다.
* 금감원이 처리한 민원건수를 기초로 금융회사를 1∼5등급으로 평가하고 대외에 공표(’14년은 81개사 평가)
그러나 민원건수 위주의 평가만으로는 금융회사의 소비자보호 수준을 평가하고, 금융회사의 자율적 개선노력을 유도하는데 한계가 있어 제도 개선의 필요성이 지속적으로 제기되어 왔습니다.
이에 따라 기존 민원발생평가제도를 대신하여 금융회사의 다양한 소비자보호 활동을 종합적으로 평가할 수 있는 「금융소비자보호 실태평가제도」를 도입·시행
('16.4월 시행)
하게 되었습니다.
소비자보호실태평가제도는
금융소비자에게는 거래 금융회사 선택에 필요한 유용한 정보를 제공하는 한편, 금융회사에게는 소비자보호 중심의 경영문화 확산을 유도하는데 중점을 두고 있습니다.",https://www.fss.or.kr/fss/bbs/B0000172/view.do?nttId=49734&menuNo=200202&viewType=&searchCnd=22&searchWrd=&pageIndex=1,https://www.fss.or.kr/fss/bbs/B0000172/list.do?menuNo=200202&bbsId=&cl1Cd=&cl2Cd=&cl3Cd=&pageIndex=1&paramDeptname=&viewType=&selectDeptname=&searchCnd=22&searchWrd=,10
금융감독원의 민원대상 금융회사가 궁금합니다.,"금융감독원은 은행, 금융투자업자, 보험회사, 여신전문금융회사, 상호저축은행 등 금융기관에 대한 민원을 처리하고 있습니다.
금융감독원의 민원대상 금융기관 조회방법은 다음과 같습니다.
1. 금융감독원 홈페이지 → e-금융민원센터 → 민원안내 → 금융민원신청 안내 → 유의사항
2.
http://www.fcsc.kr/D/fu_d_01_02.jsp
→  유의사항
참고로, 금융감독원의 민원대상 금융기관이 아닌 경우 타 부처 등으로 민원이 이송될 수 있음을 알려드립니다.",https://www.fss.or.kr/fss/bbs/B0000172/view.do?nttId=49733&menuNo=200202&viewType=&searchCnd=22&searchWrd=&pageIndex=1,https://www.fss.or.kr/fss/bbs/B0000172/list.do?menuNo=200202&bbsId=&cl1Cd=&cl2Cd=&cl3Cd=&pageIndex=1&paramDeptname=&viewType=&selectDeptname=&searchCnd=22&searchWrd=,10
내 금융계좌를 한번에 조회할 수 있는 사이트는 없나요?,"‘내 계좌 한눈에’ 서비스를 통하여 본인의 주요 금융계좌 정보를 한번에 조회할 수 있습니다!
금융소비자정보포털 ‘파인’(fine.fss.or.kr) 또는 ’내 계좌 한눈에‘ 홈페이지 (
www.accountinfo.or.kr)
를
통해 9시부터 22시까지 이용가능하며(연중무휴), 은행·상호금융
계좌, 보험 계약, 대부업체를 제외한 제도권 금융회사의 대출정보를 일괄조회 할 수 있습니다.",https://www.fss.or.kr/fss/bbs/B0000172/view.do?nttId=49732&menuNo=200202&viewType=&searchCnd=22&searchWrd=&pageIndex=1,https://www.fss.or.kr/fss/bbs/B0000172/list.do?menuNo=200202&bbsId=&cl1Cd=&cl2Cd=&cl3Cd=&pageIndex=1&paramDeptname=&viewType=&selectDeptname=&searchCnd=22&searchWrd=,10
어려운 금융용어 등을 쉽게 찾아볼 수 있는 사이트는 없나요?,"금융감독원은 금융소비자의 전문적인 금융용어에 대한 이해도를 제고하기 위해 관련 제도의 배경, 이슈 등을 종합적으로 반영해 작성한 ‘
금융용어사전
’을 오픈하였습니다.
‘금융용어사전’에는 핀테크 발달을 반영한 인터넷 전문은행, P2P(Peer to Peer) 대출, 로보어드바이저, 크라우드펀딩 등 전문 용어를 비롯한 533개 용어를 상세히 설명하고 있습니다.
금융감독원 홈페이지 및 ‘파인(FINE:fine.fss.or.kr)'의 금융용어사전’ 코너에서 찾아보실 수
있으며, 알고 싶은 용어명을 정확히 입력하지 않더라고 일부 단어만으로도 검색이 가능합니다.",https://www.fss.or.kr/fss/bbs/B0000172/view.do?nttId=49731&menuNo=200202&viewType=&searchCnd=22&searchWrd=&pageIndex=1,https://www.fss.or.kr/fss/bbs/B0000172/list.do?menuNo=200202&bbsId=&cl1Cd=&cl2Cd=&cl3Cd=&pageIndex=1&paramDeptname=&viewType=&selectDeptname=&searchCnd=22&searchWrd=,10
정기예금 및 적금 금리를 한눈에 비교해 볼 수 있는 곳은 없나요?,"금융감독원은 소비자의 금융상품 선택에 실질적인 도움이 될 수 있도록,
금융상품 통합 비교공시시스템 ‘금융상품한눈에’
를 오픈하였습니다.
예·적금, 대출 등 금융상품을 통합 비교공시하고 있으며,
실손보험, 자동차보험 등은 협회사이트(보험다모아)를 연결하여 제공하고 있습니다.
(다만 본 사이트의 금융상품 정보는 매월 20일 정기적으로 공시하고 있으며, 최신정보 제공을 위해 노력하고 있으나 금융상품의 금리 등 거래조건이 수시로 변경될 수 있으므로 거래전 반드시 해당 금융회사에 문의 후 구입을 결정하시기 바랍니다.)
* 홈페이지 주소 :
http://finlife.fss.or.kr",https://www.fss.or.kr/fss/bbs/B0000172/view.do?nttId=49730&menuNo=200202&viewType=&searchCnd=22&searchWrd=&pageIndex=1,https://www.fss.or.kr/fss/bbs/B0000172/list.do?menuNo=200202&bbsId=&cl1Cd=&cl2Cd=&cl3Cd=&pageIndex=1&paramDeptname=&viewType=&selectDeptname=&searchCnd=22&searchWrd=,10
「보이는 ARS」는 어떻게 이용할 수 있나요?,"금융감독원은
금감원 콜센터(☎1332)의 음성
ARS
안내
내용
을
스
마트폰
화면
을
통해
한 번에 확
인
할
수 있는
｢
보이는 1332｣ 서
비스
를
시
행중에 있습니다. 동 서비스 이용방법은 첨부파일을 참고하여 주시기 바랍니다.",https://www.fss.or.kr/fss/bbs/B0000172/view.do?nttId=49729&menuNo=200202&viewType=&searchCnd=22&searchWrd=&pageIndex=1,https://www.fss.or.kr/fss/bbs/B0000172/list.do?menuNo=200202&bbsId=&cl1Cd=&cl2Cd=&cl3Cd=&pageIndex=1&paramDeptname=&viewType=&selectDeptname=&searchCnd=22&searchWrd=,10
대차료 지급기준 참고(예시),"자동차보험 대차료 지급기준 개선
*
내용을 반영한 FAQ를 게시하오니 참고하시기 바랍니다.
* '22.9.29. 금융감독원 보도자료 ""현행 내연기관 중심의 자동차보험 대차료 지급기준을 친환경차 보급 확대 등 환경변화에 맞게 개선합니다
(
'22.10.11.부터 시행예정
)
""
참조",https://www.fss.or.kr/fss/bbs/B0000172/view.do?nttId=49737&menuNo=200202&viewType=&searchCnd=22&searchWrd=&pageIndex=1,https://www.fss.or.kr/fss/bbs/B0000172/list.do?menuNo=200202&bbsId=&cl1Cd=&cl2Cd=&cl3Cd=&pageIndex=1&paramDeptname=&viewType=&selectDeptname=&searchCnd=22&searchWrd=,11
소비자보호실태평가 결과는 어디서 확인할 수 있나요?,"소비자보호실태평가 결과는 금융감독원 홈페이지
(www.fss.or.kr
)
또는 개별 금융기관 및 협회 홈페이지
*
등을 통해 확인하실 수 있습니다.
※ 금융 권역별 협회 홈페이지 목록
은      행 : 전국은행연합회(www.kfb.or.kr)
생명보험 : 생명보험협회(www.klia.or.kr)
손해보험 : 손해보험협회(www.knia.or.kr)
카      드 : 여신금융협회(www.crefia.or.kr)
저축은행 : 저축은행중앙회(www.fsb.or.kr)
금융투자 : 금융투자협회(www.kofia.or.kr)",https://www.fss.or.kr/fss/bbs/B0000172/view.do?nttId=49736&menuNo=200202&viewType=&searchCnd=22&searchWrd=&pageIndex=1,https://www.fss.or.kr/fss/bbs/B0000172/list.do?menuNo=200202&bbsId=&cl1Cd=&cl2Cd=&cl3Cd=&pageIndex=1&paramDeptname=&viewType=&selectDeptname=&searchCnd=22&searchWrd=,11
소비자보호실태평가의 평가방법이 궁금합니다.,"「금융소비자보호 모범규준」에 명기된 소비자보호 사항의 이행여부 점검을 위해 계량 5개, 비계량 5개 등 총 10개 부문으로 구성하여 각 부문별로 평가하고 있습니다.
자세한 내용은 첨부파일을 참고해주시길 바랍니다.",https://www.fss.or.kr/fss/bbs/B0000172/view.do?nttId=49735&menuNo=200202&viewType=&searchCnd=22&searchWrd=&pageIndex=1,https://www.fss.or.kr/fss/bbs/B0000172/list.do?menuNo=200202&bbsId=&cl1Cd=&cl2Cd=&cl3Cd=&pageIndex=1&paramDeptname=&viewType=&selectDeptname=&searchCnd=22&searchWrd=,11
소비자보호실태평가는 어떤 제도인가요?,"금융감독원은 금융회사의 민원예방 노력 유도 등을 위해 2002년부터 「민원발생평가제도」를 운영
*
해왔습니다.
* 금감원이 처리한 민원건수를 기초로 금융회사를 1∼5등급으로 평가하고 대외에 공표(’14년은 81개사 평가)
그러나 민원건수 위주의 평가만으로는 금융회사의 소비자보호 수준을 평가하고, 금융회사의 자율적 개선노력을 유도하는데 한계가 있어 제도 개선의 필요성이 지속적으로 제기되어 왔습니다.
이에 따라 기존 민원발생평가제도를 대신하여 금융회사의 다양한 소비자보호 활동을 종합적으로 평가할 수 있는 「금융소비자보호 실태평가제도」를 도입·시행
('16.4월 시행)
하게 되었습니다.
소비자보호실태평가제도는
금융소비자에게는 거래 금융회사 선택에 필요한 유용한 정보를 제공하는 한편, 금융회사에게는 소비자보호 중심의 경영문화 확산을 유도하는데 중점을 두고 있습니다.",https://www.fss.or.kr/fss/bbs/B0000172/view.do?nttId=49734&menuNo=200202&viewType=&searchCnd=22&searchWrd=&pageIndex=1,https://www.fss.or.kr/fss/bbs/B0000172/list.do?menuNo=200202&bbsId=&cl1Cd=&cl2Cd=&cl3Cd=&pageIndex=1&paramDeptname=&viewType=&selectDeptname=&searchCnd=22&searchWrd=,11
금융감독원의 민원대상 금융회사가 궁금합니다.,"금융감독원은 은행, 금융투자업자, 보험회사, 여신전문금융회사, 상호저축은행 등 금융기관에 대한 민원을 처리하고 있습니다.
금융감독원의 민원대상 금융기관 조회방법은 다음과 같습니다.
1. 금융감독원 홈페이지 → e-금융민원센터 → 민원안내 → 금융민원신청 안내 → 유의사항
2.
http://www.fcsc.kr/D/fu_d_01_02.jsp
→  유의사항
참고로, 금융감독원의 민원대상 금융기관이 아닌 경우 타 부처 등으로 민원이 이송될 수 있음을 알려드립니다.",https://www.fss.or.kr/fss/bbs/B0000172/view.do?nttId=49733&menuNo=200202&viewType=&searchCnd=22&searchWrd=&pageIndex=1,https://www.fss.or.kr/fss/bbs/B0000172/list.do?menuNo=200202&bbsId=&cl1Cd=&cl2Cd=&cl3Cd=&pageIndex=1&paramDeptname=&viewType=&selectDeptname=&searchCnd=22&searchWrd=,11
내 금융계좌를 한번에 조회할 수 있는 사이트는 없나요?,"‘내 계좌 한눈에’ 서비스를 통하여 본인의 주요 금융계좌 정보를 한번에 조회할 수 있습니다!
금융소비자정보포털 ‘파인’(fine.fss.or.kr) 또는 ’내 계좌 한눈에‘ 홈페이지 (
www.accountinfo.or.kr)
를
통해 9시부터 22시까지 이용가능하며(연중무휴), 은행·상호금융
계좌, 보험 계약, 대부업체를 제외한 제도권 금융회사의 대출정보를 일괄조회 할 수 있습니다.",https://www.fss.or.kr/fss/bbs/B0000172/view.do?nttId=49732&menuNo=200202&viewType=&searchCnd=22&searchWrd=&pageIndex=1,https://www.fss.or.kr/fss/bbs/B0000172/list.do?menuNo=200202&bbsId=&cl1Cd=&cl2Cd=&cl3Cd=&pageIndex=1&paramDeptname=&viewType=&selectDeptname=&searchCnd=22&searchWrd=,11
어려운 금융용어 등을 쉽게 찾아볼 수 있는 사이트는 없나요?,"금융감독원은 금융소비자의 전문적인 금융용어에 대한 이해도를 제고하기 위해 관련 제도의 배경, 이슈 등을 종합적으로 반영해 작성한 ‘
금융용어사전
’을 오픈하였습니다.
‘금융용어사전’에는 핀테크 발달을 반영한 인터넷 전문은행, P2P(Peer to Peer) 대출, 로보어드바이저, 크라우드펀딩 등 전문 용어를 비롯한 533개 용어를 상세히 설명하고 있습니다.
금융감독원 홈페이지 및 ‘파인(FINE:fine.fss.or.kr)'의 금융용어사전’ 코너에서 찾아보실 수
있으며, 알고 싶은 용어명을 정확히 입력하지 않더라고 일부 단어만으로도 검색이 가능합니다.",https://www.fss.or.kr/fss/bbs/B0000172/view.do?nttId=49731&menuNo=200202&viewType=&searchCnd=22&searchWrd=&pageIndex=1,https://www.fss.or.kr/fss/bbs/B0000172/list.do?menuNo=200202&bbsId=&cl1Cd=&cl2Cd=&cl3Cd=&pageIndex=1&paramDeptname=&viewType=&selectDeptname=&searchCnd=22&searchWrd=,11
정기예금 및 적금 금리를 한눈에 비교해 볼 수 있는 곳은 없나요?,"금융감독원은 소비자의 금융상품 선택에 실질적인 도움이 될 수 있도록,
금융상품 통합 비교공시시스템 ‘금융상품한눈에’
를 오픈하였습니다.
예·적금, 대출 등 금융상품을 통합 비교공시하고 있으며,
실손보험, 자동차보험 등은 협회사이트(보험다모아)를 연결하여 제공하고 있습니다.
(다만 본 사이트의 금융상품 정보는 매월 20일 정기적으로 공시하고 있으며, 최신정보 제공을 위해 노력하고 있으나 금융상품의 금리 등 거래조건이 수시로 변경될 수 있으므로 거래전 반드시 해당 금융회사에 문의 후 구입을 결정하시기 바랍니다.)
* 홈페이지 주소 :
http://finlife.fss.or.kr",https://www.fss.or.kr/fss/bbs/B0000172/view.do?nttId=49730&menuNo=200202&viewType=&searchCnd=22&searchWrd=&pageIndex=1,https://www.fss.or.kr/fss/bbs/B0000172/list.do?menuNo=200202&bbsId=&cl1Cd=&cl2Cd=&cl3Cd=&pageIndex=1&paramDeptname=&viewType=&selectDeptname=&searchCnd=22&searchWrd=,11
「보이는 ARS」는 어떻게 이용할 수 있나요?,"금융감독원은
금감원 콜센터(☎1332)의 음성
ARS
안내
내용
을
스
마트폰
화면
을
통해
한 번에 확
인
할
수 있는
｢
보이는 1332｣ 서
비스
를
시
행중에 있습니다. 동 서비스 이용방법은 첨부파일을 참고하여 주시기 바랍니다.",https://www.fss.or.kr/fss/bbs/B0000172/view.do?nttId=49729&menuNo=200202&viewType=&searchCnd=22&searchWrd=&pageIndex=1,https://www.fss.or.kr/fss/bbs/B0000172/list.do?menuNo=200202&bbsId=&cl1Cd=&cl2Cd=&cl3Cd=&pageIndex=1&paramDeptname=&viewType=&selectDeptname=&searchCnd=22&searchWrd=,11
대차료 지급기준 참고(예시),"자동차보험 대차료 지급기준 개선
*
내용을 반영한 FAQ를 게시하오니 참고하시기 바랍니다.
* '22.9.29. 금융감독원 보도자료 ""현행 내연기관 중심의 자동차보험 대차료 지급기준을 친환경차 보급 확대 등 환경변화에 맞게 개선합니다
(
'22.10.11.부터 시행예정
)
""
참조",https://www.fss.or.kr/fss/bbs/B0000172/view.do?nttId=49737&menuNo=200202&viewType=&searchCnd=22&searchWrd=&pageIndex=1,https://www.fss.or.kr/fss/bbs/B0000172/list.do?menuNo=200202&bbsId=&cl1Cd=&cl2Cd=&cl3Cd=&pageIndex=1&paramDeptname=&viewType=&selectDeptname=&searchCnd=22&searchWrd=,12
소비자보호실태평가 결과는 어디서 확인할 수 있나요?,"소비자보호실태평가 결과는 금융감독원 홈페이지
(www.fss.or.kr
)
또는 개별 금융기관 및 협회 홈페이지
*
등을 통해 확인하실 수 있습니다.
※ 금융 권역별 협회 홈페이지 목록
은      행 : 전국은행연합회(www.kfb.or.kr)
생명보험 : 생명보험협회(www.klia.or.kr)
손해보험 : 손해보험협회(www.knia.or.kr)
카      드 : 여신금융협회(www.crefia.or.kr)
저축은행 : 저축은행중앙회(www.fsb.or.kr)
금융투자 : 금융투자협회(www.kofia.or.kr)",https://www.fss.or.kr/fss/bbs/B0000172/view.do?nttId=49736&menuNo=200202&viewType=&searchCnd=22&searchWrd=&pageIndex=1,https://www.fss.or.kr/fss/bbs/B0000172/list.do?menuNo=200202&bbsId=&cl1Cd=&cl2Cd=&cl3Cd=&pageIndex=1&paramDeptname=&viewType=&selectDeptname=&searchCnd=22&searchWrd=,12
소비자보호실태평가의 평가방법이 궁금합니다.,"「금융소비자보호 모범규준」에 명기된 소비자보호 사항의 이행여부 점검을 위해 계량 5개, 비계량 5개 등 총 10개 부문으로 구성하여 각 부문별로 평가하고 있습니다.
자세한 내용은 첨부파일을 참고해주시길 바랍니다.",https://www.fss.or.kr/fss/bbs/B0000172/view.do?nttId=49735&menuNo=200202&viewType=&searchCnd=22&searchWrd=&pageIndex=1,https://www.fss.or.kr/fss/bbs/B0000172/list.do?menuNo=200202&bbsId=&cl1Cd=&cl2Cd=&cl3Cd=&pageIndex=1&paramDeptname=&viewType=&selectDeptname=&searchCnd=22&searchWrd=,12
소비자보호실태평가는 어떤 제도인가요?,"금융감독원은 금융회사의 민원예방 노력 유도 등을 위해 2002년부터 「민원발생평가제도」를 운영
*
해왔습니다.
* 금감원이 처리한 민원건수를 기초로 금융회사를 1∼5등급으로 평가하고 대외에 공표(’14년은 81개사 평가)
그러나 민원건수 위주의 평가만으로는 금융회사의 소비자보호 수준을 평가하고, 금융회사의 자율적 개선노력을 유도하는데 한계가 있어 제도 개선의 필요성이 지속적으로 제기되어 왔습니다.
이에 따라 기존 민원발생평가제도를 대신하여 금융회사의 다양한 소비자보호 활동을 종합적으로 평가할 수 있는 「금융소비자보호 실태평가제도」를 도입·시행
('16.4월 시행)
하게 되었습니다.
소비자보호실태평가제도는
금융소비자에게는 거래 금융회사 선택에 필요한 유용한 정보를 제공하는 한편, 금융회사에게는 소비자보호 중심의 경영문화 확산을 유도하는데 중점을 두고 있습니다.",https://www.fss.or.kr/fss/bbs/B0000172/view.do?nttId=49734&menuNo=200202&viewType=&searchCnd=22&searchWrd=&pageIndex=1,https://www.fss.or.kr/fss/bbs/B0000172/list.do?menuNo=200202&bbsId=&cl1Cd=&cl2Cd=&cl3Cd=&pageIndex=1&paramDeptname=&viewType=&selectDeptname=&searchCnd=22&searchWrd=,12
금융감독원의 민원대상 금융회사가 궁금합니다.,"금융감독원은 은행, 금융투자업자, 보험회사, 여신전문금융회사, 상호저축은행 등 금융기관에 대한 민원을 처리하고 있습니다.
금융감독원의 민원대상 금융기관 조회방법은 다음과 같습니다.
1. 금융감독원 홈페이지 → e-금융민원센터 → 민원안내 → 금융민원신청 안내 → 유의사항
2.
http://www.fcsc.kr/D/fu_d_01_02.jsp
→  유의사항
참고로, 금융감독원의 민원대상 금융기관이 아닌 경우 타 부처 등으로 민원이 이송될 수 있음을 알려드립니다.",https://www.fss.or.kr/fss/bbs/B0000172/view.do?nttId=49733&menuNo=200202&viewType=&searchCnd=22&searchWrd=&pageIndex=1,https://www.fss.or.kr/fss/bbs/B0000172/list.do?menuNo=200202&bbsId=&cl1Cd=&cl2Cd=&cl3Cd=&pageIndex=1&paramDeptname=&viewType=&selectDeptname=&searchCnd=22&searchWrd=,12
내 금융계좌를 한번에 조회할 수 있는 사이트는 없나요?,"‘내 계좌 한눈에’ 서비스를 통하여 본인의 주요 금융계좌 정보를 한번에 조회할 수 있습니다!
금융소비자정보포털 ‘파인’(fine.fss.or.kr) 또는 ’내 계좌 한눈에‘ 홈페이지 (
www.accountinfo.or.kr)
를
통해 9시부터 22시까지 이용가능하며(연중무휴), 은행·상호금융
계좌, 보험 계약, 대부업체를 제외한 제도권 금융회사의 대출정보를 일괄조회 할 수 있습니다.",https://www.fss.or.kr/fss/bbs/B0000172/view.do?nttId=49732&menuNo=200202&viewType=&searchCnd=22&searchWrd=&pageIndex=1,https://www.fss.or.kr/fss/bbs/B0000172/list.do?menuNo=200202&bbsId=&cl1Cd=&cl2Cd=&cl3Cd=&pageIndex=1&paramDeptname=&viewType=&selectDeptname=&searchCnd=22&searchWrd=,12
어려운 금융용어 등을 쉽게 찾아볼 수 있는 사이트는 없나요?,"금융감독원은 금융소비자의 전문적인 금융용어에 대한 이해도를 제고하기 위해 관련 제도의 배경, 이슈 등을 종합적으로 반영해 작성한 ‘
금융용어사전
’을 오픈하였습니다.
‘금융용어사전’에는 핀테크 발달을 반영한 인터넷 전문은행, P2P(Peer to Peer) 대출, 로보어드바이저, 크라우드펀딩 등 전문 용어를 비롯한 533개 용어를 상세히 설명하고 있습니다.
금융감독원 홈페이지 및 ‘파인(FINE:fine.fss.or.kr)'의 금융용어사전’ 코너에서 찾아보실 수
있으며, 알고 싶은 용어명을 정확히 입력하지 않더라고 일부 단어만으로도 검색이 가능합니다.",https://www.fss.or.kr/fss/bbs/B0000172/view.do?nttId=49731&menuNo=200202&viewType=&searchCnd=22&searchWrd=&pageIndex=1,https://www.fss.or.kr/fss/bbs/B0000172/list.do?menuNo=200202&bbsId=&cl1Cd=&cl2Cd=&cl3Cd=&pageIndex=1&paramDeptname=&viewType=&selectDeptname=&searchCnd=22&searchWrd=,12
정기예금 및 적금 금리를 한눈에 비교해 볼 수 있는 곳은 없나요?,"금융감독원은 소비자의 금융상품 선택에 실질적인 도움이 될 수 있도록,
금융상품 통합 비교공시시스템 ‘금융상품한눈에’
를 오픈하였습니다.
예·적금, 대출 등 금융상품을 통합 비교공시하고 있으며,
실손보험, 자동차보험 등은 협회사이트(보험다모아)를 연결하여 제공하고 있습니다.
(다만 본 사이트의 금융상품 정보는 매월 20일 정기적으로 공시하고 있으며, 최신정보 제공을 위해 노력하고 있으나 금융상품의 금리 등 거래조건이 수시로 변경될 수 있으므로 거래전 반드시 해당 금융회사에 문의 후 구입을 결정하시기 바랍니다.)
* 홈페이지 주소 :
http://finlife.fss.or.kr",https://www.fss.or.kr/fss/bbs/B0000172/view.do?nttId=49730&menuNo=200202&viewType=&searchCnd=22&searchWrd=&pageIndex=1,https://www.fss.or.kr/fss/bbs/B0000172/list.do?menuNo=200202&bbsId=&cl1Cd=&cl2Cd=&cl3Cd=&pageIndex=1&paramDeptname=&viewType=&selectDeptname=&searchCnd=22&searchWrd=,12
「보이는 ARS」는 어떻게 이용할 수 있나요?,"금융감독원은
금감원 콜센터(☎1332)의 음성
ARS
안내
내용
을
스
마트폰
화면
을
통해
한 번에 확
인
할
수 있는
｢
보이는 1332｣ 서
비스
를
시
행중에 있습니다. 동 서비스 이용방법은 첨부파일을 참고하여 주시기 바랍니다.",https://www.fss.or.kr/fss/bbs/B0000172/view.do?nttId=49729&menuNo=200202&viewType=&searchCnd=22&searchWrd=&pageIndex=1,https://www.fss.or.kr/fss/bbs/B0000172/list.do?menuNo=200202&bbsId=&cl1Cd=&cl2Cd=&cl3Cd=&pageIndex=1&paramDeptname=&viewType=&selectDeptname=&searchCnd=22&searchWrd=,12
대차료 지급기준 참고(예시),"자동차보험 대차료 지급기준 개선
*
내용을 반영한 FAQ를 게시하오니 참고하시기 바랍니다.
* '22.9.29. 금융감독원 보도자료 ""현행 내연기관 중심의 자동차보험 대차료 지급기준을 친환경차 보급 확대 등 환경변화에 맞게 개선합니다
(
'22.10.11.부터 시행예정
)
""
참조",https://www.fss.or.kr/fss/bbs/B0000172/view.do?nttId=49737&menuNo=200202&viewType=&searchCnd=22&searchWrd=&pageIndex=1,https://www.fss.or.kr/fss/bbs/B0000172/list.do?menuNo=200202&bbsId=&cl1Cd=&cl2Cd=&cl3Cd=&pageIndex=1&paramDeptname=&viewType=&selectDeptname=&searchCnd=22&searchWrd=,13
소비자보호실태평가 결과는 어디서 확인할 수 있나요?,"소비자보호실태평가 결과는 금융감독원 홈페이지
(www.fss.or.kr
)
또는 개별 금융기관 및 협회 홈페이지
*
등을 통해 확인하실 수 있습니다.
※ 금융 권역별 협회 홈페이지 목록
은      행 : 전국은행연합회(www.kfb.or.kr)
생명보험 : 생명보험협회(www.klia.or.kr)
손해보험 : 손해보험협회(www.knia.or.kr)
카      드 : 여신금융협회(www.crefia.or.kr)
저축은행 : 저축은행중앙회(www.fsb.or.kr)
금융투자 : 금융투자협회(www.kofia.or.kr)",https://www.fss.or.kr/fss/bbs/B0000172/view.do?nttId=49736&menuNo=200202&viewType=&searchCnd=22&searchWrd=&pageIndex=1,https://www.fss.or.kr/fss/bbs/B0000172/list.do?menuNo=200202&bbsId=&cl1Cd=&cl2Cd=&cl3Cd=&pageIndex=1&paramDeptname=&viewType=&selectDeptname=&searchCnd=22&searchWrd=,13
소비자보호실태평가의 평가방법이 궁금합니다.,"「금융소비자보호 모범규준」에 명기된 소비자보호 사항의 이행여부 점검을 위해 계량 5개, 비계량 5개 등 총 10개 부문으로 구성하여 각 부문별로 평가하고 있습니다.
자세한 내용은 첨부파일을 참고해주시길 바랍니다.",https://www.fss.or.kr/fss/bbs/B0000172/view.do?nttId=49735&menuNo=200202&viewType=&searchCnd=22&searchWrd=&pageIndex=1,https://www.fss.or.kr/fss/bbs/B0000172/list.do?menuNo=200202&bbsId=&cl1Cd=&cl2Cd=&cl3Cd=&pageIndex=1&paramDeptname=&viewType=&selectDeptname=&searchCnd=22&searchWrd=,13
소비자보호실태평가는 어떤 제도인가요?,"금융감독원은 금융회사의 민원예방 노력 유도 등을 위해 2002년부터 「민원발생평가제도」를 운영
*
해왔습니다.
* 금감원이 처리한 민원건수를 기초로 금융회사를 1∼5등급으로 평가하고 대외에 공표(’14년은 81개사 평가)
그러나 민원건수 위주의 평가만으로는 금융회사의 소비자보호 수준을 평가하고, 금융회사의 자율적 개선노력을 유도하는데 한계가 있어 제도 개선의 필요성이 지속적으로 제기되어 왔습니다.
이에 따라 기존 민원발생평가제도를 대신하여 금융회사의 다양한 소비자보호 활동을 종합적으로 평가할 수 있는 「금융소비자보호 실태평가제도」를 도입·시행
('16.4월 시행)
하게 되었습니다.
소비자보호실태평가제도는
금융소비자에게는 거래 금융회사 선택에 필요한 유용한 정보를 제공하는 한편, 금융회사에게는 소비자보호 중심의 경영문화 확산을 유도하는데 중점을 두고 있습니다.",https://www.fss.or.kr/fss/bbs/B0000172/view.do?nttId=49734&menuNo=200202&viewType=&searchCnd=22&searchWrd=&pageIndex=1,https://www.fss.or.kr/fss/bbs/B0000172/list.do?menuNo=200202&bbsId=&cl1Cd=&cl2Cd=&cl3Cd=&pageIndex=1&paramDeptname=&viewType=&selectDeptname=&searchCnd=22&searchWrd=,13
금융감독원의 민원대상 금융회사가 궁금합니다.,"금융감독원은 은행, 금융투자업자, 보험회사, 여신전문금융회사, 상호저축은행 등 금융기관에 대한 민원을 처리하고 있습니다.
금융감독원의 민원대상 금융기관 조회방법은 다음과 같습니다.
1. 금융감독원 홈페이지 → e-금융민원센터 → 민원안내 → 금융민원신청 안내 → 유의사항
2.
http://www.fcsc.kr/D/fu_d_01_02.jsp
→  유의사항
참고로, 금융감독원의 민원대상 금융기관이 아닌 경우 타 부처 등으로 민원이 이송될 수 있음을 알려드립니다.",https://www.fss.or.kr/fss/bbs/B0000172/view.do?nttId=49733&menuNo=200202&viewType=&searchCnd=22&searchWrd=&pageIndex=1,https://www.fss.or.kr/fss/bbs/B0000172/list.do?menuNo=200202&bbsId=&cl1Cd=&cl2Cd=&cl3Cd=&pageIndex=1&paramDeptname=&viewType=&selectDeptname=&searchCnd=22&searchWrd=,13
내 금융계좌를 한번에 조회할 수 있는 사이트는 없나요?,"‘내 계좌 한눈에’ 서비스를 통하여 본인의 주요 금융계좌 정보를 한번에 조회할 수 있습니다!
금융소비자정보포털 ‘파인’(fine.fss.or.kr) 또는 ’내 계좌 한눈에‘ 홈페이지 (
www.accountinfo.or.kr)
를
통해 9시부터 22시까지 이용가능하며(연중무휴), 은행·상호금융
계좌, 보험 계약, 대부업체를 제외한 제도권 금융회사의 대출정보를 일괄조회 할 수 있습니다.",https://www.fss.or.kr/fss/bbs/B0000172/view.do?nttId=49732&menuNo=200202&viewType=&searchCnd=22&searchWrd=&pageIndex=1,https://www.fss.or.kr/fss/bbs/B0000172/list.do?menuNo=200202&bbsId=&cl1Cd=&cl2Cd=&cl3Cd=&pageIndex=1&paramDeptname=&viewType=&selectDeptname=&searchCnd=22&searchWrd=,13
어려운 금융용어 등을 쉽게 찾아볼 수 있는 사이트는 없나요?,"금융감독원은 금융소비자의 전문적인 금융용어에 대한 이해도를 제고하기 위해 관련 제도의 배경, 이슈 등을 종합적으로 반영해 작성한 ‘
금융용어사전
’을 오픈하였습니다.
‘금융용어사전’에는 핀테크 발달을 반영한 인터넷 전문은행, P2P(Peer to Peer) 대출, 로보어드바이저, 크라우드펀딩 등 전문 용어를 비롯한 533개 용어를 상세히 설명하고 있습니다.
금융감독원 홈페이지 및 ‘파인(FINE:fine.fss.or.kr)'의 금융용어사전’ 코너에서 찾아보실 수
있으며, 알고 싶은 용어명을 정확히 입력하지 않더라고 일부 단어만으로도 검색이 가능합니다.",https://www.fss.or.kr/fss/bbs/B0000172/view.do?nttId=49731&menuNo=200202&viewType=&searchCnd=22&searchWrd=&pageIndex=1,https://www.fss.or.kr/fss/bbs/B0000172/list.do?menuNo=200202&bbsId=&cl1Cd=&cl2Cd=&cl3Cd=&pageIndex=1&paramDeptname=&viewType=&selectDeptname=&searchCnd=22&searchWrd=,13
정기예금 및 적금 금리를 한눈에 비교해 볼 수 있는 곳은 없나요?,"금융감독원은 소비자의 금융상품 선택에 실질적인 도움이 될 수 있도록,
금융상품 통합 비교공시시스템 ‘금융상품한눈에’
를 오픈하였습니다.
예·적금, 대출 등 금융상품을 통합 비교공시하고 있으며,
실손보험, 자동차보험 등은 협회사이트(보험다모아)를 연결하여 제공하고 있습니다.
(다만 본 사이트의 금융상품 정보는 매월 20일 정기적으로 공시하고 있으며, 최신정보 제공을 위해 노력하고 있으나 금융상품의 금리 등 거래조건이 수시로 변경될 수 있으므로 거래전 반드시 해당 금융회사에 문의 후 구입을 결정하시기 바랍니다.)
* 홈페이지 주소 :
http://finlife.fss.or.kr",https://www.fss.or.kr/fss/bbs/B0000172/view.do?nttId=49730&menuNo=200202&viewType=&searchCnd=22&searchWrd=&pageIndex=1,https://www.fss.or.kr/fss/bbs/B0000172/list.do?menuNo=200202&bbsId=&cl1Cd=&cl2Cd=&cl3Cd=&pageIndex=1&paramDeptname=&viewType=&selectDeptname=&searchCnd=22&searchWrd=,13
「보이는 ARS」는 어떻게 이용할 수 있나요?,"금융감독원은
금감원 콜센터(☎1332)의 음성
ARS
안내
내용
을
스
마트폰
화면
을
통해
한 번에 확
인
할
수 있는
｢
보이는 1332｣ 서
비스
를
시
행중에 있습니다. 동 서비스 이용방법은 첨부파일을 참고하여 주시기 바랍니다.",https://www.fss.or.kr/fss/bbs/B0000172/view.do?nttId=49729&menuNo=200202&viewType=&searchCnd=22&searchWrd=&pageIndex=1,https://www.fss.or.kr/fss/bbs/B0000172/list.do?menuNo=200202&bbsId=&cl1Cd=&cl2Cd=&cl3Cd=&pageIndex=1&paramDeptname=&viewType=&selectDeptname=&searchCnd=22&searchWrd=,13
대차료 지급기준 참고(예시),"자동차보험 대차료 지급기준 개선
*
내용을 반영한 FAQ를 게시하오니 참고하시기 바랍니다.
* '22.9.29. 금융감독원 보도자료 ""현행 내연기관 중심의 자동차보험 대차료 지급기준을 친환경차 보급 확대 등 환경변화에 맞게 개선합니다
(
'22.10.11.부터 시행예정
)
""
참조",https://www.fss.or.kr/fss/bbs/B0000172/view.do?nttId=49737&menuNo=200202&viewType=&searchCnd=22&searchWrd=&pageIndex=1,https://www.fss.or.kr/fss/bbs/B0000172/list.do?menuNo=200202&bbsId=&cl1Cd=&cl2Cd=&cl3Cd=&pageIndex=1&paramDeptname=&viewType=&selectDeptname=&searchCnd=22&searchWrd=,14
소비자보호실태평가 결과는 어디서 확인할 수 있나요?,"소비자보호실태평가 결과는 금융감독원 홈페이지
(www.fss.or.kr
)
또는 개별 금융기관 및 협회 홈페이지
*
등을 통해 확인하실 수 있습니다.
※ 금융 권역별 협회 홈페이지 목록
은      행 : 전국은행연합회(www.kfb.or.kr)
생명보험 : 생명보험협회(www.klia.or.kr)
손해보험 : 손해보험협회(www.knia.or.kr)
카      드 : 여신금융협회(www.crefia.or.kr)
저축은행 : 저축은행중앙회(www.fsb.or.kr)
금융투자 : 금융투자협회(www.kofia.or.kr)",https://www.fss.or.kr/fss/bbs/B0000172/view.do?nttId=49736&menuNo=200202&viewType=&searchCnd=22&searchWrd=&pageIndex=1,https://www.fss.or.kr/fss/bbs/B0000172/list.do?menuNo=200202&bbsId=&cl1Cd=&cl2Cd=&cl3Cd=&pageIndex=1&paramDeptname=&viewType=&selectDeptname=&searchCnd=22&searchWrd=,14
소비자보호실태평가의 평가방법이 궁금합니다.,"「금융소비자보호 모범규준」에 명기된 소비자보호 사항의 이행여부 점검을 위해 계량 5개, 비계량 5개 등 총 10개 부문으로 구성하여 각 부문별로 평가하고 있습니다.
자세한 내용은 첨부파일을 참고해주시길 바랍니다.",https://www.fss.or.kr/fss/bbs/B0000172/view.do?nttId=49735&menuNo=200202&viewType=&searchCnd=22&searchWrd=&pageIndex=1,https://www.fss.or.kr/fss/bbs/B0000172/list.do?menuNo=200202&bbsId=&cl1Cd=&cl2Cd=&cl3Cd=&pageIndex=1&paramDeptname=&viewType=&selectDeptname=&searchCnd=22&searchWrd=,14
소비자보호실태평가는 어떤 제도인가요?,"금융감독원은 금융회사의 민원예방 노력 유도 등을 위해 2002년부터 「민원발생평가제도」를 운영
*
해왔습니다.
* 금감원이 처리한 민원건수를 기초로 금융회사를 1∼5등급으로 평가하고 대외에 공표(’14년은 81개사 평가)
그러나 민원건수 위주의 평가만으로는 금융회사의 소비자보호 수준을 평가하고, 금융회사의 자율적 개선노력을 유도하는데 한계가 있어 제도 개선의 필요성이 지속적으로 제기되어 왔습니다.
이에 따라 기존 민원발생평가제도를 대신하여 금융회사의 다양한 소비자보호 활동을 종합적으로 평가할 수 있는 「금융소비자보호 실태평가제도」를 도입·시행
('16.4월 시행)
하게 되었습니다.
소비자보호실태평가제도는
금융소비자에게는 거래 금융회사 선택에 필요한 유용한 정보를 제공하는 한편, 금융회사에게는 소비자보호 중심의 경영문화 확산을 유도하는데 중점을 두고 있습니다.",https://www.fss.or.kr/fss/bbs/B0000172/view.do?nttId=49734&menuNo=200202&viewType=&searchCnd=22&searchWrd=&pageIndex=1,https://www.fss.or.kr/fss/bbs/B0000172/list.do?menuNo=200202&bbsId=&cl1Cd=&cl2Cd=&cl3Cd=&pageIndex=1&paramDeptname=&viewType=&selectDeptname=&searchCnd=22&searchWrd=,14
금융감독원의 민원대상 금융회사가 궁금합니다.,"금융감독원은 은행, 금융투자업자, 보험회사, 여신전문금융회사, 상호저축은행 등 금융기관에 대한 민원을 처리하고 있습니다.
금융감독원의 민원대상 금융기관 조회방법은 다음과 같습니다.
1. 금융감독원 홈페이지 → e-금융민원센터 → 민원안내 → 금융민원신청 안내 → 유의사항
2.
http://www.fcsc.kr/D/fu_d_01_02.jsp
→  유의사항
참고로, 금융감독원의 민원대상 금융기관이 아닌 경우 타 부처 등으로 민원이 이송될 수 있음을 알려드립니다.",https://www.fss.or.kr/fss/bbs/B0000172/view.do?nttId=49733&menuNo=200202&viewType=&searchCnd=22&searchWrd=&pageIndex=1,https://www.fss.or.kr/fss/bbs/B0000172/list.do?menuNo=200202&bbsId=&cl1Cd=&cl2Cd=&cl3Cd=&pageIndex=1&paramDeptname=&viewType=&selectDeptname=&searchCnd=22&searchWrd=,14
내 금융계좌를 한번에 조회할 수 있는 사이트는 없나요?,"‘내 계좌 한눈에’ 서비스를 통하여 본인의 주요 금융계좌 정보를 한번에 조회할 수 있습니다!
금융소비자정보포털 ‘파인’(fine.fss.or.kr) 또는 ’내 계좌 한눈에‘ 홈페이지 (
www.accountinfo.or.kr)
를
통해 9시부터 22시까지 이용가능하며(연중무휴), 은행·상호금융
계좌, 보험 계약, 대부업체를 제외한 제도권 금융회사의 대출정보를 일괄조회 할 수 있습니다.",https://www.fss.or.kr/fss/bbs/B0000172/view.do?nttId=49732&menuNo=200202&viewType=&searchCnd=22&searchWrd=&pageIndex=1,https://www.fss.or.kr/fss/bbs/B0000172/list.do?menuNo=200202&bbsId=&cl1Cd=&cl2Cd=&cl3Cd=&pageIndex=1&paramDeptname=&viewType=&selectDeptname=&searchCnd=22&searchWrd=,14
어려운 금융용어 등을 쉽게 찾아볼 수 있는 사이트는 없나요?,"금융감독원은 금융소비자의 전문적인 금융용어에 대한 이해도를 제고하기 위해 관련 제도의 배경, 이슈 등을 종합적으로 반영해 작성한 ‘
금융용어사전
’을 오픈하였습니다.
‘금융용어사전’에는 핀테크 발달을 반영한 인터넷 전문은행, P2P(Peer to Peer) 대출, 로보어드바이저, 크라우드펀딩 등 전문 용어를 비롯한 533개 용어를 상세히 설명하고 있습니다.
금융감독원 홈페이지 및 ‘파인(FINE:fine.fss.or.kr)'의 금융용어사전’ 코너에서 찾아보실 수
있으며, 알고 싶은 용어명을 정확히 입력하지 않더라고 일부 단어만으로도 검색이 가능합니다.",https://www.fss.or.kr/fss/bbs/B0000172/view.do?nttId=49731&menuNo=200202&viewType=&searchCnd=22&searchWrd=&pageIndex=1,https://www.fss.or.kr/fss/bbs/B0000172/list.do?menuNo=200202&bbsId=&cl1Cd=&cl2Cd=&cl3Cd=&pageIndex=1&paramDeptname=&viewType=&selectDeptname=&searchCnd=22&searchWrd=,14
정기예금 및 적금 금리를 한눈에 비교해 볼 수 있는 곳은 없나요?,"금융감독원은 소비자의 금융상품 선택에 실질적인 도움이 될 수 있도록,
금융상품 통합 비교공시시스템 ‘금융상품한눈에’
를 오픈하였습니다.
예·적금, 대출 등 금융상품을 통합 비교공시하고 있으며,
실손보험, 자동차보험 등은 협회사이트(보험다모아)를 연결하여 제공하고 있습니다.
(다만 본 사이트의 금융상품 정보는 매월 20일 정기적으로 공시하고 있으며, 최신정보 제공을 위해 노력하고 있으나 금융상품의 금리 등 거래조건이 수시로 변경될 수 있으므로 거래전 반드시 해당 금융회사에 문의 후 구입을 결정하시기 바랍니다.)
* 홈페이지 주소 :
http://finlife.fss.or.kr",https://www.fss.or.kr/fss/bbs/B0000172/view.do?nttId=49730&menuNo=200202&viewType=&searchCnd=22&searchWrd=&pageIndex=1,https://www.fss.or.kr/fss/bbs/B0000172/list.do?menuNo=200202&bbsId=&cl1Cd=&cl2Cd=&cl3Cd=&pageIndex=1&paramDeptname=&viewType=&selectDeptname=&searchCnd=22&searchWrd=,14
「보이는 ARS」는 어떻게 이용할 수 있나요?,"금융감독원은
금감원 콜센터(☎1332)의 음성
ARS
안내
내용
을
스
마트폰
화면
을
통해
한 번에 확
인
할
수 있는
｢
보이는 1332｣ 서
비스
를
시
행중에 있습니다. 동 서비스 이용방법은 첨부파일을 참고하여 주시기 바랍니다.",https://www.fss.or.kr/fss/bbs/B0000172/view.do?nttId=49729&menuNo=200202&viewType=&searchCnd=22&searchWrd=&pageIndex=1,https://www.fss.or.kr/fss/bbs/B0000172/list.do?menuNo=200202&bbsId=&cl1Cd=&cl2Cd=&cl3Cd=&pageIndex=1&paramDeptname=&viewType=&selectDeptname=&searchCnd=22&searchWrd=,14
대차료 지급기준 참고(예시),"자동차보험 대차료 지급기준 개선
*
내용을 반영한 FAQ를 게시하오니 참고하시기 바랍니다.
* '22.9.29. 금융감독원 보도자료 ""현행 내연기관 중심의 자동차보험 대차료 지급기준을 친환경차 보급 확대 등 환경변화에 맞게 개선합니다
(
'22.10.11.부터 시행예정
)
""
참조",https://www.fss.or.kr/fss/bbs/B0000172/view.do?nttId=49737&menuNo=200202&viewType=&searchCnd=22&searchWrd=&pageIndex=1,https://www.fss.or.kr/fss/bbs/B0000172/list.do?menuNo=200202&bbsId=&cl1Cd=&cl2Cd=&cl3Cd=&pageIndex=1&paramDeptname=&viewType=&selectDeptname=&searchCnd=22&searchWrd=,15
소비자보호실태평가 결과는 어디서 확인할 수 있나요?,"소비자보호실태평가 결과는 금융감독원 홈페이지
(www.fss.or.kr
)
또는 개별 금융기관 및 협회 홈페이지
*
등을 통해 확인하실 수 있습니다.
※ 금융 권역별 협회 홈페이지 목록
은      행 : 전국은행연합회(www.kfb.or.kr)
생명보험 : 생명보험협회(www.klia.or.kr)
손해보험 : 손해보험협회(www.knia.or.kr)
카      드 : 여신금융협회(www.crefia.or.kr)
저축은행 : 저축은행중앙회(www.fsb.or.kr)
금융투자 : 금융투자협회(www.kofia.or.kr)",https://www.fss.or.kr/fss/bbs/B0000172/view.do?nttId=49736&menuNo=200202&viewType=&searchCnd=22&searchWrd=&pageIndex=1,https://www.fss.or.kr/fss/bbs/B0000172/list.do?menuNo=200202&bbsId=&cl1Cd=&cl2Cd=&cl3Cd=&pageIndex=1&paramDeptname=&viewType=&selectDeptname=&searchCnd=22&searchWrd=,15
소비자보호실태평가의 평가방법이 궁금합니다.,"「금융소비자보호 모범규준」에 명기된 소비자보호 사항의 이행여부 점검을 위해 계량 5개, 비계량 5개 등 총 10개 부문으로 구성하여 각 부문별로 평가하고 있습니다.
자세한 내용은 첨부파일을 참고해주시길 바랍니다.",https://www.fss.or.kr/fss/bbs/B0000172/view.do?nttId=49735&menuNo=200202&viewType=&searchCnd=22&searchWrd=&pageIndex=1,https://www.fss.or.kr/fss/bbs/B0000172/list.do?menuNo=200202&bbsId=&cl1Cd=&cl2Cd=&cl3Cd=&pageIndex=1&paramDeptname=&viewType=&selectDeptname=&searchCnd=22&searchWrd=,15
소비자보호실태평가는 어떤 제도인가요?,"금융감독원은 금융회사의 민원예방 노력 유도 등을 위해 2002년부터 「민원발생평가제도」를 운영
*
해왔습니다.
* 금감원이 처리한 민원건수를 기초로 금융회사를 1∼5등급으로 평가하고 대외에 공표(’14년은 81개사 평가)
그러나 민원건수 위주의 평가만으로는 금융회사의 소비자보호 수준을 평가하고, 금융회사의 자율적 개선노력을 유도하는데 한계가 있어 제도 개선의 필요성이 지속적으로 제기되어 왔습니다.
이에 따라 기존 민원발생평가제도를 대신하여 금융회사의 다양한 소비자보호 활동을 종합적으로 평가할 수 있는 「금융소비자보호 실태평가제도」를 도입·시행
('16.4월 시행)
하게 되었습니다.
소비자보호실태평가제도는
금융소비자에게는 거래 금융회사 선택에 필요한 유용한 정보를 제공하는 한편, 금융회사에게는 소비자보호 중심의 경영문화 확산을 유도하는데 중점을 두고 있습니다.",https://www.fss.or.kr/fss/bbs/B0000172/view.do?nttId=49734&menuNo=200202&viewType=&searchCnd=22&searchWrd=&pageIndex=1,https://www.fss.or.kr/fss/bbs/B0000172/list.do?menuNo=200202&bbsId=&cl1Cd=&cl2Cd=&cl3Cd=&pageIndex=1&paramDeptname=&viewType=&selectDeptname=&searchCnd=22&searchWrd=,15
금융감독원의 민원대상 금융회사가 궁금합니다.,"금융감독원은 은행, 금융투자업자, 보험회사, 여신전문금융회사, 상호저축은행 등 금융기관에 대한 민원을 처리하고 있습니다.
금융감독원의 민원대상 금융기관 조회방법은 다음과 같습니다.
1. 금융감독원 홈페이지 → e-금융민원센터 → 민원안내 → 금융민원신청 안내 → 유의사항
2.
http://www.fcsc.kr/D/fu_d_01_02.jsp
→  유의사항
참고로, 금융감독원의 민원대상 금융기관이 아닌 경우 타 부처 등으로 민원이 이송될 수 있음을 알려드립니다.",https://www.fss.or.kr/fss/bbs/B0000172/view.do?nttId=49733&menuNo=200202&viewType=&searchCnd=22&searchWrd=&pageIndex=1,https://www.fss.or.kr/fss/bbs/B0000172/list.do?menuNo=200202&bbsId=&cl1Cd=&cl2Cd=&cl3Cd=&pageIndex=1&paramDeptname=&viewType=&selectDeptname=&searchCnd=22&searchWrd=,15
내 금융계좌를 한번에 조회할 수 있는 사이트는 없나요?,"‘내 계좌 한눈에’ 서비스를 통하여 본인의 주요 금융계좌 정보를 한번에 조회할 수 있습니다!
금융소비자정보포털 ‘파인’(fine.fss.or.kr) 또는 ’내 계좌 한눈에‘ 홈페이지 (
www.accountinfo.or.kr)
를
통해 9시부터 22시까지 이용가능하며(연중무휴), 은행·상호금융
계좌, 보험 계약, 대부업체를 제외한 제도권 금융회사의 대출정보를 일괄조회 할 수 있습니다.",https://www.fss.or.kr/fss/bbs/B0000172/view.do?nttId=49732&menuNo=200202&viewType=&searchCnd=22&searchWrd=&pageIndex=1,https://www.fss.or.kr/fss/bbs/B0000172/list.do?menuNo=200202&bbsId=&cl1Cd=&cl2Cd=&cl3Cd=&pageIndex=1&paramDeptname=&viewType=&selectDeptname=&searchCnd=22&searchWrd=,15
어려운 금융용어 등을 쉽게 찾아볼 수 있는 사이트는 없나요?,"금융감독원은 금융소비자의 전문적인 금융용어에 대한 이해도를 제고하기 위해 관련 제도의 배경, 이슈 등을 종합적으로 반영해 작성한 ‘
금융용어사전
’을 오픈하였습니다.
‘금융용어사전’에는 핀테크 발달을 반영한 인터넷 전문은행, P2P(Peer to Peer) 대출, 로보어드바이저, 크라우드펀딩 등 전문 용어를 비롯한 533개 용어를 상세히 설명하고 있습니다.
금융감독원 홈페이지 및 ‘파인(FINE:fine.fss.or.kr)'의 금융용어사전’ 코너에서 찾아보실 수
있으며, 알고 싶은 용어명을 정확히 입력하지 않더라고 일부 단어만으로도 검색이 가능합니다.",https://www.fss.or.kr/fss/bbs/B0000172/view.do?nttId=49731&menuNo=200202&viewType=&searchCnd=22&searchWrd=&pageIndex=1,https://www.fss.or.kr/fss/bbs/B0000172/list.do?menuNo=200202&bbsId=&cl1Cd=&cl2Cd=&cl3Cd=&pageIndex=1&paramDeptname=&viewType=&selectDeptname=&searchCnd=22&searchWrd=,15
정기예금 및 적금 금리를 한눈에 비교해 볼 수 있는 곳은 없나요?,"금융감독원은 소비자의 금융상품 선택에 실질적인 도움이 될 수 있도록,
금융상품 통합 비교공시시스템 ‘금융상품한눈에’
를 오픈하였습니다.
예·적금, 대출 등 금융상품을 통합 비교공시하고 있으며,
실손보험, 자동차보험 등은 협회사이트(보험다모아)를 연결하여 제공하고 있습니다.
(다만 본 사이트의 금융상품 정보는 매월 20일 정기적으로 공시하고 있으며, 최신정보 제공을 위해 노력하고 있으나 금융상품의 금리 등 거래조건이 수시로 변경될 수 있으므로 거래전 반드시 해당 금융회사에 문의 후 구입을 결정하시기 바랍니다.)
* 홈페이지 주소 :
http://finlife.fss.or.kr",https://www.fss.or.kr/fss/bbs/B0000172/view.do?nttId=49730&menuNo=200202&viewType=&searchCnd=22&searchWrd=&pageIndex=1,https://www.fss.or.kr/fss/bbs/B0000172/list.do?menuNo=200202&bbsId=&cl1Cd=&cl2Cd=&cl3Cd=&pageIndex=1&paramDeptname=&viewType=&selectDeptname=&searchCnd=22&searchWrd=,15
「보이는 ARS」는 어떻게 이용할 수 있나요?,"금융감독원은
금감원 콜센터(☎1332)의 음성
ARS
안내
내용
을
스
마트폰
화면
을
통해
한 번에 확
인
할
수 있는
｢
보이는 1332｣ 서
비스
를
시
행중에 있습니다. 동 서비스 이용방법은 첨부파일을 참고하여 주시기 바랍니다.",https://www.fss.or.kr/fss/bbs/B0000172/view.do?nttId=49729&menuNo=200202&viewType=&searchCnd=22&searchWrd=&pageIndex=1,https://www.fss.or.kr/fss/bbs/B0000172/list.do?menuNo=200202&bbsId=&cl1Cd=&cl2Cd=&cl3Cd=&pageIndex=1&paramDeptname=&viewType=&selectDeptname=&searchCnd=22&searchWrd=,15
대차료 지급기준 참고(예시),"자동차보험 대차료 지급기준 개선
*
내용을 반영한 FAQ를 게시하오니 참고하시기 바랍니다.
* '22.9.29. 금융감독원 보도자료 ""현행 내연기관 중심의 자동차보험 대차료 지급기준을 친환경차 보급 확대 등 환경변화에 맞게 개선합니다
(
'22.10.11.부터 시행예정
)
""
참조",https://www.fss.or.kr/fss/bbs/B0000172/view.do?nttId=49737&menuNo=200202&viewType=&searchCnd=22&searchWrd=&pageIndex=1,https://www.fss.or.kr/fss/bbs/B0000172/list.do?menuNo=200202&bbsId=&cl1Cd=&cl2Cd=&cl3Cd=&pageIndex=1&paramDeptname=&viewType=&selectDeptname=&searchCnd=22&searchWrd=,16
소비자보호실태평가 결과는 어디서 확인할 수 있나요?,"소비자보호실태평가 결과는 금융감독원 홈페이지
(www.fss.or.kr
)
또는 개별 금융기관 및 협회 홈페이지
*
등을 통해 확인하실 수 있습니다.
※ 금융 권역별 협회 홈페이지 목록
은      행 : 전국은행연합회(www.kfb.or.kr)
생명보험 : 생명보험협회(www.klia.or.kr)
손해보험 : 손해보험협회(www.knia.or.kr)
카      드 : 여신금융협회(www.crefia.or.kr)
저축은행 : 저축은행중앙회(www.fsb.or.kr)
금융투자 : 금융투자협회(www.kofia.or.kr)",https://www.fss.or.kr/fss/bbs/B0000172/view.do?nttId=49736&menuNo=200202&viewType=&searchCnd=22&searchWrd=&pageIndex=1,https://www.fss.or.kr/fss/bbs/B0000172/list.do?menuNo=200202&bbsId=&cl1Cd=&cl2Cd=&cl3Cd=&pageIndex=1&paramDeptname=&viewType=&selectDeptname=&searchCnd=22&searchWrd=,16
소비자보호실태평가의 평가방법이 궁금합니다.,"「금융소비자보호 모범규준」에 명기된 소비자보호 사항의 이행여부 점검을 위해 계량 5개, 비계량 5개 등 총 10개 부문으로 구성하여 각 부문별로 평가하고 있습니다.
자세한 내용은 첨부파일을 참고해주시길 바랍니다.",https://www.fss.or.kr/fss/bbs/B0000172/view.do?nttId=49735&menuNo=200202&viewType=&searchCnd=22&searchWrd=&pageIndex=1,https://www.fss.or.kr/fss/bbs/B0000172/list.do?menuNo=200202&bbsId=&cl1Cd=&cl2Cd=&cl3Cd=&pageIndex=1&paramDeptname=&viewType=&selectDeptname=&searchCnd=22&searchWrd=,16
소비자보호실태평가는 어떤 제도인가요?,"금융감독원은 금융회사의 민원예방 노력 유도 등을 위해 2002년부터 「민원발생평가제도」를 운영
*
해왔습니다.
* 금감원이 처리한 민원건수를 기초로 금융회사를 1∼5등급으로 평가하고 대외에 공표(’14년은 81개사 평가)
그러나 민원건수 위주의 평가만으로는 금융회사의 소비자보호 수준을 평가하고, 금융회사의 자율적 개선노력을 유도하는데 한계가 있어 제도 개선의 필요성이 지속적으로 제기되어 왔습니다.
이에 따라 기존 민원발생평가제도를 대신하여 금융회사의 다양한 소비자보호 활동을 종합적으로 평가할 수 있는 「금융소비자보호 실태평가제도」를 도입·시행
('16.4월 시행)
하게 되었습니다.
소비자보호실태평가제도는
금융소비자에게는 거래 금융회사 선택에 필요한 유용한 정보를 제공하는 한편, 금융회사에게는 소비자보호 중심의 경영문화 확산을 유도하는데 중점을 두고 있습니다.",https://www.fss.or.kr/fss/bbs/B0000172/view.do?nttId=49734&menuNo=200202&viewType=&searchCnd=22&searchWrd=&pageIndex=1,https://www.fss.or.kr/fss/bbs/B0000172/list.do?menuNo=200202&bbsId=&cl1Cd=&cl2Cd=&cl3Cd=&pageIndex=1&paramDeptname=&viewType=&selectDeptname=&searchCnd=22&searchWrd=,16
금융감독원의 민원대상 금융회사가 궁금합니다.,"금융감독원은 은행, 금융투자업자, 보험회사, 여신전문금융회사, 상호저축은행 등 금융기관에 대한 민원을 처리하고 있습니다.
금융감독원의 민원대상 금융기관 조회방법은 다음과 같습니다.
1. 금융감독원 홈페이지 → e-금융민원센터 → 민원안내 → 금융민원신청 안내 → 유의사항
2.
http://www.fcsc.kr/D/fu_d_01_02.jsp
→  유의사항
참고로, 금융감독원의 민원대상 금융기관이 아닌 경우 타 부처 등으로 민원이 이송될 수 있음을 알려드립니다.",https://www.fss.or.kr/fss/bbs/B0000172/view.do?nttId=49733&menuNo=200202&viewType=&searchCnd=22&searchWrd=&pageIndex=1,https://www.fss.or.kr/fss/bbs/B0000172/list.do?menuNo=200202&bbsId=&cl1Cd=&cl2Cd=&cl3Cd=&pageIndex=1&paramDeptname=&viewType=&selectDeptname=&searchCnd=22&searchWrd=,16
내 금융계좌를 한번에 조회할 수 있는 사이트는 없나요?,"‘내 계좌 한눈에’ 서비스를 통하여 본인의 주요 금융계좌 정보를 한번에 조회할 수 있습니다!
금융소비자정보포털 ‘파인’(fine.fss.or.kr) 또는 ’내 계좌 한눈에‘ 홈페이지 (
www.accountinfo.or.kr)
를
통해 9시부터 22시까지 이용가능하며(연중무휴), 은행·상호금융
계좌, 보험 계약, 대부업체를 제외한 제도권 금융회사의 대출정보를 일괄조회 할 수 있습니다.",https://www.fss.or.kr/fss/bbs/B0000172/view.do?nttId=49732&menuNo=200202&viewType=&searchCnd=22&searchWrd=&pageIndex=1,https://www.fss.or.kr/fss/bbs/B0000172/list.do?menuNo=200202&bbsId=&cl1Cd=&cl2Cd=&cl3Cd=&pageIndex=1&paramDeptname=&viewType=&selectDeptname=&searchCnd=22&searchWrd=,16
어려운 금융용어 등을 쉽게 찾아볼 수 있는 사이트는 없나요?,"금융감독원은 금융소비자의 전문적인 금융용어에 대한 이해도를 제고하기 위해 관련 제도의 배경, 이슈 등을 종합적으로 반영해 작성한 ‘
금융용어사전
’을 오픈하였습니다.
‘금융용어사전’에는 핀테크 발달을 반영한 인터넷 전문은행, P2P(Peer to Peer) 대출, 로보어드바이저, 크라우드펀딩 등 전문 용어를 비롯한 533개 용어를 상세히 설명하고 있습니다.
금융감독원 홈페이지 및 ‘파인(FINE:fine.fss.or.kr)'의 금융용어사전’ 코너에서 찾아보실 수
있으며, 알고 싶은 용어명을 정확히 입력하지 않더라고 일부 단어만으로도 검색이 가능합니다.",https://www.fss.or.kr/fss/bbs/B0000172/view.do?nttId=49731&menuNo=200202&viewType=&searchCnd=22&searchWrd=&pageIndex=1,https://www.fss.or.kr/fss/bbs/B0000172/list.do?menuNo=200202&bbsId=&cl1Cd=&cl2Cd=&cl3Cd=&pageIndex=1&paramDeptname=&viewType=&selectDeptname=&searchCnd=22&searchWrd=,16
정기예금 및 적금 금리를 한눈에 비교해 볼 수 있는 곳은 없나요?,"금융감독원은 소비자의 금융상품 선택에 실질적인 도움이 될 수 있도록,
금융상품 통합 비교공시시스템 ‘금융상품한눈에’
를 오픈하였습니다.
예·적금, 대출 등 금융상품을 통합 비교공시하고 있으며,
실손보험, 자동차보험 등은 협회사이트(보험다모아)를 연결하여 제공하고 있습니다.
(다만 본 사이트의 금융상품 정보는 매월 20일 정기적으로 공시하고 있으며, 최신정보 제공을 위해 노력하고 있으나 금융상품의 금리 등 거래조건이 수시로 변경될 수 있으므로 거래전 반드시 해당 금융회사에 문의 후 구입을 결정하시기 바랍니다.)
* 홈페이지 주소 :
http://finlife.fss.or.kr",https://www.fss.or.kr/fss/bbs/B0000172/view.do?nttId=49730&menuNo=200202&viewType=&searchCnd=22&searchWrd=&pageIndex=1,https://www.fss.or.kr/fss/bbs/B0000172/list.do?menuNo=200202&bbsId=&cl1Cd=&cl2Cd=&cl3Cd=&pageIndex=1&paramDeptname=&viewType=&selectDeptname=&searchCnd=22&searchWrd=,16
「보이는 ARS」는 어떻게 이용할 수 있나요?,"금융감독원은
금감원 콜센터(☎1332)의 음성
ARS
안내
내용
을
스
마트폰
화면
을
통해
한 번에 확
인
할
수 있는
｢
보이는 1332｣ 서
비스
를
시
행중에 있습니다. 동 서비스 이용방법은 첨부파일을 참고하여 주시기 바랍니다.",https://www.fss.or.kr/fss/bbs/B0000172/view.do?nttId=49729&menuNo=200202&viewType=&searchCnd=22&searchWrd=&pageIndex=1,https://www.fss.or.kr/fss/bbs/B0000172/list.do?menuNo=200202&bbsId=&cl1Cd=&cl2Cd=&cl3Cd=&pageIndex=1&paramDeptname=&viewType=&selectDeptname=&searchCnd=22&searchWrd=,16
대차료 지급기준 참고(예시),"자동차보험 대차료 지급기준 개선
*
내용을 반영한 FAQ를 게시하오니 참고하시기 바랍니다.
* '22.9.29. 금융감독원 보도자료 ""현행 내연기관 중심의 자동차보험 대차료 지급기준을 친환경차 보급 확대 등 환경변화에 맞게 개선합니다
(
'22.10.11.부터 시행예정
)
""
참조",https://www.fss.or.kr/fss/bbs/B0000172/view.do?nttId=49737&menuNo=200202&viewType=&searchCnd=22&searchWrd=&pageIndex=1,https://www.fss.or.kr/fss/bbs/B0000172/list.do?menuNo=200202&bbsId=&cl1Cd=&cl2Cd=&cl3Cd=&pageIndex=1&paramDeptname=&viewType=&selectDeptname=&searchCnd=22&searchWrd=,17
소비자보호실태평가 결과는 어디서 확인할 수 있나요?,"소비자보호실태평가 결과는 금융감독원 홈페이지
(www.fss.or.kr
)
또는 개별 금융기관 및 협회 홈페이지
*
등을 통해 확인하실 수 있습니다.
※ 금융 권역별 협회 홈페이지 목록
은      행 : 전국은행연합회(www.kfb.or.kr)
생명보험 : 생명보험협회(www.klia.or.kr)
손해보험 : 손해보험협회(www.knia.or.kr)
카      드 : 여신금융협회(www.crefia.or.kr)
저축은행 : 저축은행중앙회(www.fsb.or.kr)
금융투자 : 금융투자협회(www.kofia.or.kr)",https://www.fss.or.kr/fss/bbs/B0000172/view.do?nttId=49736&menuNo=200202&viewType=&searchCnd=22&searchWrd=&pageIndex=1,https://www.fss.or.kr/fss/bbs/B0000172/list.do?menuNo=200202&bbsId=&cl1Cd=&cl2Cd=&cl3Cd=&pageIndex=1&paramDeptname=&viewType=&selectDeptname=&searchCnd=22&searchWrd=,17
소비자보호실태평가의 평가방법이 궁금합니다.,"「금융소비자보호 모범규준」에 명기된 소비자보호 사항의 이행여부 점검을 위해 계량 5개, 비계량 5개 등 총 10개 부문으로 구성하여 각 부문별로 평가하고 있습니다.
자세한 내용은 첨부파일을 참고해주시길 바랍니다.",https://www.fss.or.kr/fss/bbs/B0000172/view.do?nttId=49735&menuNo=200202&viewType=&searchCnd=22&searchWrd=&pageIndex=1,https://www.fss.or.kr/fss/bbs/B0000172/list.do?menuNo=200202&bbsId=&cl1Cd=&cl2Cd=&cl3Cd=&pageIndex=1&paramDeptname=&viewType=&selectDeptname=&searchCnd=22&searchWrd=,17
소비자보호실태평가는 어떤 제도인가요?,"금융감독원은 금융회사의 민원예방 노력 유도 등을 위해 2002년부터 「민원발생평가제도」를 운영
*
해왔습니다.
* 금감원이 처리한 민원건수를 기초로 금융회사를 1∼5등급으로 평가하고 대외에 공표(’14년은 81개사 평가)
그러나 민원건수 위주의 평가만으로는 금융회사의 소비자보호 수준을 평가하고, 금융회사의 자율적 개선노력을 유도하는데 한계가 있어 제도 개선의 필요성이 지속적으로 제기되어 왔습니다.
이에 따라 기존 민원발생평가제도를 대신하여 금융회사의 다양한 소비자보호 활동을 종합적으로 평가할 수 있는 「금융소비자보호 실태평가제도」를 도입·시행
('16.4월 시행)
하게 되었습니다.
소비자보호실태평가제도는
금융소비자에게는 거래 금융회사 선택에 필요한 유용한 정보를 제공하는 한편, 금융회사에게는 소비자보호 중심의 경영문화 확산을 유도하는데 중점을 두고 있습니다.",https://www.fss.or.kr/fss/bbs/B0000172/view.do?nttId=49734&menuNo=200202&viewType=&searchCnd=22&searchWrd=&pageIndex=1,https://www.fss.or.kr/fss/bbs/B0000172/list.do?menuNo=200202&bbsId=&cl1Cd=&cl2Cd=&cl3Cd=&pageIndex=1&paramDeptname=&viewType=&selectDeptname=&searchCnd=22&searchWrd=,17
금융감독원의 민원대상 금융회사가 궁금합니다.,"금융감독원은 은행, 금융투자업자, 보험회사, 여신전문금융회사, 상호저축은행 등 금융기관에 대한 민원을 처리하고 있습니다.
금융감독원의 민원대상 금융기관 조회방법은 다음과 같습니다.
1. 금융감독원 홈페이지 → e-금융민원센터 → 민원안내 → 금융민원신청 안내 → 유의사항
2.
http://www.fcsc.kr/D/fu_d_01_02.jsp
→  유의사항
참고로, 금융감독원의 민원대상 금융기관이 아닌 경우 타 부처 등으로 민원이 이송될 수 있음을 알려드립니다.",https://www.fss.or.kr/fss/bbs/B0000172/view.do?nttId=49733&menuNo=200202&viewType=&searchCnd=22&searchWrd=&pageIndex=1,https://www.fss.or.kr/fss/bbs/B0000172/list.do?menuNo=200202&bbsId=&cl1Cd=&cl2Cd=&cl3Cd=&pageIndex=1&paramDeptname=&viewType=&selectDeptname=&searchCnd=22&searchWrd=,17
내 금융계좌를 한번에 조회할 수 있는 사이트는 없나요?,"‘내 계좌 한눈에’ 서비스를 통하여 본인의 주요 금융계좌 정보를 한번에 조회할 수 있습니다!
금융소비자정보포털 ‘파인’(fine.fss.or.kr) 또는 ’내 계좌 한눈에‘ 홈페이지 (
www.accountinfo.or.kr)
를
통해 9시부터 22시까지 이용가능하며(연중무휴), 은행·상호금융
계좌, 보험 계약, 대부업체를 제외한 제도권 금융회사의 대출정보를 일괄조회 할 수 있습니다.",https://www.fss.or.kr/fss/bbs/B0000172/view.do?nttId=49732&menuNo=200202&viewType=&searchCnd=22&searchWrd=&pageIndex=1,https://www.fss.or.kr/fss/bbs/B0000172/list.do?menuNo=200202&bbsId=&cl1Cd=&cl2Cd=&cl3Cd=&pageIndex=1&paramDeptname=&viewType=&selectDeptname=&searchCnd=22&searchWrd=,17
어려운 금융용어 등을 쉽게 찾아볼 수 있는 사이트는 없나요?,"금융감독원은 금융소비자의 전문적인 금융용어에 대한 이해도를 제고하기 위해 관련 제도의 배경, 이슈 등을 종합적으로 반영해 작성한 ‘
금융용어사전
’을 오픈하였습니다.
‘금융용어사전’에는 핀테크 발달을 반영한 인터넷 전문은행, P2P(Peer to Peer) 대출, 로보어드바이저, 크라우드펀딩 등 전문 용어를 비롯한 533개 용어를 상세히 설명하고 있습니다.
금융감독원 홈페이지 및 ‘파인(FINE:fine.fss.or.kr)'의 금융용어사전’ 코너에서 찾아보실 수
있으며, 알고 싶은 용어명을 정확히 입력하지 않더라고 일부 단어만으로도 검색이 가능합니다.",https://www.fss.or.kr/fss/bbs/B0000172/view.do?nttId=49731&menuNo=200202&viewType=&searchCnd=22&searchWrd=&pageIndex=1,https://www.fss.or.kr/fss/bbs/B0000172/list.do?menuNo=200202&bbsId=&cl1Cd=&cl2Cd=&cl3Cd=&pageIndex=1&paramDeptname=&viewType=&selectDeptname=&searchCnd=22&searchWrd=,17
정기예금 및 적금 금리를 한눈에 비교해 볼 수 있는 곳은 없나요?,"금융감독원은 소비자의 금융상품 선택에 실질적인 도움이 될 수 있도록,
금융상품 통합 비교공시시스템 ‘금융상품한눈에’
를 오픈하였습니다.
예·적금, 대출 등 금융상품을 통합 비교공시하고 있으며,
실손보험, 자동차보험 등은 협회사이트(보험다모아)를 연결하여 제공하고 있습니다.
(다만 본 사이트의 금융상품 정보는 매월 20일 정기적으로 공시하고 있으며, 최신정보 제공을 위해 노력하고 있으나 금융상품의 금리 등 거래조건이 수시로 변경될 수 있으므로 거래전 반드시 해당 금융회사에 문의 후 구입을 결정하시기 바랍니다.)
* 홈페이지 주소 :
http://finlife.fss.or.kr",https://www.fss.or.kr/fss/bbs/B0000172/view.do?nttId=49730&menuNo=200202&viewType=&searchCnd=22&searchWrd=&pageIndex=1,https://www.fss.or.kr/fss/bbs/B0000172/list.do?menuNo=200202&bbsId=&cl1Cd=&cl2Cd=&cl3Cd=&pageIndex=1&paramDeptname=&viewType=&selectDeptname=&searchCnd=22&searchWrd=,17
「보이는 ARS」는 어떻게 이용할 수 있나요?,"금융감독원은
금감원 콜센터(☎1332)의 음성
ARS
안내
내용
을
스
마트폰
화면
을
통해
한 번에 확
인
할
수 있는
｢
보이는 1332｣ 서
비스
를
시
행중에 있습니다. 동 서비스 이용방법은 첨부파일을 참고하여 주시기 바랍니다.",https://www.fss.or.kr/fss/bbs/B0000172/view.do?nttId=49729&menuNo=200202&viewType=&searchCnd=22&searchWrd=&pageIndex=1,https://www.fss.or.kr/fss/bbs/B0000172/list.do?menuNo=200202&bbsId=&cl1Cd=&cl2Cd=&cl3Cd=&pageIndex=1&paramDeptname=&viewType=&selectDeptname=&searchCnd=22&searchWrd=,17
대차료 지급기준 참고(예시),"자동차보험 대차료 지급기준 개선
*
내용을 반영한 FAQ를 게시하오니 참고하시기 바랍니다.
* '22.9.29. 금융감독원 보도자료 ""현행 내연기관 중심의 자동차보험 대차료 지급기준을 친환경차 보급 확대 등 환경변화에 맞게 개선합니다
(
'22.10.11.부터 시행예정
)
""
참조",https://www.fss.or.kr/fss/bbs/B0000172/view.do?nttId=49737&menuNo=200202&viewType=&searchCnd=22&searchWrd=&pageIndex=1,https://www.fss.or.kr/fss/bbs/B0000172/list.do?menuNo=200202&bbsId=&cl1Cd=&cl2Cd=&cl3Cd=&pageIndex=1&paramDeptname=&viewType=&selectDeptname=&searchCnd=22&searchWrd=,18
소비자보호실태평가 결과는 어디서 확인할 수 있나요?,"소비자보호실태평가 결과는 금융감독원 홈페이지
(www.fss.or.kr
)
또는 개별 금융기관 및 협회 홈페이지
*
등을 통해 확인하실 수 있습니다.
※ 금융 권역별 협회 홈페이지 목록
은      행 : 전국은행연합회(www.kfb.or.kr)
생명보험 : 생명보험협회(www.klia.or.kr)
손해보험 : 손해보험협회(www.knia.or.kr)
카      드 : 여신금융협회(www.crefia.or.kr)
저축은행 : 저축은행중앙회(www.fsb.or.kr)
금융투자 : 금융투자협회(www.kofia.or.kr)",https://www.fss.or.kr/fss/bbs/B0000172/view.do?nttId=49736&menuNo=200202&viewType=&searchCnd=22&searchWrd=&pageIndex=1,https://www.fss.or.kr/fss/bbs/B0000172/list.do?menuNo=200202&bbsId=&cl1Cd=&cl2Cd=&cl3Cd=&pageIndex=1&paramDeptname=&viewType=&selectDeptname=&searchCnd=22&searchWrd=,18
소비자보호실태평가의 평가방법이 궁금합니다.,"「금융소비자보호 모범규준」에 명기된 소비자보호 사항의 이행여부 점검을 위해 계량 5개, 비계량 5개 등 총 10개 부문으로 구성하여 각 부문별로 평가하고 있습니다.
자세한 내용은 첨부파일을 참고해주시길 바랍니다.",https://www.fss.or.kr/fss/bbs/B0000172/view.do?nttId=49735&menuNo=200202&viewType=&searchCnd=22&searchWrd=&pageIndex=1,https://www.fss.or.kr/fss/bbs/B0000172/list.do?menuNo=200202&bbsId=&cl1Cd=&cl2Cd=&cl3Cd=&pageIndex=1&paramDeptname=&viewType=&selectDeptname=&searchCnd=22&searchWrd=,18
소비자보호실태평가는 어떤 제도인가요?,"금융감독원은 금융회사의 민원예방 노력 유도 등을 위해 2002년부터 「민원발생평가제도」를 운영
*
해왔습니다.
* 금감원이 처리한 민원건수를 기초로 금융회사를 1∼5등급으로 평가하고 대외에 공표(’14년은 81개사 평가)
그러나 민원건수 위주의 평가만으로는 금융회사의 소비자보호 수준을 평가하고, 금융회사의 자율적 개선노력을 유도하는데 한계가 있어 제도 개선의 필요성이 지속적으로 제기되어 왔습니다.
이에 따라 기존 민원발생평가제도를 대신하여 금융회사의 다양한 소비자보호 활동을 종합적으로 평가할 수 있는 「금융소비자보호 실태평가제도」를 도입·시행
('16.4월 시행)
하게 되었습니다.
소비자보호실태평가제도는
금융소비자에게는 거래 금융회사 선택에 필요한 유용한 정보를 제공하는 한편, 금융회사에게는 소비자보호 중심의 경영문화 확산을 유도하는데 중점을 두고 있습니다.",https://www.fss.or.kr/fss/bbs/B0000172/view.do?nttId=49734&menuNo=200202&viewType=&searchCnd=22&searchWrd=&pageIndex=1,https://www.fss.or.kr/fss/bbs/B0000172/list.do?menuNo=200202&bbsId=&cl1Cd=&cl2Cd=&cl3Cd=&pageIndex=1&paramDeptname=&viewType=&selectDeptname=&searchCnd=22&searchWrd=,18
금융감독원의 민원대상 금융회사가 궁금합니다.,"금융감독원은 은행, 금융투자업자, 보험회사, 여신전문금융회사, 상호저축은행 등 금융기관에 대한 민원을 처리하고 있습니다.
금융감독원의 민원대상 금융기관 조회방법은 다음과 같습니다.
1. 금융감독원 홈페이지 → e-금융민원센터 → 민원안내 → 금융민원신청 안내 → 유의사항
2.
http://www.fcsc.kr/D/fu_d_01_02.jsp
→  유의사항
참고로, 금융감독원의 민원대상 금융기관이 아닌 경우 타 부처 등으로 민원이 이송될 수 있음을 알려드립니다.",https://www.fss.or.kr/fss/bbs/B0000172/view.do?nttId=49733&menuNo=200202&viewType=&searchCnd=22&searchWrd=&pageIndex=1,https://www.fss.or.kr/fss/bbs/B0000172/list.do?menuNo=200202&bbsId=&cl1Cd=&cl2Cd=&cl3Cd=&pageIndex=1&paramDeptname=&viewType=&selectDeptname=&searchCnd=22&searchWrd=,18
내 금융계좌를 한번에 조회할 수 있는 사이트는 없나요?,"‘내 계좌 한눈에’ 서비스를 통하여 본인의 주요 금융계좌 정보를 한번에 조회할 수 있습니다!
금융소비자정보포털 ‘파인’(fine.fss.or.kr) 또는 ’내 계좌 한눈에‘ 홈페이지 (
www.accountinfo.or.kr)
를
통해 9시부터 22시까지 이용가능하며(연중무휴), 은행·상호금융
계좌, 보험 계약, 대부업체를 제외한 제도권 금융회사의 대출정보를 일괄조회 할 수 있습니다.",https://www.fss.or.kr/fss/bbs/B0000172/view.do?nttId=49732&menuNo=200202&viewType=&searchCnd=22&searchWrd=&pageIndex=1,https://www.fss.or.kr/fss/bbs/B0000172/list.do?menuNo=200202&bbsId=&cl1Cd=&cl2Cd=&cl3Cd=&pageIndex=1&paramDeptname=&viewType=&selectDeptname=&searchCnd=22&searchWrd=,18
어려운 금융용어 등을 쉽게 찾아볼 수 있는 사이트는 없나요?,"금융감독원은 금융소비자의 전문적인 금융용어에 대한 이해도를 제고하기 위해 관련 제도의 배경, 이슈 등을 종합적으로 반영해 작성한 ‘
금융용어사전
’을 오픈하였습니다.
‘금융용어사전’에는 핀테크 발달을 반영한 인터넷 전문은행, P2P(Peer to Peer) 대출, 로보어드바이저, 크라우드펀딩 등 전문 용어를 비롯한 533개 용어를 상세히 설명하고 있습니다.
금융감독원 홈페이지 및 ‘파인(FINE:fine.fss.or.kr)'의 금융용어사전’ 코너에서 찾아보실 수
있으며, 알고 싶은 용어명을 정확히 입력하지 않더라고 일부 단어만으로도 검색이 가능합니다.",https://www.fss.or.kr/fss/bbs/B0000172/view.do?nttId=49731&menuNo=200202&viewType=&searchCnd=22&searchWrd=&pageIndex=1,https://www.fss.or.kr/fss/bbs/B0000172/list.do?menuNo=200202&bbsId=&cl1Cd=&cl2Cd=&cl3Cd=&pageIndex=1&paramDeptname=&viewType=&selectDeptname=&searchCnd=22&searchWrd=,18
정기예금 및 적금 금리를 한눈에 비교해 볼 수 있는 곳은 없나요?,"금융감독원은 소비자의 금융상품 선택에 실질적인 도움이 될 수 있도록,
금융상품 통합 비교공시시스템 ‘금융상품한눈에’
를 오픈하였습니다.
예·적금, 대출 등 금융상품을 통합 비교공시하고 있으며,
실손보험, 자동차보험 등은 협회사이트(보험다모아)를 연결하여 제공하고 있습니다.
(다만 본 사이트의 금융상품 정보는 매월 20일 정기적으로 공시하고 있으며, 최신정보 제공을 위해 노력하고 있으나 금융상품의 금리 등 거래조건이 수시로 변경될 수 있으므로 거래전 반드시 해당 금융회사에 문의 후 구입을 결정하시기 바랍니다.)
* 홈페이지 주소 :
http://finlife.fss.or.kr",https://www.fss.or.kr/fss/bbs/B0000172/view.do?nttId=49730&menuNo=200202&viewType=&searchCnd=22&searchWrd=&pageIndex=1,https://www.fss.or.kr/fss/bbs/B0000172/list.do?menuNo=200202&bbsId=&cl1Cd=&cl2Cd=&cl3Cd=&pageIndex=1&paramDeptname=&viewType=&selectDeptname=&searchCnd=22&searchWrd=,18
「보이는 ARS」는 어떻게 이용할 수 있나요?,"금융감독원은
금감원 콜센터(☎1332)의 음성
ARS
안내
내용
을
스
마트폰
화면
을
통해
한 번에 확
인
할
수 있는
｢
보이는 1332｣ 서
비스
를
시
행중에 있습니다. 동 서비스 이용방법은 첨부파일을 참고하여 주시기 바랍니다.",https://www.fss.or.kr/fss/bbs/B0000172/view.do?nttId=49729&menuNo=200202&viewType=&searchCnd=22&searchWrd=&pageIndex=1,https://www.fss.or.kr/fss/bbs/B0000172/list.do?menuNo=200202&bbsId=&cl1Cd=&cl2Cd=&cl3Cd=&pageIndex=1&paramDeptname=&viewType=&selectDeptname=&searchCnd=22&searchWrd=,18
대차료 지급기준 참고(예시),"자동차보험 대차료 지급기준 개선
*
내용을 반영한 FAQ를 게시하오니 참고하시기 바랍니다.
* '22.9.29. 금융감독원 보도자료 ""현행 내연기관 중심의 자동차보험 대차료 지급기준을 친환경차 보급 확대 등 환경변화에 맞게 개선합니다
(
'22.10.11.부터 시행예정
)
""
참조",https://www.fss.or.kr/fss/bbs/B0000172/view.do?nttId=49737&menuNo=200202&viewType=&searchCnd=22&searchWrd=&pageIndex=1,https://www.fss.or.kr/fss/bbs/B0000172/list.do?menuNo=200202&bbsId=&cl1Cd=&cl2Cd=&cl3Cd=&pageIndex=1&paramDeptname=&viewType=&selectDeptname=&searchCnd=22&searchWrd=,19
소비자보호실태평가 결과는 어디서 확인할 수 있나요?,"소비자보호실태평가 결과는 금융감독원 홈페이지
(www.fss.or.kr
)
또는 개별 금융기관 및 협회 홈페이지
*
등을 통해 확인하실 수 있습니다.
※ 금융 권역별 협회 홈페이지 목록
은      행 : 전국은행연합회(www.kfb.or.kr)
생명보험 : 생명보험협회(www.klia.or.kr)
손해보험 : 손해보험협회(www.knia.or.kr)
카      드 : 여신금융협회(www.crefia.or.kr)
저축은행 : 저축은행중앙회(www.fsb.or.kr)
금융투자 : 금융투자협회(www.kofia.or.kr)",https://www.fss.or.kr/fss/bbs/B0000172/view.do?nttId=49736&menuNo=200202&viewType=&searchCnd=22&searchWrd=&pageIndex=1,https://www.fss.or.kr/fss/bbs/B0000172/list.do?menuNo=200202&bbsId=&cl1Cd=&cl2Cd=&cl3Cd=&pageIndex=1&paramDeptname=&viewType=&selectDeptname=&searchCnd=22&searchWrd=,19
소비자보호실태평가의 평가방법이 궁금합니다.,"「금융소비자보호 모범규준」에 명기된 소비자보호 사항의 이행여부 점검을 위해 계량 5개, 비계량 5개 등 총 10개 부문으로 구성하여 각 부문별로 평가하고 있습니다.
자세한 내용은 첨부파일을 참고해주시길 바랍니다.",https://www.fss.or.kr/fss/bbs/B0000172/view.do?nttId=49735&menuNo=200202&viewType=&searchCnd=22&searchWrd=&pageIndex=1,https://www.fss.or.kr/fss/bbs/B0000172/list.do?menuNo=200202&bbsId=&cl1Cd=&cl2Cd=&cl3Cd=&pageIndex=1&paramDeptname=&viewType=&selectDeptname=&searchCnd=22&searchWrd=,19
소비자보호실태평가는 어떤 제도인가요?,"금융감독원은 금융회사의 민원예방 노력 유도 등을 위해 2002년부터 「민원발생평가제도」를 운영
*
해왔습니다.
* 금감원이 처리한 민원건수를 기초로 금융회사를 1∼5등급으로 평가하고 대외에 공표(’14년은 81개사 평가)
그러나 민원건수 위주의 평가만으로는 금융회사의 소비자보호 수준을 평가하고, 금융회사의 자율적 개선노력을 유도하는데 한계가 있어 제도 개선의 필요성이 지속적으로 제기되어 왔습니다.
이에 따라 기존 민원발생평가제도를 대신하여 금융회사의 다양한 소비자보호 활동을 종합적으로 평가할 수 있는 「금융소비자보호 실태평가제도」를 도입·시행
('16.4월 시행)
하게 되었습니다.
소비자보호실태평가제도는
금융소비자에게는 거래 금융회사 선택에 필요한 유용한 정보를 제공하는 한편, 금융회사에게는 소비자보호 중심의 경영문화 확산을 유도하는데 중점을 두고 있습니다.",https://www.fss.or.kr/fss/bbs/B0000172/view.do?nttId=49734&menuNo=200202&viewType=&searchCnd=22&searchWrd=&pageIndex=1,https://www.fss.or.kr/fss/bbs/B0000172/list.do?menuNo=200202&bbsId=&cl1Cd=&cl2Cd=&cl3Cd=&pageIndex=1&paramDeptname=&viewType=&selectDeptname=&searchCnd=22&searchWrd=,19
금융감독원의 민원대상 금융회사가 궁금합니다.,"금융감독원은 은행, 금융투자업자, 보험회사, 여신전문금융회사, 상호저축은행 등 금융기관에 대한 민원을 처리하고 있습니다.
금융감독원의 민원대상 금융기관 조회방법은 다음과 같습니다.
1. 금융감독원 홈페이지 → e-금융민원센터 → 민원안내 → 금융민원신청 안내 → 유의사항
2.
http://www.fcsc.kr/D/fu_d_01_02.jsp
→  유의사항
참고로, 금융감독원의 민원대상 금융기관이 아닌 경우 타 부처 등으로 민원이 이송될 수 있음을 알려드립니다.",https://www.fss.or.kr/fss/bbs/B0000172/view.do?nttId=49733&menuNo=200202&viewType=&searchCnd=22&searchWrd=&pageIndex=1,https://www.fss.or.kr/fss/bbs/B0000172/list.do?menuNo=200202&bbsId=&cl1Cd=&cl2Cd=&cl3Cd=&pageIndex=1&paramDeptname=&viewType=&selectDeptname=&searchCnd=22&searchWrd=,19
내 금융계좌를 한번에 조회할 수 있는 사이트는 없나요?,"‘내 계좌 한눈에’ 서비스를 통하여 본인의 주요 금융계좌 정보를 한번에 조회할 수 있습니다!
금융소비자정보포털 ‘파인’(fine.fss.or.kr) 또는 ’내 계좌 한눈에‘ 홈페이지 (
www.accountinfo.or.kr)
를
통해 9시부터 22시까지 이용가능하며(연중무휴), 은행·상호금융
계좌, 보험 계약, 대부업체를 제외한 제도권 금융회사의 대출정보를 일괄조회 할 수 있습니다.",https://www.fss.or.kr/fss/bbs/B0000172/view.do?nttId=49732&menuNo=200202&viewType=&searchCnd=22&searchWrd=&pageIndex=1,https://www.fss.or.kr/fss/bbs/B0000172/list.do?menuNo=200202&bbsId=&cl1Cd=&cl2Cd=&cl3Cd=&pageIndex=1&paramDeptname=&viewType=&selectDeptname=&searchCnd=22&searchWrd=,19
어려운 금융용어 등을 쉽게 찾아볼 수 있는 사이트는 없나요?,"금융감독원은 금융소비자의 전문적인 금융용어에 대한 이해도를 제고하기 위해 관련 제도의 배경, 이슈 등을 종합적으로 반영해 작성한 ‘
금융용어사전
’을 오픈하였습니다.
‘금융용어사전’에는 핀테크 발달을 반영한 인터넷 전문은행, P2P(Peer to Peer) 대출, 로보어드바이저, 크라우드펀딩 등 전문 용어를 비롯한 533개 용어를 상세히 설명하고 있습니다.
금융감독원 홈페이지 및 ‘파인(FINE:fine.fss.or.kr)'의 금융용어사전’ 코너에서 찾아보실 수
있으며, 알고 싶은 용어명을 정확히 입력하지 않더라고 일부 단어만으로도 검색이 가능합니다.",https://www.fss.or.kr/fss/bbs/B0000172/view.do?nttId=49731&menuNo=200202&viewType=&searchCnd=22&searchWrd=&pageIndex=1,https://www.fss.or.kr/fss/bbs/B0000172/list.do?menuNo=200202&bbsId=&cl1Cd=&cl2Cd=&cl3Cd=&pageIndex=1&paramDeptname=&viewType=&selectDeptname=&searchCnd=22&searchWrd=,19
정기예금 및 적금 금리를 한눈에 비교해 볼 수 있는 곳은 없나요?,"금융감독원은 소비자의 금융상품 선택에 실질적인 도움이 될 수 있도록,
금융상품 통합 비교공시시스템 ‘금융상품한눈에’
를 오픈하였습니다.
예·적금, 대출 등 금융상품을 통합 비교공시하고 있으며,
실손보험, 자동차보험 등은 협회사이트(보험다모아)를 연결하여 제공하고 있습니다.
(다만 본 사이트의 금융상품 정보는 매월 20일 정기적으로 공시하고 있으며, 최신정보 제공을 위해 노력하고 있으나 금융상품의 금리 등 거래조건이 수시로 변경될 수 있으므로 거래전 반드시 해당 금융회사에 문의 후 구입을 결정하시기 바랍니다.)
* 홈페이지 주소 :
http://finlife.fss.or.kr",https://www.fss.or.kr/fss/bbs/B0000172/view.do?nttId=49730&menuNo=200202&viewType=&searchCnd=22&searchWrd=&pageIndex=1,https://www.fss.or.kr/fss/bbs/B0000172/list.do?menuNo=200202&bbsId=&cl1Cd=&cl2Cd=&cl3Cd=&pageIndex=1&paramDeptname=&viewType=&selectDeptname=&searchCnd=22&searchWrd=,19
「보이는 ARS」는 어떻게 이용할 수 있나요?,"금융감독원은
금감원 콜센터(☎1332)의 음성
ARS
안내
내용
을
스
마트폰
화면
을
통해
한 번에 확
인
할
수 있는
｢
보이는 1332｣ 서
비스
를
시
행중에 있습니다. 동 서비스 이용방법은 첨부파일을 참고하여 주시기 바랍니다.",https://www.fss.or.kr/fss/bbs/B0000172/view.do?nttId=49729&menuNo=200202&viewType=&searchCnd=22&searchWrd=&pageIndex=1,https://www.fss.or.kr/fss/bbs/B0000172/list.do?menuNo=200202&bbsId=&cl1Cd=&cl2Cd=&cl3Cd=&pageIndex=1&paramDeptname=&viewType=&selectDeptname=&searchCnd=22&searchWrd=,19
대차료 지급기준 참고(예시),"자동차보험 대차료 지급기준 개선
*
내용을 반영한 FAQ를 게시하오니 참고하시기 바랍니다.
* '22.9.29. 금융감독원 보도자료 ""현행 내연기관 중심의 자동차보험 대차료 지급기준을 친환경차 보급 확대 등 환경변화에 맞게 개선합니다
(
'22.10.11.부터 시행예정
)
""
참조",https://www.fss.or.kr/fss/bbs/B0000172/view.do?nttId=49737&menuNo=200202&viewType=&searchCnd=22&searchWrd=&pageIndex=1,https://www.fss.or.kr/fss/bbs/B0000172/list.do?menuNo=200202&bbsId=&cl1Cd=&cl2Cd=&cl3Cd=&pageIndex=1&paramDeptname=&viewType=&selectDeptname=&searchCnd=22&searchWrd=,20
소비자보호실태평가 결과는 어디서 확인할 수 있나요?,"소비자보호실태평가 결과는 금융감독원 홈페이지
(www.fss.or.kr
)
또는 개별 금융기관 및 협회 홈페이지
*
등을 통해 확인하실 수 있습니다.
※ 금융 권역별 협회 홈페이지 목록
은      행 : 전국은행연합회(www.kfb.or.kr)
생명보험 : 생명보험협회(www.klia.or.kr)
손해보험 : 손해보험협회(www.knia.or.kr)
카      드 : 여신금융협회(www.crefia.or.kr)
저축은행 : 저축은행중앙회(www.fsb.or.kr)
금융투자 : 금융투자협회(www.kofia.or.kr)",https://www.fss.or.kr/fss/bbs/B0000172/view.do?nttId=49736&menuNo=200202&viewType=&searchCnd=22&searchWrd=&pageIndex=1,https://www.fss.or.kr/fss/bbs/B0000172/list.do?menuNo=200202&bbsId=&cl1Cd=&cl2Cd=&cl3Cd=&pageIndex=1&paramDeptname=&viewType=&selectDeptname=&searchCnd=22&searchWrd=,20
소비자보호실태평가의 평가방법이 궁금합니다.,"「금융소비자보호 모범규준」에 명기된 소비자보호 사항의 이행여부 점검을 위해 계량 5개, 비계량 5개 등 총 10개 부문으로 구성하여 각 부문별로 평가하고 있습니다.
자세한 내용은 첨부파일을 참고해주시길 바랍니다.",https://www.fss.or.kr/fss/bbs/B0000172/view.do?nttId=49735&menuNo=200202&viewType=&searchCnd=22&searchWrd=&pageIndex=1,https://www.fss.or.kr/fss/bbs/B0000172/list.do?menuNo=200202&bbsId=&cl1Cd=&cl2Cd=&cl3Cd=&pageIndex=1&paramDeptname=&viewType=&selectDeptname=&searchCnd=22&searchWrd=,20
소비자보호실태평가는 어떤 제도인가요?,"금융감독원은 금융회사의 민원예방 노력 유도 등을 위해 2002년부터 「민원발생평가제도」를 운영
*
해왔습니다.
* 금감원이 처리한 민원건수를 기초로 금융회사를 1∼5등급으로 평가하고 대외에 공표(’14년은 81개사 평가)
그러나 민원건수 위주의 평가만으로는 금융회사의 소비자보호 수준을 평가하고, 금융회사의 자율적 개선노력을 유도하는데 한계가 있어 제도 개선의 필요성이 지속적으로 제기되어 왔습니다.
이에 따라 기존 민원발생평가제도를 대신하여 금융회사의 다양한 소비자보호 활동을 종합적으로 평가할 수 있는 「금융소비자보호 실태평가제도」를 도입·시행
('16.4월 시행)
하게 되었습니다.
소비자보호실태평가제도는
금융소비자에게는 거래 금융회사 선택에 필요한 유용한 정보를 제공하는 한편, 금융회사에게는 소비자보호 중심의 경영문화 확산을 유도하는데 중점을 두고 있습니다.",https://www.fss.or.kr/fss/bbs/B0000172/view.do?nttId=49734&menuNo=200202&viewType=&searchCnd=22&searchWrd=&pageIndex=1,https://www.fss.or.kr/fss/bbs/B0000172/list.do?menuNo=200202&bbsId=&cl1Cd=&cl2Cd=&cl3Cd=&pageIndex=1&paramDeptname=&viewType=&selectDeptname=&searchCnd=22&searchWrd=,20
금융감독원의 민원대상 금융회사가 궁금합니다.,"금융감독원은 은행, 금융투자업자, 보험회사, 여신전문금융회사, 상호저축은행 등 금융기관에 대한 민원을 처리하고 있습니다.
금융감독원의 민원대상 금융기관 조회방법은 다음과 같습니다.
1. 금융감독원 홈페이지 → e-금융민원센터 → 민원안내 → 금융민원신청 안내 → 유의사항
2.
http://www.fcsc.kr/D/fu_d_01_02.jsp
→  유의사항
참고로, 금융감독원의 민원대상 금융기관이 아닌 경우 타 부처 등으로 민원이 이송될 수 있음을 알려드립니다.",https://www.fss.or.kr/fss/bbs/B0000172/view.do?nttId=49733&menuNo=200202&viewType=&searchCnd=22&searchWrd=&pageIndex=1,https://www.fss.or.kr/fss/bbs/B0000172/list.do?menuNo=200202&bbsId=&cl1Cd=&cl2Cd=&cl3Cd=&pageIndex=1&paramDeptname=&viewType=&selectDeptname=&searchCnd=22&searchWrd=,20
내 금융계좌를 한번에 조회할 수 있는 사이트는 없나요?,"‘내 계좌 한눈에’ 서비스를 통하여 본인의 주요 금융계좌 정보를 한번에 조회할 수 있습니다!
금융소비자정보포털 ‘파인’(fine.fss.or.kr) 또는 ’내 계좌 한눈에‘ 홈페이지 (
www.accountinfo.or.kr)
를
통해 9시부터 22시까지 이용가능하며(연중무휴), 은행·상호금융
계좌, 보험 계약, 대부업체를 제외한 제도권 금융회사의 대출정보를 일괄조회 할 수 있습니다.",https://www.fss.or.kr/fss/bbs/B0000172/view.do?nttId=49732&menuNo=200202&viewType=&searchCnd=22&searchWrd=&pageIndex=1,https://www.fss.or.kr/fss/bbs/B0000172/list.do?menuNo=200202&bbsId=&cl1Cd=&cl2Cd=&cl3Cd=&pageIndex=1&paramDeptname=&viewType=&selectDeptname=&searchCnd=22&searchWrd=,20
어려운 금융용어 등을 쉽게 찾아볼 수 있는 사이트는 없나요?,"금융감독원은 금융소비자의 전문적인 금융용어에 대한 이해도를 제고하기 위해 관련 제도의 배경, 이슈 등을 종합적으로 반영해 작성한 ‘
금융용어사전
’을 오픈하였습니다.
‘금융용어사전’에는 핀테크 발달을 반영한 인터넷 전문은행, P2P(Peer to Peer) 대출, 로보어드바이저, 크라우드펀딩 등 전문 용어를 비롯한 533개 용어를 상세히 설명하고 있습니다.
금융감독원 홈페이지 및 ‘파인(FINE:fine.fss.or.kr)'의 금융용어사전’ 코너에서 찾아보실 수
있으며, 알고 싶은 용어명을 정확히 입력하지 않더라고 일부 단어만으로도 검색이 가능합니다.",https://www.fss.or.kr/fss/bbs/B0000172/view.do?nttId=49731&menuNo=200202&viewType=&searchCnd=22&searchWrd=&pageIndex=1,https://www.fss.or.kr/fss/bbs/B0000172/list.do?menuNo=200202&bbsId=&cl1Cd=&cl2Cd=&cl3Cd=&pageIndex=1&paramDeptname=&viewType=&selectDeptname=&searchCnd=22&searchWrd=,20
정기예금 및 적금 금리를 한눈에 비교해 볼 수 있는 곳은 없나요?,"금융감독원은 소비자의 금융상품 선택에 실질적인 도움이 될 수 있도록,
금융상품 통합 비교공시시스템 ‘금융상품한눈에’
를 오픈하였습니다.
예·적금, 대출 등 금융상품을 통합 비교공시하고 있으며,
실손보험, 자동차보험 등은 협회사이트(보험다모아)를 연결하여 제공하고 있습니다.
(다만 본 사이트의 금융상품 정보는 매월 20일 정기적으로 공시하고 있으며, 최신정보 제공을 위해 노력하고 있으나 금융상품의 금리 등 거래조건이 수시로 변경될 수 있으므로 거래전 반드시 해당 금융회사에 문의 후 구입을 결정하시기 바랍니다.)
* 홈페이지 주소 :
http://finlife.fss.or.kr",https://www.fss.or.kr/fss/bbs/B0000172/view.do?nttId=49730&menuNo=200202&viewType=&searchCnd=22&searchWrd=&pageIndex=1,https://www.fss.or.kr/fss/bbs/B0000172/list.do?menuNo=200202&bbsId=&cl1Cd=&cl2Cd=&cl3Cd=&pageIndex=1&paramDeptname=&viewType=&selectDeptname=&searchCnd=22&searchWrd=,20
「보이는 ARS」는 어떻게 이용할 수 있나요?,"금융감독원은
금감원 콜센터(☎1332)의 음성
ARS
안내
내용
을
스
마트폰
화면
을
통해
한 번에 확
인
할
수 있는
｢
보이는 1332｣ 서
비스
를
시
행중에 있습니다. 동 서비스 이용방법은 첨부파일을 참고하여 주시기 바랍니다.",https://www.fss.or.kr/fss/bbs/B0000172/view.do?nttId=49729&menuNo=200202&viewType=&searchCnd=22&searchWrd=&pageIndex=1,https://www.fss.or.kr/fss/bbs/B0000172/list.do?menuNo=200202&bbsId=&cl1Cd=&cl2Cd=&cl3Cd=&pageIndex=1&paramDeptname=&viewType=&selectDeptname=&searchCnd=22&searchWrd=,20
대차료 지급기준 참고(예시),"자동차보험 대차료 지급기준 개선
*
내용을 반영한 FAQ를 게시하오니 참고하시기 바랍니다.
* '22.9.29. 금융감독원 보도자료 ""현행 내연기관 중심의 자동차보험 대차료 지급기준을 친환경차 보급 확대 등 환경변화에 맞게 개선합니다
(
'22.10.11.부터 시행예정
)
""
참조",https://www.fss.or.kr/fss/bbs/B0000172/view.do?nttId=49737&menuNo=200202&viewType=&searchCnd=22&searchWrd=&pageIndex=1,https://www.fss.or.kr/fss/bbs/B0000172/list.do?menuNo=200202&bbsId=&cl1Cd=&cl2Cd=&cl3Cd=&pageIndex=1&paramDeptname=&viewType=&selectDeptname=&searchCnd=22&searchWrd=,21
소비자보호실태평가 결과는 어디서 확인할 수 있나요?,"소비자보호실태평가 결과는 금융감독원 홈페이지
(www.fss.or.kr
)
또는 개별 금융기관 및 협회 홈페이지
*
등을 통해 확인하실 수 있습니다.
※ 금융 권역별 협회 홈페이지 목록
은      행 : 전국은행연합회(www.kfb.or.kr)
생명보험 : 생명보험협회(www.klia.or.kr)
손해보험 : 손해보험협회(www.knia.or.kr)
카      드 : 여신금융협회(www.crefia.or.kr)
저축은행 : 저축은행중앙회(www.fsb.or.kr)
금융투자 : 금융투자협회(www.kofia.or.kr)",https://www.fss.or.kr/fss/bbs/B0000172/view.do?nttId=49736&menuNo=200202&viewType=&searchCnd=22&searchWrd=&pageIndex=1,https://www.fss.or.kr/fss/bbs/B0000172/list.do?menuNo=200202&bbsId=&cl1Cd=&cl2Cd=&cl3Cd=&pageIndex=1&paramDeptname=&viewType=&selectDeptname=&searchCnd=22&searchWrd=,21
소비자보호실태평가의 평가방법이 궁금합니다.,"「금융소비자보호 모범규준」에 명기된 소비자보호 사항의 이행여부 점검을 위해 계량 5개, 비계량 5개 등 총 10개 부문으로 구성하여 각 부문별로 평가하고 있습니다.
자세한 내용은 첨부파일을 참고해주시길 바랍니다.",https://www.fss.or.kr/fss/bbs/B0000172/view.do?nttId=49735&menuNo=200202&viewType=&searchCnd=22&searchWrd=&pageIndex=1,https://www.fss.or.kr/fss/bbs/B0000172/list.do?menuNo=200202&bbsId=&cl1Cd=&cl2Cd=&cl3Cd=&pageIndex=1&paramDeptname=&viewType=&selectDeptname=&searchCnd=22&searchWrd=,21
소비자보호실태평가는 어떤 제도인가요?,"금융감독원은 금융회사의 민원예방 노력 유도 등을 위해 2002년부터 「민원발생평가제도」를 운영
*
해왔습니다.
* 금감원이 처리한 민원건수를 기초로 금융회사를 1∼5등급으로 평가하고 대외에 공표(’14년은 81개사 평가)
그러나 민원건수 위주의 평가만으로는 금융회사의 소비자보호 수준을 평가하고, 금융회사의 자율적 개선노력을 유도하는데 한계가 있어 제도 개선의 필요성이 지속적으로 제기되어 왔습니다.
이에 따라 기존 민원발생평가제도를 대신하여 금융회사의 다양한 소비자보호 활동을 종합적으로 평가할 수 있는 「금융소비자보호 실태평가제도」를 도입·시행
('16.4월 시행)
하게 되었습니다.
소비자보호실태평가제도는
금융소비자에게는 거래 금융회사 선택에 필요한 유용한 정보를 제공하는 한편, 금융회사에게는 소비자보호 중심의 경영문화 확산을 유도하는데 중점을 두고 있습니다.",https://www.fss.or.kr/fss/bbs/B0000172/view.do?nttId=49734&menuNo=200202&viewType=&searchCnd=22&searchWrd=&pageIndex=1,https://www.fss.or.kr/fss/bbs/B0000172/list.do?menuNo=200202&bbsId=&cl1Cd=&cl2Cd=&cl3Cd=&pageIndex=1&paramDeptname=&viewType=&selectDeptname=&searchCnd=22&searchWrd=,21
금융감독원의 민원대상 금융회사가 궁금합니다.,"금융감독원은 은행, 금융투자업자, 보험회사, 여신전문금융회사, 상호저축은행 등 금융기관에 대한 민원을 처리하고 있습니다.
금융감독원의 민원대상 금융기관 조회방법은 다음과 같습니다.
1. 금융감독원 홈페이지 → e-금융민원센터 → 민원안내 → 금융민원신청 안내 → 유의사항
2.
http://www.fcsc.kr/D/fu_d_01_02.jsp
→  유의사항
참고로, 금융감독원의 민원대상 금융기관이 아닌 경우 타 부처 등으로 민원이 이송될 수 있음을 알려드립니다.",https://www.fss.or.kr/fss/bbs/B0000172/view.do?nttId=49733&menuNo=200202&viewType=&searchCnd=22&searchWrd=&pageIndex=1,https://www.fss.or.kr/fss/bbs/B0000172/list.do?menuNo=200202&bbsId=&cl1Cd=&cl2Cd=&cl3Cd=&pageIndex=1&paramDeptname=&viewType=&selectDeptname=&searchCnd=22&searchWrd=,21
내 금융계좌를 한번에 조회할 수 있는 사이트는 없나요?,"‘내 계좌 한눈에’ 서비스를 통하여 본인의 주요 금융계좌 정보를 한번에 조회할 수 있습니다!
금융소비자정보포털 ‘파인’(fine.fss.or.kr) 또는 ’내 계좌 한눈에‘ 홈페이지 (
www.accountinfo.or.kr)
를
통해 9시부터 22시까지 이용가능하며(연중무휴), 은행·상호금융
계좌, 보험 계약, 대부업체를 제외한 제도권 금융회사의 대출정보를 일괄조회 할 수 있습니다.",https://www.fss.or.kr/fss/bbs/B0000172/view.do?nttId=49732&menuNo=200202&viewType=&searchCnd=22&searchWrd=&pageIndex=1,https://www.fss.or.kr/fss/bbs/B0000172/list.do?menuNo=200202&bbsId=&cl1Cd=&cl2Cd=&cl3Cd=&pageIndex=1&paramDeptname=&viewType=&selectDeptname=&searchCnd=22&searchWrd=,21
어려운 금융용어 등을 쉽게 찾아볼 수 있는 사이트는 없나요?,"금융감독원은 금융소비자의 전문적인 금융용어에 대한 이해도를 제고하기 위해 관련 제도의 배경, 이슈 등을 종합적으로 반영해 작성한 ‘
금융용어사전
’을 오픈하였습니다.
‘금융용어사전’에는 핀테크 발달을 반영한 인터넷 전문은행, P2P(Peer to Peer) 대출, 로보어드바이저, 크라우드펀딩 등 전문 용어를 비롯한 533개 용어를 상세히 설명하고 있습니다.
금융감독원 홈페이지 및 ‘파인(FINE:fine.fss.or.kr)'의 금융용어사전’ 코너에서 찾아보실 수
있으며, 알고 싶은 용어명을 정확히 입력하지 않더라고 일부 단어만으로도 검색이 가능합니다.",https://www.fss.or.kr/fss/bbs/B0000172/view.do?nttId=49731&menuNo=200202&viewType=&searchCnd=22&searchWrd=&pageIndex=1,https://www.fss.or.kr/fss/bbs/B0000172/list.do?menuNo=200202&bbsId=&cl1Cd=&cl2Cd=&cl3Cd=&pageIndex=1&paramDeptname=&viewType=&selectDeptname=&searchCnd=22&searchWrd=,21
정기예금 및 적금 금리를 한눈에 비교해 볼 수 있는 곳은 없나요?,"금융감독원은 소비자의 금융상품 선택에 실질적인 도움이 될 수 있도록,
금융상품 통합 비교공시시스템 ‘금융상품한눈에’
를 오픈하였습니다.
예·적금, 대출 등 금융상품을 통합 비교공시하고 있으며,
실손보험, 자동차보험 등은 협회사이트(보험다모아)를 연결하여 제공하고 있습니다.
(다만 본 사이트의 금융상품 정보는 매월 20일 정기적으로 공시하고 있으며, 최신정보 제공을 위해 노력하고 있으나 금융상품의 금리 등 거래조건이 수시로 변경될 수 있으므로 거래전 반드시 해당 금융회사에 문의 후 구입을 결정하시기 바랍니다.)
* 홈페이지 주소 :
http://finlife.fss.or.kr",https://www.fss.or.kr/fss/bbs/B0000172/view.do?nttId=49730&menuNo=200202&viewType=&searchCnd=22&searchWrd=&pageIndex=1,https://www.fss.or.kr/fss/bbs/B0000172/list.do?menuNo=200202&bbsId=&cl1Cd=&cl2Cd=&cl3Cd=&pageIndex=1&paramDeptname=&viewType=&selectDeptname=&searchCnd=22&searchWrd=,21
「보이는 ARS」는 어떻게 이용할 수 있나요?,"금융감독원은
금감원 콜센터(☎1332)의 음성
ARS
안내
내용
을
스
마트폰
화면
을
통해
한 번에 확
인
할
수 있는
｢
보이는 1332｣ 서
비스
를
시
행중에 있습니다. 동 서비스 이용방법은 첨부파일을 참고하여 주시기 바랍니다.",https://www.fss.or.kr/fss/bbs/B0000172/view.do?nttId=49729&menuNo=200202&viewType=&searchCnd=22&searchWrd=&pageIndex=1,https://www.fss.or.kr/fss/bbs/B0000172/list.do?menuNo=200202&bbsId=&cl1Cd=&cl2Cd=&cl3Cd=&pageIndex=1&paramDeptname=&viewType=&selectDeptname=&searchCnd=22&searchWrd=,21
대차료 지급기준 참고(예시),"자동차보험 대차료 지급기준 개선
*
내용을 반영한 FAQ를 게시하오니 참고하시기 바랍니다.
* '22.9.29. 금융감독원 보도자료 ""현행 내연기관 중심의 자동차보험 대차료 지급기준을 친환경차 보급 확대 등 환경변화에 맞게 개선합니다
(
'22.10.11.부터 시행예정
)
""
참조",https://www.fss.or.kr/fss/bbs/B0000172/view.do?nttId=49737&menuNo=200202&viewType=&searchCnd=22&searchWrd=&pageIndex=1,https://www.fss.or.kr/fss/bbs/B0000172/list.do?menuNo=200202&bbsId=&cl1Cd=&cl2Cd=&cl3Cd=&pageIndex=1&paramDeptname=&viewType=&selectDeptname=&searchCnd=22&searchWrd=,22
소비자보호실태평가 결과는 어디서 확인할 수 있나요?,"소비자보호실태평가 결과는 금융감독원 홈페이지
(www.fss.or.kr
)
또는 개별 금융기관 및 협회 홈페이지
*
등을 통해 확인하실 수 있습니다.
※ 금융 권역별 협회 홈페이지 목록
은      행 : 전국은행연합회(www.kfb.or.kr)
생명보험 : 생명보험협회(www.klia.or.kr)
손해보험 : 손해보험협회(www.knia.or.kr)
카      드 : 여신금융협회(www.crefia.or.kr)
저축은행 : 저축은행중앙회(www.fsb.or.kr)
금융투자 : 금융투자협회(www.kofia.or.kr)",https://www.fss.or.kr/fss/bbs/B0000172/view.do?nttId=49736&menuNo=200202&viewType=&searchCnd=22&searchWrd=&pageIndex=1,https://www.fss.or.kr/fss/bbs/B0000172/list.do?menuNo=200202&bbsId=&cl1Cd=&cl2Cd=&cl3Cd=&pageIndex=1&paramDeptname=&viewType=&selectDeptname=&searchCnd=22&searchWrd=,22
소비자보호실태평가의 평가방법이 궁금합니다.,"「금융소비자보호 모범규준」에 명기된 소비자보호 사항의 이행여부 점검을 위해 계량 5개, 비계량 5개 등 총 10개 부문으로 구성하여 각 부문별로 평가하고 있습니다.
자세한 내용은 첨부파일을 참고해주시길 바랍니다.",https://www.fss.or.kr/fss/bbs/B0000172/view.do?nttId=49735&menuNo=200202&viewType=&searchCnd=22&searchWrd=&pageIndex=1,https://www.fss.or.kr/fss/bbs/B0000172/list.do?menuNo=200202&bbsId=&cl1Cd=&cl2Cd=&cl3Cd=&pageIndex=1&paramDeptname=&viewType=&selectDeptname=&searchCnd=22&searchWrd=,22
소비자보호실태평가는 어떤 제도인가요?,"금융감독원은 금융회사의 민원예방 노력 유도 등을 위해 2002년부터 「민원발생평가제도」를 운영
*
해왔습니다.
* 금감원이 처리한 민원건수를 기초로 금융회사를 1∼5등급으로 평가하고 대외에 공표(’14년은 81개사 평가)
그러나 민원건수 위주의 평가만으로는 금융회사의 소비자보호 수준을 평가하고, 금융회사의 자율적 개선노력을 유도하는데 한계가 있어 제도 개선의 필요성이 지속적으로 제기되어 왔습니다.
이에 따라 기존 민원발생평가제도를 대신하여 금융회사의 다양한 소비자보호 활동을 종합적으로 평가할 수 있는 「금융소비자보호 실태평가제도」를 도입·시행
('16.4월 시행)
하게 되었습니다.
소비자보호실태평가제도는
금융소비자에게는 거래 금융회사 선택에 필요한 유용한 정보를 제공하는 한편, 금융회사에게는 소비자보호 중심의 경영문화 확산을 유도하는데 중점을 두고 있습니다.",https://www.fss.or.kr/fss/bbs/B0000172/view.do?nttId=49734&menuNo=200202&viewType=&searchCnd=22&searchWrd=&pageIndex=1,https://www.fss.or.kr/fss/bbs/B0000172/list.do?menuNo=200202&bbsId=&cl1Cd=&cl2Cd=&cl3Cd=&pageIndex=1&paramDeptname=&viewType=&selectDeptname=&searchCnd=22&searchWrd=,22
금융감독원의 민원대상 금융회사가 궁금합니다.,"금융감독원은 은행, 금융투자업자, 보험회사, 여신전문금융회사, 상호저축은행 등 금융기관에 대한 민원을 처리하고 있습니다.
금융감독원의 민원대상 금융기관 조회방법은 다음과 같습니다.
1. 금융감독원 홈페이지 → e-금융민원센터 → 민원안내 → 금융민원신청 안내 → 유의사항
2.
http://www.fcsc.kr/D/fu_d_01_02.jsp
→  유의사항
참고로, 금융감독원의 민원대상 금융기관이 아닌 경우 타 부처 등으로 민원이 이송될 수 있음을 알려드립니다.",https://www.fss.or.kr/fss/bbs/B0000172/view.do?nttId=49733&menuNo=200202&viewType=&searchCnd=22&searchWrd=&pageIndex=1,https://www.fss.or.kr/fss/bbs/B0000172/list.do?menuNo=200202&bbsId=&cl1Cd=&cl2Cd=&cl3Cd=&pageIndex=1&paramDeptname=&viewType=&selectDeptname=&searchCnd=22&searchWrd=,22
내 금융계좌를 한번에 조회할 수 있는 사이트는 없나요?,"‘내 계좌 한눈에’ 서비스를 통하여 본인의 주요 금융계좌 정보를 한번에 조회할 수 있습니다!
금융소비자정보포털 ‘파인’(fine.fss.or.kr) 또는 ’내 계좌 한눈에‘ 홈페이지 (
www.accountinfo.or.kr)
를
통해 9시부터 22시까지 이용가능하며(연중무휴), 은행·상호금융
계좌, 보험 계약, 대부업체를 제외한 제도권 금융회사의 대출정보를 일괄조회 할 수 있습니다.",https://www.fss.or.kr/fss/bbs/B0000172/view.do?nttId=49732&menuNo=200202&viewType=&searchCnd=22&searchWrd=&pageIndex=1,https://www.fss.or.kr/fss/bbs/B0000172/list.do?menuNo=200202&bbsId=&cl1Cd=&cl2Cd=&cl3Cd=&pageIndex=1&paramDeptname=&viewType=&selectDeptname=&searchCnd=22&searchWrd=,22
어려운 금융용어 등을 쉽게 찾아볼 수 있는 사이트는 없나요?,"금융감독원은 금융소비자의 전문적인 금융용어에 대한 이해도를 제고하기 위해 관련 제도의 배경, 이슈 등을 종합적으로 반영해 작성한 ‘
금융용어사전
’을 오픈하였습니다.
‘금융용어사전’에는 핀테크 발달을 반영한 인터넷 전문은행, P2P(Peer to Peer) 대출, 로보어드바이저, 크라우드펀딩 등 전문 용어를 비롯한 533개 용어를 상세히 설명하고 있습니다.
금융감독원 홈페이지 및 ‘파인(FINE:fine.fss.or.kr)'의 금융용어사전’ 코너에서 찾아보실 수
있으며, 알고 싶은 용어명을 정확히 입력하지 않더라고 일부 단어만으로도 검색이 가능합니다.",https://www.fss.or.kr/fss/bbs/B0000172/view.do?nttId=49731&menuNo=200202&viewType=&searchCnd=22&searchWrd=&pageIndex=1,https://www.fss.or.kr/fss/bbs/B0000172/list.do?menuNo=200202&bbsId=&cl1Cd=&cl2Cd=&cl3Cd=&pageIndex=1&paramDeptname=&viewType=&selectDeptname=&searchCnd=22&searchWrd=,22
정기예금 및 적금 금리를 한눈에 비교해 볼 수 있는 곳은 없나요?,"금융감독원은 소비자의 금융상품 선택에 실질적인 도움이 될 수 있도록,
금융상품 통합 비교공시시스템 ‘금융상품한눈에’
를 오픈하였습니다.
예·적금, 대출 등 금융상품을 통합 비교공시하고 있으며,
실손보험, 자동차보험 등은 협회사이트(보험다모아)를 연결하여 제공하고 있습니다.
(다만 본 사이트의 금융상품 정보는 매월 20일 정기적으로 공시하고 있으며, 최신정보 제공을 위해 노력하고 있으나 금융상품의 금리 등 거래조건이 수시로 변경될 수 있으므로 거래전 반드시 해당 금융회사에 문의 후 구입을 결정하시기 바랍니다.)
* 홈페이지 주소 :
http://finlife.fss.or.kr",https://www.fss.or.kr/fss/bbs/B0000172/view.do?nttId=49730&menuNo=200202&viewType=&searchCnd=22&searchWrd=&pageIndex=1,https://www.fss.or.kr/fss/bbs/B0000172/list.do?menuNo=200202&bbsId=&cl1Cd=&cl2Cd=&cl3Cd=&pageIndex=1&paramDeptname=&viewType=&selectDeptname=&searchCnd=22&searchWrd=,22
「보이는 ARS」는 어떻게 이용할 수 있나요?,"금융감독원은
금감원 콜센터(☎1332)의 음성
ARS
안내
내용
을
스
마트폰
화면
을
통해
한 번에 확
인
할
수 있는
｢
보이는 1332｣ 서
비스
를
시
행중에 있습니다. 동 서비스 이용방법은 첨부파일을 참고하여 주시기 바랍니다.",https://www.fss.or.kr/fss/bbs/B0000172/view.do?nttId=49729&menuNo=200202&viewType=&searchCnd=22&searchWrd=&pageIndex=1,https://www.fss.or.kr/fss/bbs/B0000172/list.do?menuNo=200202&bbsId=&cl1Cd=&cl2Cd=&cl3Cd=&pageIndex=1&paramDeptname=&viewType=&selectDeptname=&searchCnd=22&searchWrd=,22
대차료 지급기준 참고(예시),"자동차보험 대차료 지급기준 개선
*
내용을 반영한 FAQ를 게시하오니 참고하시기 바랍니다.
* '22.9.29. 금융감독원 보도자료 ""현행 내연기관 중심의 자동차보험 대차료 지급기준을 친환경차 보급 확대 등 환경변화에 맞게 개선합니다
(
'22.10.11.부터 시행예정
)
""
참조",https://www.fss.or.kr/fss/bbs/B0000172/view.do?nttId=49737&menuNo=200202&viewType=&searchCnd=22&searchWrd=&pageIndex=1,https://www.fss.or.kr/fss/bbs/B0000172/list.do?menuNo=200202&bbsId=&cl1Cd=&cl2Cd=&cl3Cd=&pageIndex=1&paramDeptname=&viewType=&selectDeptname=&searchCnd=22&searchWrd=,23
소비자보호실태평가 결과는 어디서 확인할 수 있나요?,"소비자보호실태평가 결과는 금융감독원 홈페이지
(www.fss.or.kr
)
또는 개별 금융기관 및 협회 홈페이지
*
등을 통해 확인하실 수 있습니다.
※ 금융 권역별 협회 홈페이지 목록
은      행 : 전국은행연합회(www.kfb.or.kr)
생명보험 : 생명보험협회(www.klia.or.kr)
손해보험 : 손해보험협회(www.knia.or.kr)
카      드 : 여신금융협회(www.crefia.or.kr)
저축은행 : 저축은행중앙회(www.fsb.or.kr)
금융투자 : 금융투자협회(www.kofia.or.kr)",https://www.fss.or.kr/fss/bbs/B0000172/view.do?nttId=49736&menuNo=200202&viewType=&searchCnd=22&searchWrd=&pageIndex=1,https://www.fss.or.kr/fss/bbs/B0000172/list.do?menuNo=200202&bbsId=&cl1Cd=&cl2Cd=&cl3Cd=&pageIndex=1&paramDeptname=&viewType=&selectDeptname=&searchCnd=22&searchWrd=,23
소비자보호실태평가의 평가방법이 궁금합니다.,"「금융소비자보호 모범규준」에 명기된 소비자보호 사항의 이행여부 점검을 위해 계량 5개, 비계량 5개 등 총 10개 부문으로 구성하여 각 부문별로 평가하고 있습니다.
자세한 내용은 첨부파일을 참고해주시길 바랍니다.",https://www.fss.or.kr/fss/bbs/B0000172/view.do?nttId=49735&menuNo=200202&viewType=&searchCnd=22&searchWrd=&pageIndex=1,https://www.fss.or.kr/fss/bbs/B0000172/list.do?menuNo=200202&bbsId=&cl1Cd=&cl2Cd=&cl3Cd=&pageIndex=1&paramDeptname=&viewType=&selectDeptname=&searchCnd=22&searchWrd=,23
소비자보호실태평가는 어떤 제도인가요?,"금융감독원은 금융회사의 민원예방 노력 유도 등을 위해 2002년부터 「민원발생평가제도」를 운영
*
해왔습니다.
* 금감원이 처리한 민원건수를 기초로 금융회사를 1∼5등급으로 평가하고 대외에 공표(’14년은 81개사 평가)
그러나 민원건수 위주의 평가만으로는 금융회사의 소비자보호 수준을 평가하고, 금융회사의 자율적 개선노력을 유도하는데 한계가 있어 제도 개선의 필요성이 지속적으로 제기되어 왔습니다.
이에 따라 기존 민원발생평가제도를 대신하여 금융회사의 다양한 소비자보호 활동을 종합적으로 평가할 수 있는 「금융소비자보호 실태평가제도」를 도입·시행
('16.4월 시행)
하게 되었습니다.
소비자보호실태평가제도는
금융소비자에게는 거래 금융회사 선택에 필요한 유용한 정보를 제공하는 한편, 금융회사에게는 소비자보호 중심의 경영문화 확산을 유도하는데 중점을 두고 있습니다.",https://www.fss.or.kr/fss/bbs/B0000172/view.do?nttId=49734&menuNo=200202&viewType=&searchCnd=22&searchWrd=&pageIndex=1,https://www.fss.or.kr/fss/bbs/B0000172/list.do?menuNo=200202&bbsId=&cl1Cd=&cl2Cd=&cl3Cd=&pageIndex=1&paramDeptname=&viewType=&selectDeptname=&searchCnd=22&searchWrd=,23
금융감독원의 민원대상 금융회사가 궁금합니다.,"금융감독원은 은행, 금융투자업자, 보험회사, 여신전문금융회사, 상호저축은행 등 금융기관에 대한 민원을 처리하고 있습니다.
금융감독원의 민원대상 금융기관 조회방법은 다음과 같습니다.
1. 금융감독원 홈페이지 → e-금융민원센터 → 민원안내 → 금융민원신청 안내 → 유의사항
2.
http://www.fcsc.kr/D/fu_d_01_02.jsp
→  유의사항
참고로, 금융감독원의 민원대상 금융기관이 아닌 경우 타 부처 등으로 민원이 이송될 수 있음을 알려드립니다.",https://www.fss.or.kr/fss/bbs/B0000172/view.do?nttId=49733&menuNo=200202&viewType=&searchCnd=22&searchWrd=&pageIndex=1,https://www.fss.or.kr/fss/bbs/B0000172/list.do?menuNo=200202&bbsId=&cl1Cd=&cl2Cd=&cl3Cd=&pageIndex=1&paramDeptname=&viewType=&selectDeptname=&searchCnd=22&searchWrd=,23
내 금융계좌를 한번에 조회할 수 있는 사이트는 없나요?,"‘내 계좌 한눈에’ 서비스를 통하여 본인의 주요 금융계좌 정보를 한번에 조회할 수 있습니다!
금융소비자정보포털 ‘파인’(fine.fss.or.kr) 또는 ’내 계좌 한눈에‘ 홈페이지 (
www.accountinfo.or.kr)
를
통해 9시부터 22시까지 이용가능하며(연중무휴), 은행·상호금융
계좌, 보험 계약, 대부업체를 제외한 제도권 금융회사의 대출정보를 일괄조회 할 수 있습니다.",https://www.fss.or.kr/fss/bbs/B0000172/view.do?nttId=49732&menuNo=200202&viewType=&searchCnd=22&searchWrd=&pageIndex=1,https://www.fss.or.kr/fss/bbs/B0000172/list.do?menuNo=200202&bbsId=&cl1Cd=&cl2Cd=&cl3Cd=&pageIndex=1&paramDeptname=&viewType=&selectDeptname=&searchCnd=22&searchWrd=,23
어려운 금융용어 등을 쉽게 찾아볼 수 있는 사이트는 없나요?,"금융감독원은 금융소비자의 전문적인 금융용어에 대한 이해도를 제고하기 위해 관련 제도의 배경, 이슈 등을 종합적으로 반영해 작성한 ‘
금융용어사전
’을 오픈하였습니다.
‘금융용어사전’에는 핀테크 발달을 반영한 인터넷 전문은행, P2P(Peer to Peer) 대출, 로보어드바이저, 크라우드펀딩 등 전문 용어를 비롯한 533개 용어를 상세히 설명하고 있습니다.
금융감독원 홈페이지 및 ‘파인(FINE:fine.fss.or.kr)'의 금융용어사전’ 코너에서 찾아보실 수
있으며, 알고 싶은 용어명을 정확히 입력하지 않더라고 일부 단어만으로도 검색이 가능합니다.",https://www.fss.or.kr/fss/bbs/B0000172/view.do?nttId=49731&menuNo=200202&viewType=&searchCnd=22&searchWrd=&pageIndex=1,https://www.fss.or.kr/fss/bbs/B0000172/list.do?menuNo=200202&bbsId=&cl1Cd=&cl2Cd=&cl3Cd=&pageIndex=1&paramDeptname=&viewType=&selectDeptname=&searchCnd=22&searchWrd=,23
정기예금 및 적금 금리를 한눈에 비교해 볼 수 있는 곳은 없나요?,"금융감독원은 소비자의 금융상품 선택에 실질적인 도움이 될 수 있도록,
금융상품 통합 비교공시시스템 ‘금융상품한눈에’
를 오픈하였습니다.
예·적금, 대출 등 금융상품을 통합 비교공시하고 있으며,
실손보험, 자동차보험 등은 협회사이트(보험다모아)를 연결하여 제공하고 있습니다.
(다만 본 사이트의 금융상품 정보는 매월 20일 정기적으로 공시하고 있으며, 최신정보 제공을 위해 노력하고 있으나 금융상품의 금리 등 거래조건이 수시로 변경될 수 있으므로 거래전 반드시 해당 금융회사에 문의 후 구입을 결정하시기 바랍니다.)
* 홈페이지 주소 :
http://finlife.fss.or.kr",https://www.fss.or.kr/fss/bbs/B0000172/view.do?nttId=49730&menuNo=200202&viewType=&searchCnd=22&searchWrd=&pageIndex=1,https://www.fss.or.kr/fss/bbs/B0000172/list.do?menuNo=200202&bbsId=&cl1Cd=&cl2Cd=&cl3Cd=&pageIndex=1&paramDeptname=&viewType=&selectDeptname=&searchCnd=22&searchWrd=,23
「보이는 ARS」는 어떻게 이용할 수 있나요?,"금융감독원은
금감원 콜센터(☎1332)의 음성
ARS
안내
내용
을
스
마트폰
화면
을
통해
한 번에 확
인
할
수 있는
｢
보이는 1332｣ 서
비스
를
시
행중에 있습니다. 동 서비스 이용방법은 첨부파일을 참고하여 주시기 바랍니다.",https://www.fss.or.kr/fss/bbs/B0000172/view.do?nttId=49729&menuNo=200202&viewType=&searchCnd=22&searchWrd=&pageIndex=1,https://www.fss.or.kr/fss/bbs/B0000172/list.do?menuNo=200202&bbsId=&cl1Cd=&cl2Cd=&cl3Cd=&pageIndex=1&paramDeptname=&viewType=&selectDeptname=&searchCnd=22&searchWrd=,23
대차료 지급기준 참고(예시),"자동차보험 대차료 지급기준 개선
*
내용을 반영한 FAQ를 게시하오니 참고하시기 바랍니다.
* '22.9.29. 금융감독원 보도자료 ""현행 내연기관 중심의 자동차보험 대차료 지급기준을 친환경차 보급 확대 등 환경변화에 맞게 개선합니다
(
'22.10.11.부터 시행예정
)
""
참조",https://www.fss.or.kr/fss/bbs/B0000172/view.do?nttId=49737&menuNo=200202&viewType=&searchCnd=22&searchWrd=&pageIndex=1,https://www.fss.or.kr/fss/bbs/B0000172/list.do?menuNo=200202&bbsId=&cl1Cd=&cl2Cd=&cl3Cd=&pageIndex=1&paramDeptname=&viewType=&selectDeptname=&searchCnd=22&searchWrd=,24
소비자보호실태평가 결과는 어디서 확인할 수 있나요?,"소비자보호실태평가 결과는 금융감독원 홈페이지
(www.fss.or.kr
)
또는 개별 금융기관 및 협회 홈페이지
*
등을 통해 확인하실 수 있습니다.
※ 금융 권역별 협회 홈페이지 목록
은      행 : 전국은행연합회(www.kfb.or.kr)
생명보험 : 생명보험협회(www.klia.or.kr)
손해보험 : 손해보험협회(www.knia.or.kr)
카      드 : 여신금융협회(www.crefia.or.kr)
저축은행 : 저축은행중앙회(www.fsb.or.kr)
금융투자 : 금융투자협회(www.kofia.or.kr)",https://www.fss.or.kr/fss/bbs/B0000172/view.do?nttId=49736&menuNo=200202&viewType=&searchCnd=22&searchWrd=&pageIndex=1,https://www.fss.or.kr/fss/bbs/B0000172/list.do?menuNo=200202&bbsId=&cl1Cd=&cl2Cd=&cl3Cd=&pageIndex=1&paramDeptname=&viewType=&selectDeptname=&searchCnd=22&searchWrd=,24
소비자보호실태평가의 평가방법이 궁금합니다.,"「금융소비자보호 모범규준」에 명기된 소비자보호 사항의 이행여부 점검을 위해 계량 5개, 비계량 5개 등 총 10개 부문으로 구성하여 각 부문별로 평가하고 있습니다.
자세한 내용은 첨부파일을 참고해주시길 바랍니다.",https://www.fss.or.kr/fss/bbs/B0000172/view.do?nttId=49735&menuNo=200202&viewType=&searchCnd=22&searchWrd=&pageIndex=1,https://www.fss.or.kr/fss/bbs/B0000172/list.do?menuNo=200202&bbsId=&cl1Cd=&cl2Cd=&cl3Cd=&pageIndex=1&paramDeptname=&viewType=&selectDeptname=&searchCnd=22&searchWrd=,24
소비자보호실태평가는 어떤 제도인가요?,"금융감독원은 금융회사의 민원예방 노력 유도 등을 위해 2002년부터 「민원발생평가제도」를 운영
*
해왔습니다.
* 금감원이 처리한 민원건수를 기초로 금융회사를 1∼5등급으로 평가하고 대외에 공표(’14년은 81개사 평가)
그러나 민원건수 위주의 평가만으로는 금융회사의 소비자보호 수준을 평가하고, 금융회사의 자율적 개선노력을 유도하는데 한계가 있어 제도 개선의 필요성이 지속적으로 제기되어 왔습니다.
이에 따라 기존 민원발생평가제도를 대신하여 금융회사의 다양한 소비자보호 활동을 종합적으로 평가할 수 있는 「금융소비자보호 실태평가제도」를 도입·시행
('16.4월 시행)
하게 되었습니다.
소비자보호실태평가제도는
금융소비자에게는 거래 금융회사 선택에 필요한 유용한 정보를 제공하는 한편, 금융회사에게는 소비자보호 중심의 경영문화 확산을 유도하는데 중점을 두고 있습니다.",https://www.fss.or.kr/fss/bbs/B0000172/view.do?nttId=49734&menuNo=200202&viewType=&searchCnd=22&searchWrd=&pageIndex=1,https://www.fss.or.kr/fss/bbs/B0000172/list.do?menuNo=200202&bbsId=&cl1Cd=&cl2Cd=&cl3Cd=&pageIndex=1&paramDeptname=&viewType=&selectDeptname=&searchCnd=22&searchWrd=,24
금융감독원의 민원대상 금융회사가 궁금합니다.,"금융감독원은 은행, 금융투자업자, 보험회사, 여신전문금융회사, 상호저축은행 등 금융기관에 대한 민원을 처리하고 있습니다.
금융감독원의 민원대상 금융기관 조회방법은 다음과 같습니다.
1. 금융감독원 홈페이지 → e-금융민원센터 → 민원안내 → 금융민원신청 안내 → 유의사항
2.
http://www.fcsc.kr/D/fu_d_01_02.jsp
→  유의사항
참고로, 금융감독원의 민원대상 금융기관이 아닌 경우 타 부처 등으로 민원이 이송될 수 있음을 알려드립니다.",https://www.fss.or.kr/fss/bbs/B0000172/view.do?nttId=49733&menuNo=200202&viewType=&searchCnd=22&searchWrd=&pageIndex=1,https://www.fss.or.kr/fss/bbs/B0000172/list.do?menuNo=200202&bbsId=&cl1Cd=&cl2Cd=&cl3Cd=&pageIndex=1&paramDeptname=&viewType=&selectDeptname=&searchCnd=22&searchWrd=,24
내 금융계좌를 한번에 조회할 수 있는 사이트는 없나요?,"‘내 계좌 한눈에’ 서비스를 통하여 본인의 주요 금융계좌 정보를 한번에 조회할 수 있습니다!
금융소비자정보포털 ‘파인’(fine.fss.or.kr) 또는 ’내 계좌 한눈에‘ 홈페이지 (
www.accountinfo.or.kr)
를
통해 9시부터 22시까지 이용가능하며(연중무휴), 은행·상호금융
계좌, 보험 계약, 대부업체를 제외한 제도권 금융회사의 대출정보를 일괄조회 할 수 있습니다.",https://www.fss.or.kr/fss/bbs/B0000172/view.do?nttId=49732&menuNo=200202&viewType=&searchCnd=22&searchWrd=&pageIndex=1,https://www.fss.or.kr/fss/bbs/B0000172/list.do?menuNo=200202&bbsId=&cl1Cd=&cl2Cd=&cl3Cd=&pageIndex=1&paramDeptname=&viewType=&selectDeptname=&searchCnd=22&searchWrd=,24
어려운 금융용어 등을 쉽게 찾아볼 수 있는 사이트는 없나요?,"금융감독원은 금융소비자의 전문적인 금융용어에 대한 이해도를 제고하기 위해 관련 제도의 배경, 이슈 등을 종합적으로 반영해 작성한 ‘
금융용어사전
’을 오픈하였습니다.
‘금융용어사전’에는 핀테크 발달을 반영한 인터넷 전문은행, P2P(Peer to Peer) 대출, 로보어드바이저, 크라우드펀딩 등 전문 용어를 비롯한 533개 용어를 상세히 설명하고 있습니다.
금융감독원 홈페이지 및 ‘파인(FINE:fine.fss.or.kr)'의 금융용어사전’ 코너에서 찾아보실 수
있으며, 알고 싶은 용어명을 정확히 입력하지 않더라고 일부 단어만으로도 검색이 가능합니다.",https://www.fss.or.kr/fss/bbs/B0000172/view.do?nttId=49731&menuNo=200202&viewType=&searchCnd=22&searchWrd=&pageIndex=1,https://www.fss.or.kr/fss/bbs/B0000172/list.do?menuNo=200202&bbsId=&cl1Cd=&cl2Cd=&cl3Cd=&pageIndex=1&paramDeptname=&viewType=&selectDeptname=&searchCnd=22&searchWrd=,24
정기예금 및 적금 금리를 한눈에 비교해 볼 수 있는 곳은 없나요?,"금융감독원은 소비자의 금융상품 선택에 실질적인 도움이 될 수 있도록,
금융상품 통합 비교공시시스템 ‘금융상품한눈에’
를 오픈하였습니다.
예·적금, 대출 등 금융상품을 통합 비교공시하고 있으며,
실손보험, 자동차보험 등은 협회사이트(보험다모아)를 연결하여 제공하고 있습니다.
(다만 본 사이트의 금융상품 정보는 매월 20일 정기적으로 공시하고 있으며, 최신정보 제공을 위해 노력하고 있으나 금융상품의 금리 등 거래조건이 수시로 변경될 수 있으므로 거래전 반드시 해당 금융회사에 문의 후 구입을 결정하시기 바랍니다.)
* 홈페이지 주소 :
http://finlife.fss.or.kr",https://www.fss.or.kr/fss/bbs/B0000172/view.do?nttId=49730&menuNo=200202&viewType=&searchCnd=22&searchWrd=&pageIndex=1,https://www.fss.or.kr/fss/bbs/B0000172/list.do?menuNo=200202&bbsId=&cl1Cd=&cl2Cd=&cl3Cd=&pageIndex=1&paramDeptname=&viewType=&selectDeptname=&searchCnd=22&searchWrd=,24
「보이는 ARS」는 어떻게 이용할 수 있나요?,"금융감독원은
금감원 콜센터(☎1332)의 음성
ARS
안내
내용
을
스
마트폰
화면
을
통해
한 번에 확
인
할
수 있는
｢
보이는 1332｣ 서
비스
를
시
행중에 있습니다. 동 서비스 이용방법은 첨부파일을 참고하여 주시기 바랍니다.",https://www.fss.or.kr/fss/bbs/B0000172/view.do?nttId=49729&menuNo=200202&viewType=&searchCnd=22&searchWrd=&pageIndex=1,https://www.fss.or.kr/fss/bbs/B0000172/list.do?menuNo=200202&bbsId=&cl1Cd=&cl2Cd=&cl3Cd=&pageIndex=1&paramDeptname=&viewType=&selectDeptname=&searchCnd=22&searchWrd=,24
대차료 지급기준 참고(예시),"자동차보험 대차료 지급기준 개선
*
내용을 반영한 FAQ를 게시하오니 참고하시기 바랍니다.
* '22.9.29. 금융감독원 보도자료 ""현행 내연기관 중심의 자동차보험 대차료 지급기준을 친환경차 보급 확대 등 환경변화에 맞게 개선합니다
(
'22.10.11.부터 시행예정
)
""
참조",https://www.fss.or.kr/fss/bbs/B0000172/view.do?nttId=49737&menuNo=200202&viewType=&searchCnd=22&searchWrd=&pageIndex=1,https://www.fss.or.kr/fss/bbs/B0000172/list.do?menuNo=200202&bbsId=&cl1Cd=&cl2Cd=&cl3Cd=&pageIndex=1&paramDeptname=&viewType=&selectDeptname=&searchCnd=22&searchWrd=,25
소비자보호실태평가 결과는 어디서 확인할 수 있나요?,"소비자보호실태평가 결과는 금융감독원 홈페이지
(www.fss.or.kr
)
또는 개별 금융기관 및 협회 홈페이지
*
등을 통해 확인하실 수 있습니다.
※ 금융 권역별 협회 홈페이지 목록
은      행 : 전국은행연합회(www.kfb.or.kr)
생명보험 : 생명보험협회(www.klia.or.kr)
손해보험 : 손해보험협회(www.knia.or.kr)
카      드 : 여신금융협회(www.crefia.or.kr)
저축은행 : 저축은행중앙회(www.fsb.or.kr)
금융투자 : 금융투자협회(www.kofia.or.kr)",https://www.fss.or.kr/fss/bbs/B0000172/view.do?nttId=49736&menuNo=200202&viewType=&searchCnd=22&searchWrd=&pageIndex=1,https://www.fss.or.kr/fss/bbs/B0000172/list.do?menuNo=200202&bbsId=&cl1Cd=&cl2Cd=&cl3Cd=&pageIndex=1&paramDeptname=&viewType=&selectDeptname=&searchCnd=22&searchWrd=,25
소비자보호실태평가의 평가방법이 궁금합니다.,"「금융소비자보호 모범규준」에 명기된 소비자보호 사항의 이행여부 점검을 위해 계량 5개, 비계량 5개 등 총 10개 부문으로 구성하여 각 부문별로 평가하고 있습니다.
자세한 내용은 첨부파일을 참고해주시길 바랍니다.",https://www.fss.or.kr/fss/bbs/B0000172/view.do?nttId=49735&menuNo=200202&viewType=&searchCnd=22&searchWrd=&pageIndex=1,https://www.fss.or.kr/fss/bbs/B0000172/list.do?menuNo=200202&bbsId=&cl1Cd=&cl2Cd=&cl3Cd=&pageIndex=1&paramDeptname=&viewType=&selectDeptname=&searchCnd=22&searchWrd=,25
소비자보호실태평가는 어떤 제도인가요?,"금융감독원은 금융회사의 민원예방 노력 유도 등을 위해 2002년부터 「민원발생평가제도」를 운영
*
해왔습니다.
* 금감원이 처리한 민원건수를 기초로 금융회사를 1∼5등급으로 평가하고 대외에 공표(’14년은 81개사 평가)
그러나 민원건수 위주의 평가만으로는 금융회사의 소비자보호 수준을 평가하고, 금융회사의 자율적 개선노력을 유도하는데 한계가 있어 제도 개선의 필요성이 지속적으로 제기되어 왔습니다.
이에 따라 기존 민원발생평가제도를 대신하여 금융회사의 다양한 소비자보호 활동을 종합적으로 평가할 수 있는 「금융소비자보호 실태평가제도」를 도입·시행
('16.4월 시행)
하게 되었습니다.
소비자보호실태평가제도는
금융소비자에게는 거래 금융회사 선택에 필요한 유용한 정보를 제공하는 한편, 금융회사에게는 소비자보호 중심의 경영문화 확산을 유도하는데 중점을 두고 있습니다.",https://www.fss.or.kr/fss/bbs/B0000172/view.do?nttId=49734&menuNo=200202&viewType=&searchCnd=22&searchWrd=&pageIndex=1,https://www.fss.or.kr/fss/bbs/B0000172/list.do?menuNo=200202&bbsId=&cl1Cd=&cl2Cd=&cl3Cd=&pageIndex=1&paramDeptname=&viewType=&selectDeptname=&searchCnd=22&searchWrd=,25
금융감독원의 민원대상 금융회사가 궁금합니다.,"금융감독원은 은행, 금융투자업자, 보험회사, 여신전문금융회사, 상호저축은행 등 금융기관에 대한 민원을 처리하고 있습니다.
금융감독원의 민원대상 금융기관 조회방법은 다음과 같습니다.
1. 금융감독원 홈페이지 → e-금융민원센터 → 민원안내 → 금융민원신청 안내 → 유의사항
2.
http://www.fcsc.kr/D/fu_d_01_02.jsp
→  유의사항
참고로, 금융감독원의 민원대상 금융기관이 아닌 경우 타 부처 등으로 민원이 이송될 수 있음을 알려드립니다.",https://www.fss.or.kr/fss/bbs/B0000172/view.do?nttId=49733&menuNo=200202&viewType=&searchCnd=22&searchWrd=&pageIndex=1,https://www.fss.or.kr/fss/bbs/B0000172/list.do?menuNo=200202&bbsId=&cl1Cd=&cl2Cd=&cl3Cd=&pageIndex=1&paramDeptname=&viewType=&selectDeptname=&searchCnd=22&searchWrd=,25
내 금융계좌를 한번에 조회할 수 있는 사이트는 없나요?,"‘내 계좌 한눈에’ 서비스를 통하여 본인의 주요 금융계좌 정보를 한번에 조회할 수 있습니다!
금융소비자정보포털 ‘파인’(fine.fss.or.kr) 또는 ’내 계좌 한눈에‘ 홈페이지 (
www.accountinfo.or.kr)
를
통해 9시부터 22시까지 이용가능하며(연중무휴), 은행·상호금융
계좌, 보험 계약, 대부업체를 제외한 제도권 금융회사의 대출정보를 일괄조회 할 수 있습니다.",https://www.fss.or.kr/fss/bbs/B0000172/view.do?nttId=49732&menuNo=200202&viewType=&searchCnd=22&searchWrd=&pageIndex=1,https://www.fss.or.kr/fss/bbs/B0000172/list.do?menuNo=200202&bbsId=&cl1Cd=&cl2Cd=&cl3Cd=&pageIndex=1&paramDeptname=&viewType=&selectDeptname=&searchCnd=22&searchWrd=,25
어려운 금융용어 등을 쉽게 찾아볼 수 있는 사이트는 없나요?,"금융감독원은 금융소비자의 전문적인 금융용어에 대한 이해도를 제고하기 위해 관련 제도의 배경, 이슈 등을 종합적으로 반영해 작성한 ‘
금융용어사전
’을 오픈하였습니다.
‘금융용어사전’에는 핀테크 발달을 반영한 인터넷 전문은행, P2P(Peer to Peer) 대출, 로보어드바이저, 크라우드펀딩 등 전문 용어를 비롯한 533개 용어를 상세히 설명하고 있습니다.
금융감독원 홈페이지 및 ‘파인(FINE:fine.fss.or.kr)'의 금융용어사전’ 코너에서 찾아보실 수
있으며, 알고 싶은 용어명을 정확히 입력하지 않더라고 일부 단어만으로도 검색이 가능합니다.",https://www.fss.or.kr/fss/bbs/B0000172/view.do?nttId=49731&menuNo=200202&viewType=&searchCnd=22&searchWrd=&pageIndex=1,https://www.fss.or.kr/fss/bbs/B0000172/list.do?menuNo=200202&bbsId=&cl1Cd=&cl2Cd=&cl3Cd=&pageIndex=1&paramDeptname=&viewType=&selectDeptname=&searchCnd=22&searchWrd=,25
정기예금 및 적금 금리를 한눈에 비교해 볼 수 있는 곳은 없나요?,"금융감독원은 소비자의 금융상품 선택에 실질적인 도움이 될 수 있도록,
금융상품 통합 비교공시시스템 ‘금융상품한눈에’
를 오픈하였습니다.
예·적금, 대출 등 금융상품을 통합 비교공시하고 있으며,
실손보험, 자동차보험 등은 협회사이트(보험다모아)를 연결하여 제공하고 있습니다.
(다만 본 사이트의 금융상품 정보는 매월 20일 정기적으로 공시하고 있으며, 최신정보 제공을 위해 노력하고 있으나 금융상품의 금리 등 거래조건이 수시로 변경될 수 있으므로 거래전 반드시 해당 금융회사에 문의 후 구입을 결정하시기 바랍니다.)
* 홈페이지 주소 :
http://finlife.fss.or.kr",https://www.fss.or.kr/fss/bbs/B0000172/view.do?nttId=49730&menuNo=200202&viewType=&searchCnd=22&searchWrd=&pageIndex=1,https://www.fss.or.kr/fss/bbs/B0000172/list.do?menuNo=200202&bbsId=&cl1Cd=&cl2Cd=&cl3Cd=&pageIndex=1&paramDeptname=&viewType=&selectDeptname=&searchCnd=22&searchWrd=,25
「보이는 ARS」는 어떻게 이용할 수 있나요?,"금융감독원은
금감원 콜센터(☎1332)의 음성
ARS
안내
내용
을
스
마트폰
화면
을
통해
한 번에 확
인
할
수 있는
｢
보이는 1332｣ 서
비스
를
시
행중에 있습니다. 동 서비스 이용방법은 첨부파일을 참고하여 주시기 바랍니다.",https://www.fss.or.kr/fss/bbs/B0000172/view.do?nttId=49729&menuNo=200202&viewType=&searchCnd=22&searchWrd=&pageIndex=1,https://www.fss.or.kr/fss/bbs/B0000172/list.do?menuNo=200202&bbsId=&cl1Cd=&cl2Cd=&cl3Cd=&pageIndex=1&paramDeptname=&viewType=&selectDeptname=&searchCnd=22&searchWrd=,25
대차료 지급기준 참고(예시),"자동차보험 대차료 지급기준 개선
*
내용을 반영한 FAQ를 게시하오니 참고하시기 바랍니다.
* '22.9.29. 금융감독원 보도자료 ""현행 내연기관 중심의 자동차보험 대차료 지급기준을 친환경차 보급 확대 등 환경변화에 맞게 개선합니다
(
'22.10.11.부터 시행예정
)
""
참조",https://www.fss.or.kr/fss/bbs/B0000172/view.do?nttId=49737&menuNo=200202&viewType=&searchCnd=22&searchWrd=&pageIndex=1,https://www.fss.or.kr/fss/bbs/B0000172/list.do?menuNo=200202&bbsId=&cl1Cd=&cl2Cd=&cl3Cd=&pageIndex=1&paramDeptname=&viewType=&selectDeptname=&searchCnd=22&searchWrd=,26
소비자보호실태평가 결과는 어디서 확인할 수 있나요?,"소비자보호실태평가 결과는 금융감독원 홈페이지
(www.fss.or.kr
)
또는 개별 금융기관 및 협회 홈페이지
*
등을 통해 확인하실 수 있습니다.
※ 금융 권역별 협회 홈페이지 목록
은      행 : 전국은행연합회(www.kfb.or.kr)
생명보험 : 생명보험협회(www.klia.or.kr)
손해보험 : 손해보험협회(www.knia.or.kr)
카      드 : 여신금융협회(www.crefia.or.kr)
저축은행 : 저축은행중앙회(www.fsb.or.kr)
금융투자 : 금융투자협회(www.kofia.or.kr)",https://www.fss.or.kr/fss/bbs/B0000172/view.do?nttId=49736&menuNo=200202&viewType=&searchCnd=22&searchWrd=&pageIndex=1,https://www.fss.or.kr/fss/bbs/B0000172/list.do?menuNo=200202&bbsId=&cl1Cd=&cl2Cd=&cl3Cd=&pageIndex=1&paramDeptname=&viewType=&selectDeptname=&searchCnd=22&searchWrd=,26
소비자보호실태평가의 평가방법이 궁금합니다.,"「금융소비자보호 모범규준」에 명기된 소비자보호 사항의 이행여부 점검을 위해 계량 5개, 비계량 5개 등 총 10개 부문으로 구성하여 각 부문별로 평가하고 있습니다.
자세한 내용은 첨부파일을 참고해주시길 바랍니다.",https://www.fss.or.kr/fss/bbs/B0000172/view.do?nttId=49735&menuNo=200202&viewType=&searchCnd=22&searchWrd=&pageIndex=1,https://www.fss.or.kr/fss/bbs/B0000172/list.do?menuNo=200202&bbsId=&cl1Cd=&cl2Cd=&cl3Cd=&pageIndex=1&paramDeptname=&viewType=&selectDeptname=&searchCnd=22&searchWrd=,26
소비자보호실태평가는 어떤 제도인가요?,"금융감독원은 금융회사의 민원예방 노력 유도 등을 위해 2002년부터 「민원발생평가제도」를 운영
*
해왔습니다.
* 금감원이 처리한 민원건수를 기초로 금융회사를 1∼5등급으로 평가하고 대외에 공표(’14년은 81개사 평가)
그러나 민원건수 위주의 평가만으로는 금융회사의 소비자보호 수준을 평가하고, 금융회사의 자율적 개선노력을 유도하는데 한계가 있어 제도 개선의 필요성이 지속적으로 제기되어 왔습니다.
이에 따라 기존 민원발생평가제도를 대신하여 금융회사의 다양한 소비자보호 활동을 종합적으로 평가할 수 있는 「금융소비자보호 실태평가제도」를 도입·시행
('16.4월 시행)
하게 되었습니다.
소비자보호실태평가제도는
금융소비자에게는 거래 금융회사 선택에 필요한 유용한 정보를 제공하는 한편, 금융회사에게는 소비자보호 중심의 경영문화 확산을 유도하는데 중점을 두고 있습니다.",https://www.fss.or.kr/fss/bbs/B0000172/view.do?nttId=49734&menuNo=200202&viewType=&searchCnd=22&searchWrd=&pageIndex=1,https://www.fss.or.kr/fss/bbs/B0000172/list.do?menuNo=200202&bbsId=&cl1Cd=&cl2Cd=&cl3Cd=&pageIndex=1&paramDeptname=&viewType=&selectDeptname=&searchCnd=22&searchWrd=,26
금융감독원의 민원대상 금융회사가 궁금합니다.,"금융감독원은 은행, 금융투자업자, 보험회사, 여신전문금융회사, 상호저축은행 등 금융기관에 대한 민원을 처리하고 있습니다.
금융감독원의 민원대상 금융기관 조회방법은 다음과 같습니다.
1. 금융감독원 홈페이지 → e-금융민원센터 → 민원안내 → 금융민원신청 안내 → 유의사항
2.
http://www.fcsc.kr/D/fu_d_01_02.jsp
→  유의사항
참고로, 금융감독원의 민원대상 금융기관이 아닌 경우 타 부처 등으로 민원이 이송될 수 있음을 알려드립니다.",https://www.fss.or.kr/fss/bbs/B0000172/view.do?nttId=49733&menuNo=200202&viewType=&searchCnd=22&searchWrd=&pageIndex=1,https://www.fss.or.kr/fss/bbs/B0000172/list.do?menuNo=200202&bbsId=&cl1Cd=&cl2Cd=&cl3Cd=&pageIndex=1&paramDeptname=&viewType=&selectDeptname=&searchCnd=22&searchWrd=,26
내 금융계좌를 한번에 조회할 수 있는 사이트는 없나요?,"‘내 계좌 한눈에’ 서비스를 통하여 본인의 주요 금융계좌 정보를 한번에 조회할 수 있습니다!
금융소비자정보포털 ‘파인’(fine.fss.or.kr) 또는 ’내 계좌 한눈에‘ 홈페이지 (
www.accountinfo.or.kr)
를
통해 9시부터 22시까지 이용가능하며(연중무휴), 은행·상호금융
계좌, 보험 계약, 대부업체를 제외한 제도권 금융회사의 대출정보를 일괄조회 할 수 있습니다.",https://www.fss.or.kr/fss/bbs/B0000172/view.do?nttId=49732&menuNo=200202&viewType=&searchCnd=22&searchWrd=&pageIndex=1,https://www.fss.or.kr/fss/bbs/B0000172/list.do?menuNo=200202&bbsId=&cl1Cd=&cl2Cd=&cl3Cd=&pageIndex=1&paramDeptname=&viewType=&selectDeptname=&searchCnd=22&searchWrd=,26
어려운 금융용어 등을 쉽게 찾아볼 수 있는 사이트는 없나요?,"금융감독원은 금융소비자의 전문적인 금융용어에 대한 이해도를 제고하기 위해 관련 제도의 배경, 이슈 등을 종합적으로 반영해 작성한 ‘
금융용어사전
’을 오픈하였습니다.
‘금융용어사전’에는 핀테크 발달을 반영한 인터넷 전문은행, P2P(Peer to Peer) 대출, 로보어드바이저, 크라우드펀딩 등 전문 용어를 비롯한 533개 용어를 상세히 설명하고 있습니다.
금융감독원 홈페이지 및 ‘파인(FINE:fine.fss.or.kr)'의 금융용어사전’ 코너에서 찾아보실 수
있으며, 알고 싶은 용어명을 정확히 입력하지 않더라고 일부 단어만으로도 검색이 가능합니다.",https://www.fss.or.kr/fss/bbs/B0000172/view.do?nttId=49731&menuNo=200202&viewType=&searchCnd=22&searchWrd=&pageIndex=1,https://www.fss.or.kr/fss/bbs/B0000172/list.do?menuNo=200202&bbsId=&cl1Cd=&cl2Cd=&cl3Cd=&pageIndex=1&paramDeptname=&viewType=&selectDeptname=&searchCnd=22&searchWrd=,26
정기예금 및 적금 금리를 한눈에 비교해 볼 수 있는 곳은 없나요?,"금융감독원은 소비자의 금융상품 선택에 실질적인 도움이 될 수 있도록,
금융상품 통합 비교공시시스템 ‘금융상품한눈에’
를 오픈하였습니다.
예·적금, 대출 등 금융상품을 통합 비교공시하고 있으며,
실손보험, 자동차보험 등은 협회사이트(보험다모아)를 연결하여 제공하고 있습니다.
(다만 본 사이트의 금융상품 정보는 매월 20일 정기적으로 공시하고 있으며, 최신정보 제공을 위해 노력하고 있으나 금융상품의 금리 등 거래조건이 수시로 변경될 수 있으므로 거래전 반드시 해당 금융회사에 문의 후 구입을 결정하시기 바랍니다.)
* 홈페이지 주소 :
http://finlife.fss.or.kr",https://www.fss.or.kr/fss/bbs/B0000172/view.do?nttId=49730&menuNo=200202&viewType=&searchCnd=22&searchWrd=&pageIndex=1,https://www.fss.or.kr/fss/bbs/B0000172/list.do?menuNo=200202&bbsId=&cl1Cd=&cl2Cd=&cl3Cd=&pageIndex=1&paramDeptname=&viewType=&selectDeptname=&searchCnd=22&searchWrd=,26
「보이는 ARS」는 어떻게 이용할 수 있나요?,"금융감독원은
금감원 콜센터(☎1332)의 음성
ARS
안내
내용
을
스
마트폰
화면
을
통해
한 번에 확
인
할
수 있는
｢
보이는 1332｣ 서
비스
를
시
행중에 있습니다. 동 서비스 이용방법은 첨부파일을 참고하여 주시기 바랍니다.",https://www.fss.or.kr/fss/bbs/B0000172/view.do?nttId=49729&menuNo=200202&viewType=&searchCnd=22&searchWrd=&pageIndex=1,https://www.fss.or.kr/fss/bbs/B0000172/list.do?menuNo=200202&bbsId=&cl1Cd=&cl2Cd=&cl3Cd=&pageIndex=1&paramDeptname=&viewType=&selectDeptname=&searchCnd=22&searchWrd=,26
대차료 지급기준 참고(예시),"자동차보험 대차료 지급기준 개선
*
내용을 반영한 FAQ를 게시하오니 참고하시기 바랍니다.
* '22.9.29. 금융감독원 보도자료 ""현행 내연기관 중심의 자동차보험 대차료 지급기준을 친환경차 보급 확대 등 환경변화에 맞게 개선합니다
(
'22.10.11.부터 시행예정
)
""
참조",https://www.fss.or.kr/fss/bbs/B0000172/view.do?nttId=49737&menuNo=200202&viewType=&searchCnd=22&searchWrd=&pageIndex=1,https://www.fss.or.kr/fss/bbs/B0000172/list.do?menuNo=200202&bbsId=&cl1Cd=&cl2Cd=&cl3Cd=&pageIndex=1&paramDeptname=&viewType=&selectDeptname=&searchCnd=22&searchWrd=,27
소비자보호실태평가 결과는 어디서 확인할 수 있나요?,"소비자보호실태평가 결과는 금융감독원 홈페이지
(www.fss.or.kr
)
또는 개별 금융기관 및 협회 홈페이지
*
등을 통해 확인하실 수 있습니다.
※ 금융 권역별 협회 홈페이지 목록
은      행 : 전국은행연합회(www.kfb.or.kr)
생명보험 : 생명보험협회(www.klia.or.kr)
손해보험 : 손해보험협회(www.knia.or.kr)
카      드 : 여신금융협회(www.crefia.or.kr)
저축은행 : 저축은행중앙회(www.fsb.or.kr)
금융투자 : 금융투자협회(www.kofia.or.kr)",https://www.fss.or.kr/fss/bbs/B0000172/view.do?nttId=49736&menuNo=200202&viewType=&searchCnd=22&searchWrd=&pageIndex=1,https://www.fss.or.kr/fss/bbs/B0000172/list.do?menuNo=200202&bbsId=&cl1Cd=&cl2Cd=&cl3Cd=&pageIndex=1&paramDeptname=&viewType=&selectDeptname=&searchCnd=22&searchWrd=,27
소비자보호실태평가의 평가방법이 궁금합니다.,"「금융소비자보호 모범규준」에 명기된 소비자보호 사항의 이행여부 점검을 위해 계량 5개, 비계량 5개 등 총 10개 부문으로 구성하여 각 부문별로 평가하고 있습니다.
자세한 내용은 첨부파일을 참고해주시길 바랍니다.",https://www.fss.or.kr/fss/bbs/B0000172/view.do?nttId=49735&menuNo=200202&viewType=&searchCnd=22&searchWrd=&pageIndex=1,https://www.fss.or.kr/fss/bbs/B0000172/list.do?menuNo=200202&bbsId=&cl1Cd=&cl2Cd=&cl3Cd=&pageIndex=1&paramDeptname=&viewType=&selectDeptname=&searchCnd=22&searchWrd=,27
소비자보호실태평가는 어떤 제도인가요?,"금융감독원은 금융회사의 민원예방 노력 유도 등을 위해 2002년부터 「민원발생평가제도」를 운영
*
해왔습니다.
* 금감원이 처리한 민원건수를 기초로 금융회사를 1∼5등급으로 평가하고 대외에 공표(’14년은 81개사 평가)
그러나 민원건수 위주의 평가만으로는 금융회사의 소비자보호 수준을 평가하고, 금융회사의 자율적 개선노력을 유도하는데 한계가 있어 제도 개선의 필요성이 지속적으로 제기되어 왔습니다.
이에 따라 기존 민원발생평가제도를 대신하여 금융회사의 다양한 소비자보호 활동을 종합적으로 평가할 수 있는 「금융소비자보호 실태평가제도」를 도입·시행
('16.4월 시행)
하게 되었습니다.
소비자보호실태평가제도는
금융소비자에게는 거래 금융회사 선택에 필요한 유용한 정보를 제공하는 한편, 금융회사에게는 소비자보호 중심의 경영문화 확산을 유도하는데 중점을 두고 있습니다.",https://www.fss.or.kr/fss/bbs/B0000172/view.do?nttId=49734&menuNo=200202&viewType=&searchCnd=22&searchWrd=&pageIndex=1,https://www.fss.or.kr/fss/bbs/B0000172/list.do?menuNo=200202&bbsId=&cl1Cd=&cl2Cd=&cl3Cd=&pageIndex=1&paramDeptname=&viewType=&selectDeptname=&searchCnd=22&searchWrd=,27
금융감독원의 민원대상 금융회사가 궁금합니다.,"금융감독원은 은행, 금융투자업자, 보험회사, 여신전문금융회사, 상호저축은행 등 금융기관에 대한 민원을 처리하고 있습니다.
금융감독원의 민원대상 금융기관 조회방법은 다음과 같습니다.
1. 금융감독원 홈페이지 → e-금융민원센터 → 민원안내 → 금융민원신청 안내 → 유의사항
2.
http://www.fcsc.kr/D/fu_d_01_02.jsp
→  유의사항
참고로, 금융감독원의 민원대상 금융기관이 아닌 경우 타 부처 등으로 민원이 이송될 수 있음을 알려드립니다.",https://www.fss.or.kr/fss/bbs/B0000172/view.do?nttId=49733&menuNo=200202&viewType=&searchCnd=22&searchWrd=&pageIndex=1,https://www.fss.or.kr/fss/bbs/B0000172/list.do?menuNo=200202&bbsId=&cl1Cd=&cl2Cd=&cl3Cd=&pageIndex=1&paramDeptname=&viewType=&selectDeptname=&searchCnd=22&searchWrd=,27
내 금융계좌를 한번에 조회할 수 있는 사이트는 없나요?,"‘내 계좌 한눈에’ 서비스를 통하여 본인의 주요 금융계좌 정보를 한번에 조회할 수 있습니다!
금융소비자정보포털 ‘파인’(fine.fss.or.kr) 또는 ’내 계좌 한눈에‘ 홈페이지 (
www.accountinfo.or.kr)
를
통해 9시부터 22시까지 이용가능하며(연중무휴), 은행·상호금융
계좌, 보험 계약, 대부업체를 제외한 제도권 금융회사의 대출정보를 일괄조회 할 수 있습니다.",https://www.fss.or.kr/fss/bbs/B0000172/view.do?nttId=49732&menuNo=200202&viewType=&searchCnd=22&searchWrd=&pageIndex=1,https://www.fss.or.kr/fss/bbs/B0000172/list.do?menuNo=200202&bbsId=&cl1Cd=&cl2Cd=&cl3Cd=&pageIndex=1&paramDeptname=&viewType=&selectDeptname=&searchCnd=22&searchWrd=,27
어려운 금융용어 등을 쉽게 찾아볼 수 있는 사이트는 없나요?,"금융감독원은 금융소비자의 전문적인 금융용어에 대한 이해도를 제고하기 위해 관련 제도의 배경, 이슈 등을 종합적으로 반영해 작성한 ‘
금융용어사전
’을 오픈하였습니다.
‘금융용어사전’에는 핀테크 발달을 반영한 인터넷 전문은행, P2P(Peer to Peer) 대출, 로보어드바이저, 크라우드펀딩 등 전문 용어를 비롯한 533개 용어를 상세히 설명하고 있습니다.
금융감독원 홈페이지 및 ‘파인(FINE:fine.fss.or.kr)'의 금융용어사전’ 코너에서 찾아보실 수
있으며, 알고 싶은 용어명을 정확히 입력하지 않더라고 일부 단어만으로도 검색이 가능합니다.",https://www.fss.or.kr/fss/bbs/B0000172/view.do?nttId=49731&menuNo=200202&viewType=&searchCnd=22&searchWrd=&pageIndex=1,https://www.fss.or.kr/fss/bbs/B0000172/list.do?menuNo=200202&bbsId=&cl1Cd=&cl2Cd=&cl3Cd=&pageIndex=1&paramDeptname=&viewType=&selectDeptname=&searchCnd=22&searchWrd=,27
정기예금 및 적금 금리를 한눈에 비교해 볼 수 있는 곳은 없나요?,"금융감독원은 소비자의 금융상품 선택에 실질적인 도움이 될 수 있도록,
금융상품 통합 비교공시시스템 ‘금융상품한눈에’
를 오픈하였습니다.
예·적금, 대출 등 금융상품을 통합 비교공시하고 있으며,
실손보험, 자동차보험 등은 협회사이트(보험다모아)를 연결하여 제공하고 있습니다.
(다만 본 사이트의 금융상품 정보는 매월 20일 정기적으로 공시하고 있으며, 최신정보 제공을 위해 노력하고 있으나 금융상품의 금리 등 거래조건이 수시로 변경될 수 있으므로 거래전 반드시 해당 금융회사에 문의 후 구입을 결정하시기 바랍니다.)
* 홈페이지 주소 :
http://finlife.fss.or.kr",https://www.fss.or.kr/fss/bbs/B0000172/view.do?nttId=49730&menuNo=200202&viewType=&searchCnd=22&searchWrd=&pageIndex=1,https://www.fss.or.kr/fss/bbs/B0000172/list.do?menuNo=200202&bbsId=&cl1Cd=&cl2Cd=&cl3Cd=&pageIndex=1&paramDeptname=&viewType=&selectDeptname=&searchCnd=22&searchWrd=,27
「보이는 ARS」는 어떻게 이용할 수 있나요?,"금융감독원은
금감원 콜센터(☎1332)의 음성
ARS
안내
내용
을
스
마트폰
화면
을
통해
한 번에 확
인
할
수 있는
｢
보이는 1332｣ 서
비스
를
시
행중에 있습니다. 동 서비스 이용방법은 첨부파일을 참고하여 주시기 바랍니다.",https://www.fss.or.kr/fss/bbs/B0000172/view.do?nttId=49729&menuNo=200202&viewType=&searchCnd=22&searchWrd=&pageIndex=1,https://www.fss.or.kr/fss/bbs/B0000172/list.do?menuNo=200202&bbsId=&cl1Cd=&cl2Cd=&cl3Cd=&pageIndex=1&paramDeptname=&viewType=&selectDeptname=&searchCnd=22&searchWrd=,27
대차료 지급기준 참고(예시),"자동차보험 대차료 지급기준 개선
*
내용을 반영한 FAQ를 게시하오니 참고하시기 바랍니다.
* '22.9.29. 금융감독원 보도자료 ""현행 내연기관 중심의 자동차보험 대차료 지급기준을 친환경차 보급 확대 등 환경변화에 맞게 개선합니다
(
'22.10.11.부터 시행예정
)
""
참조",https://www.fss.or.kr/fss/bbs/B0000172/view.do?nttId=49737&menuNo=200202&viewType=&searchCnd=22&searchWrd=&pageIndex=1,https://www.fss.or.kr/fss/bbs/B0000172/list.do?menuNo=200202&bbsId=&cl1Cd=&cl2Cd=&cl3Cd=&pageIndex=1&paramDeptname=&viewType=&selectDeptname=&searchCnd=22&searchWrd=,28
소비자보호실태평가 결과는 어디서 확인할 수 있나요?,"소비자보호실태평가 결과는 금융감독원 홈페이지
(www.fss.or.kr
)
또는 개별 금융기관 및 협회 홈페이지
*
등을 통해 확인하실 수 있습니다.
※ 금융 권역별 협회 홈페이지 목록
은      행 : 전국은행연합회(www.kfb.or.kr)
생명보험 : 생명보험협회(www.klia.or.kr)
손해보험 : 손해보험협회(www.knia.or.kr)
카      드 : 여신금융협회(www.crefia.or.kr)
저축은행 : 저축은행중앙회(www.fsb.or.kr)
금융투자 : 금융투자협회(www.kofia.or.kr)",https://www.fss.or.kr/fss/bbs/B0000172/view.do?nttId=49736&menuNo=200202&viewType=&searchCnd=22&searchWrd=&pageIndex=1,https://www.fss.or.kr/fss/bbs/B0000172/list.do?menuNo=200202&bbsId=&cl1Cd=&cl2Cd=&cl3Cd=&pageIndex=1&paramDeptname=&viewType=&selectDeptname=&searchCnd=22&searchWrd=,28
소비자보호실태평가의 평가방법이 궁금합니다.,"「금융소비자보호 모범규준」에 명기된 소비자보호 사항의 이행여부 점검을 위해 계량 5개, 비계량 5개 등 총 10개 부문으로 구성하여 각 부문별로 평가하고 있습니다.
자세한 내용은 첨부파일을 참고해주시길 바랍니다.",https://www.fss.or.kr/fss/bbs/B0000172/view.do?nttId=49735&menuNo=200202&viewType=&searchCnd=22&searchWrd=&pageIndex=1,https://www.fss.or.kr/fss/bbs/B0000172/list.do?menuNo=200202&bbsId=&cl1Cd=&cl2Cd=&cl3Cd=&pageIndex=1&paramDeptname=&viewType=&selectDeptname=&searchCnd=22&searchWrd=,28
소비자보호실태평가는 어떤 제도인가요?,"금융감독원은 금융회사의 민원예방 노력 유도 등을 위해 2002년부터 「민원발생평가제도」를 운영
*
해왔습니다.
* 금감원이 처리한 민원건수를 기초로 금융회사를 1∼5등급으로 평가하고 대외에 공표(’14년은 81개사 평가)
그러나 민원건수 위주의 평가만으로는 금융회사의 소비자보호 수준을 평가하고, 금융회사의 자율적 개선노력을 유도하는데 한계가 있어 제도 개선의 필요성이 지속적으로 제기되어 왔습니다.
이에 따라 기존 민원발생평가제도를 대신하여 금융회사의 다양한 소비자보호 활동을 종합적으로 평가할 수 있는 「금융소비자보호 실태평가제도」를 도입·시행
('16.4월 시행)
하게 되었습니다.
소비자보호실태평가제도는
금융소비자에게는 거래 금융회사 선택에 필요한 유용한 정보를 제공하는 한편, 금융회사에게는 소비자보호 중심의 경영문화 확산을 유도하는데 중점을 두고 있습니다.",https://www.fss.or.kr/fss/bbs/B0000172/view.do?nttId=49734&menuNo=200202&viewType=&searchCnd=22&searchWrd=&pageIndex=1,https://www.fss.or.kr/fss/bbs/B0000172/list.do?menuNo=200202&bbsId=&cl1Cd=&cl2Cd=&cl3Cd=&pageIndex=1&paramDeptname=&viewType=&selectDeptname=&searchCnd=22&searchWrd=,28
금융감독원의 민원대상 금융회사가 궁금합니다.,"금융감독원은 은행, 금융투자업자, 보험회사, 여신전문금융회사, 상호저축은행 등 금융기관에 대한 민원을 처리하고 있습니다.
금융감독원의 민원대상 금융기관 조회방법은 다음과 같습니다.
1. 금융감독원 홈페이지 → e-금융민원센터 → 민원안내 → 금융민원신청 안내 → 유의사항
2.
http://www.fcsc.kr/D/fu_d_01_02.jsp
→  유의사항
참고로, 금융감독원의 민원대상 금융기관이 아닌 경우 타 부처 등으로 민원이 이송될 수 있음을 알려드립니다.",https://www.fss.or.kr/fss/bbs/B0000172/view.do?nttId=49733&menuNo=200202&viewType=&searchCnd=22&searchWrd=&pageIndex=1,https://www.fss.or.kr/fss/bbs/B0000172/list.do?menuNo=200202&bbsId=&cl1Cd=&cl2Cd=&cl3Cd=&pageIndex=1&paramDeptname=&viewType=&selectDeptname=&searchCnd=22&searchWrd=,28
내 금융계좌를 한번에 조회할 수 있는 사이트는 없나요?,"‘내 계좌 한눈에’ 서비스를 통하여 본인의 주요 금융계좌 정보를 한번에 조회할 수 있습니다!
금융소비자정보포털 ‘파인’(fine.fss.or.kr) 또는 ’내 계좌 한눈에‘ 홈페이지 (
www.accountinfo.or.kr)
를
통해 9시부터 22시까지 이용가능하며(연중무휴), 은행·상호금융
계좌, 보험 계약, 대부업체를 제외한 제도권 금융회사의 대출정보를 일괄조회 할 수 있습니다.",https://www.fss.or.kr/fss/bbs/B0000172/view.do?nttId=49732&menuNo=200202&viewType=&searchCnd=22&searchWrd=&pageIndex=1,https://www.fss.or.kr/fss/bbs/B0000172/list.do?menuNo=200202&bbsId=&cl1Cd=&cl2Cd=&cl3Cd=&pageIndex=1&paramDeptname=&viewType=&selectDeptname=&searchCnd=22&searchWrd=,28
어려운 금융용어 등을 쉽게 찾아볼 수 있는 사이트는 없나요?,"금융감독원은 금융소비자의 전문적인 금융용어에 대한 이해도를 제고하기 위해 관련 제도의 배경, 이슈 등을 종합적으로 반영해 작성한 ‘
금융용어사전
’을 오픈하였습니다.
‘금융용어사전’에는 핀테크 발달을 반영한 인터넷 전문은행, P2P(Peer to Peer) 대출, 로보어드바이저, 크라우드펀딩 등 전문 용어를 비롯한 533개 용어를 상세히 설명하고 있습니다.
금융감독원 홈페이지 및 ‘파인(FINE:fine.fss.or.kr)'의 금융용어사전’ 코너에서 찾아보실 수
있으며, 알고 싶은 용어명을 정확히 입력하지 않더라고 일부 단어만으로도 검색이 가능합니다.",https://www.fss.or.kr/fss/bbs/B0000172/view.do?nttId=49731&menuNo=200202&viewType=&searchCnd=22&searchWrd=&pageIndex=1,https://www.fss.or.kr/fss/bbs/B0000172/list.do?menuNo=200202&bbsId=&cl1Cd=&cl2Cd=&cl3Cd=&pageIndex=1&paramDeptname=&viewType=&selectDeptname=&searchCnd=22&searchWrd=,28
정기예금 및 적금 금리를 한눈에 비교해 볼 수 있는 곳은 없나요?,"금융감독원은 소비자의 금융상품 선택에 실질적인 도움이 될 수 있도록,
금융상품 통합 비교공시시스템 ‘금융상품한눈에’
를 오픈하였습니다.
예·적금, 대출 등 금융상품을 통합 비교공시하고 있으며,
실손보험, 자동차보험 등은 협회사이트(보험다모아)를 연결하여 제공하고 있습니다.
(다만 본 사이트의 금융상품 정보는 매월 20일 정기적으로 공시하고 있으며, 최신정보 제공을 위해 노력하고 있으나 금융상품의 금리 등 거래조건이 수시로 변경될 수 있으므로 거래전 반드시 해당 금융회사에 문의 후 구입을 결정하시기 바랍니다.)
* 홈페이지 주소 :
http://finlife.fss.or.kr",https://www.fss.or.kr/fss/bbs/B0000172/view.do?nttId=49730&menuNo=200202&viewType=&searchCnd=22&searchWrd=&pageIndex=1,https://www.fss.or.kr/fss/bbs/B0000172/list.do?menuNo=200202&bbsId=&cl1Cd=&cl2Cd=&cl3Cd=&pageIndex=1&paramDeptname=&viewType=&selectDeptname=&searchCnd=22&searchWrd=,28
「보이는 ARS」는 어떻게 이용할 수 있나요?,"금융감독원은
금감원 콜센터(☎1332)의 음성
ARS
안내
내용
을
스
마트폰
화면
을
통해
한 번에 확
인
할
수 있는
｢
보이는 1332｣ 서
비스
를
시
행중에 있습니다. 동 서비스 이용방법은 첨부파일을 참고하여 주시기 바랍니다.",https://www.fss.or.kr/fss/bbs/B0000172/view.do?nttId=49729&menuNo=200202&viewType=&searchCnd=22&searchWrd=&pageIndex=1,https://www.fss.or.kr/fss/bbs/B0000172/list.do?menuNo=200202&bbsId=&cl1Cd=&cl2Cd=&cl3Cd=&pageIndex=1&paramDeptname=&viewType=&selectDeptname=&searchCnd=22&searchWrd=,28
대차료 지급기준 참고(예시),"자동차보험 대차료 지급기준 개선
*
내용을 반영한 FAQ를 게시하오니 참고하시기 바랍니다.
* '22.9.29. 금융감독원 보도자료 ""현행 내연기관 중심의 자동차보험 대차료 지급기준을 친환경차 보급 확대 등 환경변화에 맞게 개선합니다
(
'22.10.11.부터 시행예정
)
""
참조",https://www.fss.or.kr/fss/bbs/B0000172/view.do?nttId=49737&menuNo=200202&viewType=&searchCnd=22&searchWrd=&pageIndex=1,https://www.fss.or.kr/fss/bbs/B0000172/list.do?menuNo=200202&bbsId=&cl1Cd=&cl2Cd=&cl3Cd=&pageIndex=1&paramDeptname=&viewType=&selectDeptname=&searchCnd=22&searchWrd=,29
소비자보호실태평가 결과는 어디서 확인할 수 있나요?,"소비자보호실태평가 결과는 금융감독원 홈페이지
(www.fss.or.kr
)
또는 개별 금융기관 및 협회 홈페이지
*
등을 통해 확인하실 수 있습니다.
※ 금융 권역별 협회 홈페이지 목록
은      행 : 전국은행연합회(www.kfb.or.kr)
생명보험 : 생명보험협회(www.klia.or.kr)
손해보험 : 손해보험협회(www.knia.or.kr)
카      드 : 여신금융협회(www.crefia.or.kr)
저축은행 : 저축은행중앙회(www.fsb.or.kr)
금융투자 : 금융투자협회(www.kofia.or.kr)",https://www.fss.or.kr/fss/bbs/B0000172/view.do?nttId=49736&menuNo=200202&viewType=&searchCnd=22&searchWrd=&pageIndex=1,https://www.fss.or.kr/fss/bbs/B0000172/list.do?menuNo=200202&bbsId=&cl1Cd=&cl2Cd=&cl3Cd=&pageIndex=1&paramDeptname=&viewType=&selectDeptname=&searchCnd=22&searchWrd=,29
소비자보호실태평가의 평가방법이 궁금합니다.,"「금융소비자보호 모범규준」에 명기된 소비자보호 사항의 이행여부 점검을 위해 계량 5개, 비계량 5개 등 총 10개 부문으로 구성하여 각 부문별로 평가하고 있습니다.
자세한 내용은 첨부파일을 참고해주시길 바랍니다.",https://www.fss.or.kr/fss/bbs/B0000172/view.do?nttId=49735&menuNo=200202&viewType=&searchCnd=22&searchWrd=&pageIndex=1,https://www.fss.or.kr/fss/bbs/B0000172/list.do?menuNo=200202&bbsId=&cl1Cd=&cl2Cd=&cl3Cd=&pageIndex=1&paramDeptname=&viewType=&selectDeptname=&searchCnd=22&searchWrd=,29
소비자보호실태평가는 어떤 제도인가요?,"금융감독원은 금융회사의 민원예방 노력 유도 등을 위해 2002년부터 「민원발생평가제도」를 운영
*
해왔습니다.
* 금감원이 처리한 민원건수를 기초로 금융회사를 1∼5등급으로 평가하고 대외에 공표(’14년은 81개사 평가)
그러나 민원건수 위주의 평가만으로는 금융회사의 소비자보호 수준을 평가하고, 금융회사의 자율적 개선노력을 유도하는데 한계가 있어 제도 개선의 필요성이 지속적으로 제기되어 왔습니다.
이에 따라 기존 민원발생평가제도를 대신하여 금융회사의 다양한 소비자보호 활동을 종합적으로 평가할 수 있는 「금융소비자보호 실태평가제도」를 도입·시행
('16.4월 시행)
하게 되었습니다.
소비자보호실태평가제도는
금융소비자에게는 거래 금융회사 선택에 필요한 유용한 정보를 제공하는 한편, 금융회사에게는 소비자보호 중심의 경영문화 확산을 유도하는데 중점을 두고 있습니다.",https://www.fss.or.kr/fss/bbs/B0000172/view.do?nttId=49734&menuNo=200202&viewType=&searchCnd=22&searchWrd=&pageIndex=1,https://www.fss.or.kr/fss/bbs/B0000172/list.do?menuNo=200202&bbsId=&cl1Cd=&cl2Cd=&cl3Cd=&pageIndex=1&paramDeptname=&viewType=&selectDeptname=&searchCnd=22&searchWrd=,29
금융감독원의 민원대상 금융회사가 궁금합니다.,"금융감독원은 은행, 금융투자업자, 보험회사, 여신전문금융회사, 상호저축은행 등 금융기관에 대한 민원을 처리하고 있습니다.
금융감독원의 민원대상 금융기관 조회방법은 다음과 같습니다.
1. 금융감독원 홈페이지 → e-금융민원센터 → 민원안내 → 금융민원신청 안내 → 유의사항
2.
http://www.fcsc.kr/D/fu_d_01_02.jsp
→  유의사항
참고로, 금융감독원의 민원대상 금융기관이 아닌 경우 타 부처 등으로 민원이 이송될 수 있음을 알려드립니다.",https://www.fss.or.kr/fss/bbs/B0000172/view.do?nttId=49733&menuNo=200202&viewType=&searchCnd=22&searchWrd=&pageIndex=1,https://www.fss.or.kr/fss/bbs/B0000172/list.do?menuNo=200202&bbsId=&cl1Cd=&cl2Cd=&cl3Cd=&pageIndex=1&paramDeptname=&viewType=&selectDeptname=&searchCnd=22&searchWrd=,29
내 금융계좌를 한번에 조회할 수 있는 사이트는 없나요?,"‘내 계좌 한눈에’ 서비스를 통하여 본인의 주요 금융계좌 정보를 한번에 조회할 수 있습니다!
금융소비자정보포털 ‘파인’(fine.fss.or.kr) 또는 ’내 계좌 한눈에‘ 홈페이지 (
www.accountinfo.or.kr)
를
통해 9시부터 22시까지 이용가능하며(연중무휴), 은행·상호금융
계좌, 보험 계약, 대부업체를 제외한 제도권 금융회사의 대출정보를 일괄조회 할 수 있습니다.",https://www.fss.or.kr/fss/bbs/B0000172/view.do?nttId=49732&menuNo=200202&viewType=&searchCnd=22&searchWrd=&pageIndex=1,https://www.fss.or.kr/fss/bbs/B0000172/list.do?menuNo=200202&bbsId=&cl1Cd=&cl2Cd=&cl3Cd=&pageIndex=1&paramDeptname=&viewType=&selectDeptname=&searchCnd=22&searchWrd=,29
어려운 금융용어 등을 쉽게 찾아볼 수 있는 사이트는 없나요?,"금융감독원은 금융소비자의 전문적인 금융용어에 대한 이해도를 제고하기 위해 관련 제도의 배경, 이슈 등을 종합적으로 반영해 작성한 ‘
금융용어사전
’을 오픈하였습니다.
‘금융용어사전’에는 핀테크 발달을 반영한 인터넷 전문은행, P2P(Peer to Peer) 대출, 로보어드바이저, 크라우드펀딩 등 전문 용어를 비롯한 533개 용어를 상세히 설명하고 있습니다.
금융감독원 홈페이지 및 ‘파인(FINE:fine.fss.or.kr)'의 금융용어사전’ 코너에서 찾아보실 수
있으며, 알고 싶은 용어명을 정확히 입력하지 않더라고 일부 단어만으로도 검색이 가능합니다.",https://www.fss.or.kr/fss/bbs/B0000172/view.do?nttId=49731&menuNo=200202&viewType=&searchCnd=22&searchWrd=&pageIndex=1,https://www.fss.or.kr/fss/bbs/B0000172/list.do?menuNo=200202&bbsId=&cl1Cd=&cl2Cd=&cl3Cd=&pageIndex=1&paramDeptname=&viewType=&selectDeptname=&searchCnd=22&searchWrd=,29
정기예금 및 적금 금리를 한눈에 비교해 볼 수 있는 곳은 없나요?,"금융감독원은 소비자의 금융상품 선택에 실질적인 도움이 될 수 있도록,
금융상품 통합 비교공시시스템 ‘금융상품한눈에’
를 오픈하였습니다.
예·적금, 대출 등 금융상품을 통합 비교공시하고 있으며,
실손보험, 자동차보험 등은 협회사이트(보험다모아)를 연결하여 제공하고 있습니다.
(다만 본 사이트의 금융상품 정보는 매월 20일 정기적으로 공시하고 있으며, 최신정보 제공을 위해 노력하고 있으나 금융상품의 금리 등 거래조건이 수시로 변경될 수 있으므로 거래전 반드시 해당 금융회사에 문의 후 구입을 결정하시기 바랍니다.)
* 홈페이지 주소 :
http://finlife.fss.or.kr",https://www.fss.or.kr/fss/bbs/B0000172/view.do?nttId=49730&menuNo=200202&viewType=&searchCnd=22&searchWrd=&pageIndex=1,https://www.fss.or.kr/fss/bbs/B0000172/list.do?menuNo=200202&bbsId=&cl1Cd=&cl2Cd=&cl3Cd=&pageIndex=1&paramDeptname=&viewType=&selectDeptname=&searchCnd=22&searchWrd=,29
「보이는 ARS」는 어떻게 이용할 수 있나요?,"금융감독원은
금감원 콜센터(☎1332)의 음성
ARS
안내
내용
을
스
마트폰
화면
을
통해
한 번에 확
인
할
수 있는
｢
보이는 1332｣ 서
비스
를
시
행중에 있습니다. 동 서비스 이용방법은 첨부파일을 참고하여 주시기 바랍니다.",https://www.fss.or.kr/fss/bbs/B0000172/view.do?nttId=49729&menuNo=200202&viewType=&searchCnd=22&searchWrd=&pageIndex=1,https://www.fss.or.kr/fss/bbs/B0000172/list.do?menuNo=200202&bbsId=&cl1Cd=&cl2Cd=&cl3Cd=&pageIndex=1&paramDeptname=&viewType=&selectDeptname=&searchCnd=22&searchWrd=,29
대차료 지급기준 참고(예시),"자동차보험 대차료 지급기준 개선
*
내용을 반영한 FAQ를 게시하오니 참고하시기 바랍니다.
* '22.9.29. 금융감독원 보도자료 ""현행 내연기관 중심의 자동차보험 대차료 지급기준을 친환경차 보급 확대 등 환경변화에 맞게 개선합니다
(
'22.10.11.부터 시행예정
)
""
참조",https://www.fss.or.kr/fss/bbs/B0000172/view.do?nttId=49737&menuNo=200202&viewType=&searchCnd=22&searchWrd=&pageIndex=1,https://www.fss.or.kr/fss/bbs/B0000172/list.do?menuNo=200202&bbsId=&cl1Cd=&cl2Cd=&cl3Cd=&pageIndex=1&paramDeptname=&viewType=&selectDeptname=&searchCnd=22&searchWrd=,30
소비자보호실태평가 결과는 어디서 확인할 수 있나요?,"소비자보호실태평가 결과는 금융감독원 홈페이지
(www.fss.or.kr
)
또는 개별 금융기관 및 협회 홈페이지
*
등을 통해 확인하실 수 있습니다.
※ 금융 권역별 협회 홈페이지 목록
은      행 : 전국은행연합회(www.kfb.or.kr)
생명보험 : 생명보험협회(www.klia.or.kr)
손해보험 : 손해보험협회(www.knia.or.kr)
카      드 : 여신금융협회(www.crefia.or.kr)
저축은행 : 저축은행중앙회(www.fsb.or.kr)
금융투자 : 금융투자협회(www.kofia.or.kr)",https://www.fss.or.kr/fss/bbs/B0000172/view.do?nttId=49736&menuNo=200202&viewType=&searchCnd=22&searchWrd=&pageIndex=1,https://www.fss.or.kr/fss/bbs/B0000172/list.do?menuNo=200202&bbsId=&cl1Cd=&cl2Cd=&cl3Cd=&pageIndex=1&paramDeptname=&viewType=&selectDeptname=&searchCnd=22&searchWrd=,30
소비자보호실태평가의 평가방법이 궁금합니다.,"「금융소비자보호 모범규준」에 명기된 소비자보호 사항의 이행여부 점검을 위해 계량 5개, 비계량 5개 등 총 10개 부문으로 구성하여 각 부문별로 평가하고 있습니다.
자세한 내용은 첨부파일을 참고해주시길 바랍니다.",https://www.fss.or.kr/fss/bbs/B0000172/view.do?nttId=49735&menuNo=200202&viewType=&searchCnd=22&searchWrd=&pageIndex=1,https://www.fss.or.kr/fss/bbs/B0000172/list.do?menuNo=200202&bbsId=&cl1Cd=&cl2Cd=&cl3Cd=&pageIndex=1&paramDeptname=&viewType=&selectDeptname=&searchCnd=22&searchWrd=,30
소비자보호실태평가는 어떤 제도인가요?,"금융감독원은 금융회사의 민원예방 노력 유도 등을 위해 2002년부터 「민원발생평가제도」를 운영
*
해왔습니다.
* 금감원이 처리한 민원건수를 기초로 금융회사를 1∼5등급으로 평가하고 대외에 공표(’14년은 81개사 평가)
그러나 민원건수 위주의 평가만으로는 금융회사의 소비자보호 수준을 평가하고, 금융회사의 자율적 개선노력을 유도하는데 한계가 있어 제도 개선의 필요성이 지속적으로 제기되어 왔습니다.
이에 따라 기존 민원발생평가제도를 대신하여 금융회사의 다양한 소비자보호 활동을 종합적으로 평가할 수 있는 「금융소비자보호 실태평가제도」를 도입·시행
('16.4월 시행)
하게 되었습니다.
소비자보호실태평가제도는
금융소비자에게는 거래 금융회사 선택에 필요한 유용한 정보를 제공하는 한편, 금융회사에게는 소비자보호 중심의 경영문화 확산을 유도하는데 중점을 두고 있습니다.",https://www.fss.or.kr/fss/bbs/B0000172/view.do?nttId=49734&menuNo=200202&viewType=&searchCnd=22&searchWrd=&pageIndex=1,https://www.fss.or.kr/fss/bbs/B0000172/list.do?menuNo=200202&bbsId=&cl1Cd=&cl2Cd=&cl3Cd=&pageIndex=1&paramDeptname=&viewType=&selectDeptname=&searchCnd=22&searchWrd=,30
금융감독원의 민원대상 금융회사가 궁금합니다.,"금융감독원은 은행, 금융투자업자, 보험회사, 여신전문금융회사, 상호저축은행 등 금융기관에 대한 민원을 처리하고 있습니다.
금융감독원의 민원대상 금융기관 조회방법은 다음과 같습니다.
1. 금융감독원 홈페이지 → e-금융민원센터 → 민원안내 → 금융민원신청 안내 → 유의사항
2.
http://www.fcsc.kr/D/fu_d_01_02.jsp
→  유의사항
참고로, 금융감독원의 민원대상 금융기관이 아닌 경우 타 부처 등으로 민원이 이송될 수 있음을 알려드립니다.",https://www.fss.or.kr/fss/bbs/B0000172/view.do?nttId=49733&menuNo=200202&viewType=&searchCnd=22&searchWrd=&pageIndex=1,https://www.fss.or.kr/fss/bbs/B0000172/list.do?menuNo=200202&bbsId=&cl1Cd=&cl2Cd=&cl3Cd=&pageIndex=1&paramDeptname=&viewType=&selectDeptname=&searchCnd=22&searchWrd=,30
내 금융계좌를 한번에 조회할 수 있는 사이트는 없나요?,"‘내 계좌 한눈에’ 서비스를 통하여 본인의 주요 금융계좌 정보를 한번에 조회할 수 있습니다!
금융소비자정보포털 ‘파인’(fine.fss.or.kr) 또는 ’내 계좌 한눈에‘ 홈페이지 (
www.accountinfo.or.kr)
를
통해 9시부터 22시까지 이용가능하며(연중무휴), 은행·상호금융
계좌, 보험 계약, 대부업체를 제외한 제도권 금융회사의 대출정보를 일괄조회 할 수 있습니다.",https://www.fss.or.kr/fss/bbs/B0000172/view.do?nttId=49732&menuNo=200202&viewType=&searchCnd=22&searchWrd=&pageIndex=1,https://www.fss.or.kr/fss/bbs/B0000172/list.do?menuNo=200202&bbsId=&cl1Cd=&cl2Cd=&cl3Cd=&pageIndex=1&paramDeptname=&viewType=&selectDeptname=&searchCnd=22&searchWrd=,30
어려운 금융용어 등을 쉽게 찾아볼 수 있는 사이트는 없나요?,"금융감독원은 금융소비자의 전문적인 금융용어에 대한 이해도를 제고하기 위해 관련 제도의 배경, 이슈 등을 종합적으로 반영해 작성한 ‘
금융용어사전
’을 오픈하였습니다.
‘금융용어사전’에는 핀테크 발달을 반영한 인터넷 전문은행, P2P(Peer to Peer) 대출, 로보어드바이저, 크라우드펀딩 등 전문 용어를 비롯한 533개 용어를 상세히 설명하고 있습니다.
금융감독원 홈페이지 및 ‘파인(FINE:fine.fss.or.kr)'의 금융용어사전’ 코너에서 찾아보실 수
있으며, 알고 싶은 용어명을 정확히 입력하지 않더라고 일부 단어만으로도 검색이 가능합니다.",https://www.fss.or.kr/fss/bbs/B0000172/view.do?nttId=49731&menuNo=200202&viewType=&searchCnd=22&searchWrd=&pageIndex=1,https://www.fss.or.kr/fss/bbs/B0000172/list.do?menuNo=200202&bbsId=&cl1Cd=&cl2Cd=&cl3Cd=&pageIndex=1&paramDeptname=&viewType=&selectDeptname=&searchCnd=22&searchWrd=,30
정기예금 및 적금 금리를 한눈에 비교해 볼 수 있는 곳은 없나요?,"금융감독원은 소비자의 금융상품 선택에 실질적인 도움이 될 수 있도록,
금융상품 통합 비교공시시스템 ‘금융상품한눈에’
를 오픈하였습니다.
예·적금, 대출 등 금융상품을 통합 비교공시하고 있으며,
실손보험, 자동차보험 등은 협회사이트(보험다모아)를 연결하여 제공하고 있습니다.
(다만 본 사이트의 금융상품 정보는 매월 20일 정기적으로 공시하고 있으며, 최신정보 제공을 위해 노력하고 있으나 금융상품의 금리 등 거래조건이 수시로 변경될 수 있으므로 거래전 반드시 해당 금융회사에 문의 후 구입을 결정하시기 바랍니다.)
* 홈페이지 주소 :
http://finlife.fss.or.kr",https://www.fss.or.kr/fss/bbs/B0000172/view.do?nttId=49730&menuNo=200202&viewType=&searchCnd=22&searchWrd=&pageIndex=1,https://www.fss.or.kr/fss/bbs/B0000172/list.do?menuNo=200202&bbsId=&cl1Cd=&cl2Cd=&cl3Cd=&pageIndex=1&paramDeptname=&viewType=&selectDeptname=&searchCnd=22&searchWrd=,30
「보이는 ARS」는 어떻게 이용할 수 있나요?,"금융감독원은
금감원 콜센터(☎1332)의 음성
ARS
안내
내용
을
스
마트폰
화면
을
통해
한 번에 확
인
할
수 있는
｢
보이는 1332｣ 서
비스
를
시
행중에 있습니다. 동 서비스 이용방법은 첨부파일을 참고하여 주시기 바랍니다.",https://www.fss.or.kr/fss/bbs/B0000172/view.do?nttId=49729&menuNo=200202&viewType=&searchCnd=22&searchWrd=&pageIndex=1,https://www.fss.or.kr/fss/bbs/B0000172/list.do?menuNo=200202&bbsId=&cl1Cd=&cl2Cd=&cl3Cd=&pageIndex=1&paramDeptname=&viewType=&selectDeptname=&searchCnd=22&searchWrd=,30
대차료 지급기준 참고(예시),"자동차보험 대차료 지급기준 개선
*
내용을 반영한 FAQ를 게시하오니 참고하시기 바랍니다.
* '22.9.29. 금융감독원 보도자료 ""현행 내연기관 중심의 자동차보험 대차료 지급기준을 친환경차 보급 확대 등 환경변화에 맞게 개선합니다
(
'22.10.11.부터 시행예정
)
""
참조",https://www.fss.or.kr/fss/bbs/B0000172/view.do?nttId=49737&menuNo=200202&viewType=&searchCnd=22&searchWrd=&pageIndex=1,https://www.fss.or.kr/fss/bbs/B0000172/list.do?menuNo=200202&bbsId=&cl1Cd=&cl2Cd=&cl3Cd=&pageIndex=1&paramDeptname=&viewType=&selectDeptname=&searchCnd=22&searchWrd=,31
소비자보호실태평가 결과는 어디서 확인할 수 있나요?,"소비자보호실태평가 결과는 금융감독원 홈페이지
(www.fss.or.kr
)
또는 개별 금융기관 및 협회 홈페이지
*
등을 통해 확인하실 수 있습니다.
※ 금융 권역별 협회 홈페이지 목록
은      행 : 전국은행연합회(www.kfb.or.kr)
생명보험 : 생명보험협회(www.klia.or.kr)
손해보험 : 손해보험협회(www.knia.or.kr)
카      드 : 여신금융협회(www.crefia.or.kr)
저축은행 : 저축은행중앙회(www.fsb.or.kr)
금융투자 : 금융투자협회(www.kofia.or.kr)",https://www.fss.or.kr/fss/bbs/B0000172/view.do?nttId=49736&menuNo=200202&viewType=&searchCnd=22&searchWrd=&pageIndex=1,https://www.fss.or.kr/fss/bbs/B0000172/list.do?menuNo=200202&bbsId=&cl1Cd=&cl2Cd=&cl3Cd=&pageIndex=1&paramDeptname=&viewType=&selectDeptname=&searchCnd=22&searchWrd=,31
소비자보호실태평가의 평가방법이 궁금합니다.,"「금융소비자보호 모범규준」에 명기된 소비자보호 사항의 이행여부 점검을 위해 계량 5개, 비계량 5개 등 총 10개 부문으로 구성하여 각 부문별로 평가하고 있습니다.
자세한 내용은 첨부파일을 참고해주시길 바랍니다.",https://www.fss.or.kr/fss/bbs/B0000172/view.do?nttId=49735&menuNo=200202&viewType=&searchCnd=22&searchWrd=&pageIndex=1,https://www.fss.or.kr/fss/bbs/B0000172/list.do?menuNo=200202&bbsId=&cl1Cd=&cl2Cd=&cl3Cd=&pageIndex=1&paramDeptname=&viewType=&selectDeptname=&searchCnd=22&searchWrd=,31
소비자보호실태평가는 어떤 제도인가요?,"금융감독원은 금융회사의 민원예방 노력 유도 등을 위해 2002년부터 「민원발생평가제도」를 운영
*
해왔습니다.
* 금감원이 처리한 민원건수를 기초로 금융회사를 1∼5등급으로 평가하고 대외에 공표(’14년은 81개사 평가)
그러나 민원건수 위주의 평가만으로는 금융회사의 소비자보호 수준을 평가하고, 금융회사의 자율적 개선노력을 유도하는데 한계가 있어 제도 개선의 필요성이 지속적으로 제기되어 왔습니다.
이에 따라 기존 민원발생평가제도를 대신하여 금융회사의 다양한 소비자보호 활동을 종합적으로 평가할 수 있는 「금융소비자보호 실태평가제도」를 도입·시행
('16.4월 시행)
하게 되었습니다.
소비자보호실태평가제도는
금융소비자에게는 거래 금융회사 선택에 필요한 유용한 정보를 제공하는 한편, 금융회사에게는 소비자보호 중심의 경영문화 확산을 유도하는데 중점을 두고 있습니다.",https://www.fss.or.kr/fss/bbs/B0000172/view.do?nttId=49734&menuNo=200202&viewType=&searchCnd=22&searchWrd=&pageIndex=1,https://www.fss.or.kr/fss/bbs/B0000172/list.do?menuNo=200202&bbsId=&cl1Cd=&cl2Cd=&cl3Cd=&pageIndex=1&paramDeptname=&viewType=&selectDeptname=&searchCnd=22&searchWrd=,31
금융감독원의 민원대상 금융회사가 궁금합니다.,"금융감독원은 은행, 금융투자업자, 보험회사, 여신전문금융회사, 상호저축은행 등 금융기관에 대한 민원을 처리하고 있습니다.
금융감독원의 민원대상 금융기관 조회방법은 다음과 같습니다.
1. 금융감독원 홈페이지 → e-금융민원센터 → 민원안내 → 금융민원신청 안내 → 유의사항
2.
http://www.fcsc.kr/D/fu_d_01_02.jsp
→  유의사항
참고로, 금융감독원의 민원대상 금융기관이 아닌 경우 타 부처 등으로 민원이 이송될 수 있음을 알려드립니다.",https://www.fss.or.kr/fss/bbs/B0000172/view.do?nttId=49733&menuNo=200202&viewType=&searchCnd=22&searchWrd=&pageIndex=1,https://www.fss.or.kr/fss/bbs/B0000172/list.do?menuNo=200202&bbsId=&cl1Cd=&cl2Cd=&cl3Cd=&pageIndex=1&paramDeptname=&viewType=&selectDeptname=&searchCnd=22&searchWrd=,31
내 금융계좌를 한번에 조회할 수 있는 사이트는 없나요?,"‘내 계좌 한눈에’ 서비스를 통하여 본인의 주요 금융계좌 정보를 한번에 조회할 수 있습니다!
금융소비자정보포털 ‘파인’(fine.fss.or.kr) 또는 ’내 계좌 한눈에‘ 홈페이지 (
www.accountinfo.or.kr)
를
통해 9시부터 22시까지 이용가능하며(연중무휴), 은행·상호금융
계좌, 보험 계약, 대부업체를 제외한 제도권 금융회사의 대출정보를 일괄조회 할 수 있습니다.",https://www.fss.or.kr/fss/bbs/B0000172/view.do?nttId=49732&menuNo=200202&viewType=&searchCnd=22&searchWrd=&pageIndex=1,https://www.fss.or.kr/fss/bbs/B0000172/list.do?menuNo=200202&bbsId=&cl1Cd=&cl2Cd=&cl3Cd=&pageIndex=1&paramDeptname=&viewType=&selectDeptname=&searchCnd=22&searchWrd=,31
어려운 금융용어 등을 쉽게 찾아볼 수 있는 사이트는 없나요?,"금융감독원은 금융소비자의 전문적인 금융용어에 대한 이해도를 제고하기 위해 관련 제도의 배경, 이슈 등을 종합적으로 반영해 작성한 ‘
금융용어사전
’을 오픈하였습니다.
‘금융용어사전’에는 핀테크 발달을 반영한 인터넷 전문은행, P2P(Peer to Peer) 대출, 로보어드바이저, 크라우드펀딩 등 전문 용어를 비롯한 533개 용어를 상세히 설명하고 있습니다.
금융감독원 홈페이지 및 ‘파인(FINE:fine.fss.or.kr)'의 금융용어사전’ 코너에서 찾아보실 수
있으며, 알고 싶은 용어명을 정확히 입력하지 않더라고 일부 단어만으로도 검색이 가능합니다.",https://www.fss.or.kr/fss/bbs/B0000172/view.do?nttId=49731&menuNo=200202&viewType=&searchCnd=22&searchWrd=&pageIndex=1,https://www.fss.or.kr/fss/bbs/B0000172/list.do?menuNo=200202&bbsId=&cl1Cd=&cl2Cd=&cl3Cd=&pageIndex=1&paramDeptname=&viewType=&selectDeptname=&searchCnd=22&searchWrd=,31
정기예금 및 적금 금리를 한눈에 비교해 볼 수 있는 곳은 없나요?,"금융감독원은 소비자의 금융상품 선택에 실질적인 도움이 될 수 있도록,
금융상품 통합 비교공시시스템 ‘금융상품한눈에’
를 오픈하였습니다.
예·적금, 대출 등 금융상품을 통합 비교공시하고 있으며,
실손보험, 자동차보험 등은 협회사이트(보험다모아)를 연결하여 제공하고 있습니다.
(다만 본 사이트의 금융상품 정보는 매월 20일 정기적으로 공시하고 있으며, 최신정보 제공을 위해 노력하고 있으나 금융상품의 금리 등 거래조건이 수시로 변경될 수 있으므로 거래전 반드시 해당 금융회사에 문의 후 구입을 결정하시기 바랍니다.)
* 홈페이지 주소 :
http://finlife.fss.or.kr",https://www.fss.or.kr/fss/bbs/B0000172/view.do?nttId=49730&menuNo=200202&viewType=&searchCnd=22&searchWrd=&pageIndex=1,https://www.fss.or.kr/fss/bbs/B0000172/list.do?menuNo=200202&bbsId=&cl1Cd=&cl2Cd=&cl3Cd=&pageIndex=1&paramDeptname=&viewType=&selectDeptname=&searchCnd=22&searchWrd=,31
「보이는 ARS」는 어떻게 이용할 수 있나요?,"금융감독원은
금감원 콜센터(☎1332)의 음성
ARS
안내
내용
을
스
마트폰
화면
을
통해
한 번에 확
인
할
수 있는
｢
보이는 1332｣ 서
비스
를
시
행중에 있습니다. 동 서비스 이용방법은 첨부파일을 참고하여 주시기 바랍니다.",https://www.fss.or.kr/fss/bbs/B0000172/view.do?nttId=49729&menuNo=200202&viewType=&searchCnd=22&searchWrd=&pageIndex=1,https://www.fss.or.kr/fss/bbs/B0000172/list.do?menuNo=200202&bbsId=&cl1Cd=&cl2Cd=&cl3Cd=&pageIndex=1&paramDeptname=&viewType=&selectDeptname=&searchCnd=22&searchWrd=,31
대차료 지급기준 참고(예시),"자동차보험 대차료 지급기준 개선
*
내용을 반영한 FAQ를 게시하오니 참고하시기 바랍니다.
* '22.9.29. 금융감독원 보도자료 ""현행 내연기관 중심의 자동차보험 대차료 지급기준을 친환경차 보급 확대 등 환경변화에 맞게 개선합니다
(
'22.10.11.부터 시행예정
)
""
참조",https://www.fss.or.kr/fss/bbs/B0000172/view.do?nttId=49737&menuNo=200202&viewType=&searchCnd=22&searchWrd=&pageIndex=1,https://www.fss.or.kr/fss/bbs/B0000172/list.do?menuNo=200202&bbsId=&cl1Cd=&cl2Cd=&cl3Cd=&pageIndex=1&paramDeptname=&viewType=&selectDeptname=&searchCnd=22&searchWrd=,32
소비자보호실태평가 결과는 어디서 확인할 수 있나요?,"소비자보호실태평가 결과는 금융감독원 홈페이지
(www.fss.or.kr
)
또는 개별 금융기관 및 협회 홈페이지
*
등을 통해 확인하실 수 있습니다.
※ 금융 권역별 협회 홈페이지 목록
은      행 : 전국은행연합회(www.kfb.or.kr)
생명보험 : 생명보험협회(www.klia.or.kr)
손해보험 : 손해보험협회(www.knia.or.kr)
카      드 : 여신금융협회(www.crefia.or.kr)
저축은행 : 저축은행중앙회(www.fsb.or.kr)
금융투자 : 금융투자협회(www.kofia.or.kr)",https://www.fss.or.kr/fss/bbs/B0000172/view.do?nttId=49736&menuNo=200202&viewType=&searchCnd=22&searchWrd=&pageIndex=1,https://www.fss.or.kr/fss/bbs/B0000172/list.do?menuNo=200202&bbsId=&cl1Cd=&cl2Cd=&cl3Cd=&pageIndex=1&paramDeptname=&viewType=&selectDeptname=&searchCnd=22&searchWrd=,32
소비자보호실태평가의 평가방법이 궁금합니다.,"「금융소비자보호 모범규준」에 명기된 소비자보호 사항의 이행여부 점검을 위해 계량 5개, 비계량 5개 등 총 10개 부문으로 구성하여 각 부문별로 평가하고 있습니다.
자세한 내용은 첨부파일을 참고해주시길 바랍니다.",https://www.fss.or.kr/fss/bbs/B0000172/view.do?nttId=49735&menuNo=200202&viewType=&searchCnd=22&searchWrd=&pageIndex=1,https://www.fss.or.kr/fss/bbs/B0000172/list.do?menuNo=200202&bbsId=&cl1Cd=&cl2Cd=&cl3Cd=&pageIndex=1&paramDeptname=&viewType=&selectDeptname=&searchCnd=22&searchWrd=,32
소비자보호실태평가는 어떤 제도인가요?,"금융감독원은 금융회사의 민원예방 노력 유도 등을 위해 2002년부터 「민원발생평가제도」를 운영
*
해왔습니다.
* 금감원이 처리한 민원건수를 기초로 금융회사를 1∼5등급으로 평가하고 대외에 공표(’14년은 81개사 평가)
그러나 민원건수 위주의 평가만으로는 금융회사의 소비자보호 수준을 평가하고, 금융회사의 자율적 개선노력을 유도하는데 한계가 있어 제도 개선의 필요성이 지속적으로 제기되어 왔습니다.
이에 따라 기존 민원발생평가제도를 대신하여 금융회사의 다양한 소비자보호 활동을 종합적으로 평가할 수 있는 「금융소비자보호 실태평가제도」를 도입·시행
('16.4월 시행)
하게 되었습니다.
소비자보호실태평가제도는
금융소비자에게는 거래 금융회사 선택에 필요한 유용한 정보를 제공하는 한편, 금융회사에게는 소비자보호 중심의 경영문화 확산을 유도하는데 중점을 두고 있습니다.",https://www.fss.or.kr/fss/bbs/B0000172/view.do?nttId=49734&menuNo=200202&viewType=&searchCnd=22&searchWrd=&pageIndex=1,https://www.fss.or.kr/fss/bbs/B0000172/list.do?menuNo=200202&bbsId=&cl1Cd=&cl2Cd=&cl3Cd=&pageIndex=1&paramDeptname=&viewType=&selectDeptname=&searchCnd=22&searchWrd=,32
금융감독원의 민원대상 금융회사가 궁금합니다.,"금융감독원은 은행, 금융투자업자, 보험회사, 여신전문금융회사, 상호저축은행 등 금융기관에 대한 민원을 처리하고 있습니다.
금융감독원의 민원대상 금융기관 조회방법은 다음과 같습니다.
1. 금융감독원 홈페이지 → e-금융민원센터 → 민원안내 → 금융민원신청 안내 → 유의사항
2.
http://www.fcsc.kr/D/fu_d_01_02.jsp
→  유의사항
참고로, 금융감독원의 민원대상 금융기관이 아닌 경우 타 부처 등으로 민원이 이송될 수 있음을 알려드립니다.",https://www.fss.or.kr/fss/bbs/B0000172/view.do?nttId=49733&menuNo=200202&viewType=&searchCnd=22&searchWrd=&pageIndex=1,https://www.fss.or.kr/fss/bbs/B0000172/list.do?menuNo=200202&bbsId=&cl1Cd=&cl2Cd=&cl3Cd=&pageIndex=1&paramDeptname=&viewType=&selectDeptname=&searchCnd=22&searchWrd=,32
내 금융계좌를 한번에 조회할 수 있는 사이트는 없나요?,"‘내 계좌 한눈에’ 서비스를 통하여 본인의 주요 금융계좌 정보를 한번에 조회할 수 있습니다!
금융소비자정보포털 ‘파인’(fine.fss.or.kr) 또는 ’내 계좌 한눈에‘ 홈페이지 (
www.accountinfo.or.kr)
를
통해 9시부터 22시까지 이용가능하며(연중무휴), 은행·상호금융
계좌, 보험 계약, 대부업체를 제외한 제도권 금융회사의 대출정보를 일괄조회 할 수 있습니다.",https://www.fss.or.kr/fss/bbs/B0000172/view.do?nttId=49732&menuNo=200202&viewType=&searchCnd=22&searchWrd=&pageIndex=1,https://www.fss.or.kr/fss/bbs/B0000172/list.do?menuNo=200202&bbsId=&cl1Cd=&cl2Cd=&cl3Cd=&pageIndex=1&paramDeptname=&viewType=&selectDeptname=&searchCnd=22&searchWrd=,32
어려운 금융용어 등을 쉽게 찾아볼 수 있는 사이트는 없나요?,"금융감독원은 금융소비자의 전문적인 금융용어에 대한 이해도를 제고하기 위해 관련 제도의 배경, 이슈 등을 종합적으로 반영해 작성한 ‘
금융용어사전
’을 오픈하였습니다.
‘금융용어사전’에는 핀테크 발달을 반영한 인터넷 전문은행, P2P(Peer to Peer) 대출, 로보어드바이저, 크라우드펀딩 등 전문 용어를 비롯한 533개 용어를 상세히 설명하고 있습니다.
금융감독원 홈페이지 및 ‘파인(FINE:fine.fss.or.kr)'의 금융용어사전’ 코너에서 찾아보실 수
있으며, 알고 싶은 용어명을 정확히 입력하지 않더라고 일부 단어만으로도 검색이 가능합니다.",https://www.fss.or.kr/fss/bbs/B0000172/view.do?nttId=49731&menuNo=200202&viewType=&searchCnd=22&searchWrd=&pageIndex=1,https://www.fss.or.kr/fss/bbs/B0000172/list.do?menuNo=200202&bbsId=&cl1Cd=&cl2Cd=&cl3Cd=&pageIndex=1&paramDeptname=&viewType=&selectDeptname=&searchCnd=22&searchWrd=,32
정기예금 및 적금 금리를 한눈에 비교해 볼 수 있는 곳은 없나요?,"금융감독원은 소비자의 금융상품 선택에 실질적인 도움이 될 수 있도록,
금융상품 통합 비교공시시스템 ‘금융상품한눈에’
를 오픈하였습니다.
예·적금, 대출 등 금융상품을 통합 비교공시하고 있으며,
실손보험, 자동차보험 등은 협회사이트(보험다모아)를 연결하여 제공하고 있습니다.
(다만 본 사이트의 금융상품 정보는 매월 20일 정기적으로 공시하고 있으며, 최신정보 제공을 위해 노력하고 있으나 금융상품의 금리 등 거래조건이 수시로 변경될 수 있으므로 거래전 반드시 해당 금융회사에 문의 후 구입을 결정하시기 바랍니다.)
* 홈페이지 주소 :
http://finlife.fss.or.kr",https://www.fss.or.kr/fss/bbs/B0000172/view.do?nttId=49730&menuNo=200202&viewType=&searchCnd=22&searchWrd=&pageIndex=1,https://www.fss.or.kr/fss/bbs/B0000172/list.do?menuNo=200202&bbsId=&cl1Cd=&cl2Cd=&cl3Cd=&pageIndex=1&paramDeptname=&viewType=&selectDeptname=&searchCnd=22&searchWrd=,32
「보이는 ARS」는 어떻게 이용할 수 있나요?,"금융감독원은
금감원 콜센터(☎1332)의 음성
ARS
안내
내용
을
스
마트폰
화면
을
통해
한 번에 확
인
할
수 있는
｢
보이는 1332｣ 서
비스
를
시
행중에 있습니다. 동 서비스 이용방법은 첨부파일을 참고하여 주시기 바랍니다.",https://www.fss.or.kr/fss/bbs/B0000172/view.do?nttId=49729&menuNo=200202&viewType=&searchCnd=22&searchWrd=&pageIndex=1,https://www.fss.or.kr/fss/bbs/B0000172/list.do?menuNo=200202&bbsId=&cl1Cd=&cl2Cd=&cl3Cd=&pageIndex=1&paramDeptname=&viewType=&selectDeptname=&searchCnd=22&searchWrd=,32
대차료 지급기준 참고(예시),"자동차보험 대차료 지급기준 개선
*
내용을 반영한 FAQ를 게시하오니 참고하시기 바랍니다.
* '22.9.29. 금융감독원 보도자료 ""현행 내연기관 중심의 자동차보험 대차료 지급기준을 친환경차 보급 확대 등 환경변화에 맞게 개선합니다
(
'22.10.11.부터 시행예정
)
""
참조",https://www.fss.or.kr/fss/bbs/B0000172/view.do?nttId=49737&menuNo=200202&viewType=&searchCnd=22&searchWrd=&pageIndex=1,https://www.fss.or.kr/fss/bbs/B0000172/list.do?menuNo=200202&bbsId=&cl1Cd=&cl2Cd=&cl3Cd=&pageIndex=1&paramDeptname=&viewType=&selectDeptname=&searchCnd=22&searchWrd=,33
소비자보호실태평가 결과는 어디서 확인할 수 있나요?,"소비자보호실태평가 결과는 금융감독원 홈페이지
(www.fss.or.kr
)
또는 개별 금융기관 및 협회 홈페이지
*
등을 통해 확인하실 수 있습니다.
※ 금융 권역별 협회 홈페이지 목록
은      행 : 전국은행연합회(www.kfb.or.kr)
생명보험 : 생명보험협회(www.klia.or.kr)
손해보험 : 손해보험협회(www.knia.or.kr)
카      드 : 여신금융협회(www.crefia.or.kr)
저축은행 : 저축은행중앙회(www.fsb.or.kr)
금융투자 : 금융투자협회(www.kofia.or.kr)",https://www.fss.or.kr/fss/bbs/B0000172/view.do?nttId=49736&menuNo=200202&viewType=&searchCnd=22&searchWrd=&pageIndex=1,https://www.fss.or.kr/fss/bbs/B0000172/list.do?menuNo=200202&bbsId=&cl1Cd=&cl2Cd=&cl3Cd=&pageIndex=1&paramDeptname=&viewType=&selectDeptname=&searchCnd=22&searchWrd=,33
소비자보호실태평가의 평가방법이 궁금합니다.,"「금융소비자보호 모범규준」에 명기된 소비자보호 사항의 이행여부 점검을 위해 계량 5개, 비계량 5개 등 총 10개 부문으로 구성하여 각 부문별로 평가하고 있습니다.
자세한 내용은 첨부파일을 참고해주시길 바랍니다.",https://www.fss.or.kr/fss/bbs/B0000172/view.do?nttId=49735&menuNo=200202&viewType=&searchCnd=22&searchWrd=&pageIndex=1,https://www.fss.or.kr/fss/bbs/B0000172/list.do?menuNo=200202&bbsId=&cl1Cd=&cl2Cd=&cl3Cd=&pageIndex=1&paramDeptname=&viewType=&selectDeptname=&searchCnd=22&searchWrd=,33
소비자보호실태평가는 어떤 제도인가요?,"금융감독원은 금융회사의 민원예방 노력 유도 등을 위해 2002년부터 「민원발생평가제도」를 운영
*
해왔습니다.
* 금감원이 처리한 민원건수를 기초로 금융회사를 1∼5등급으로 평가하고 대외에 공표(’14년은 81개사 평가)
그러나 민원건수 위주의 평가만으로는 금융회사의 소비자보호 수준을 평가하고, 금융회사의 자율적 개선노력을 유도하는데 한계가 있어 제도 개선의 필요성이 지속적으로 제기되어 왔습니다.
이에 따라 기존 민원발생평가제도를 대신하여 금융회사의 다양한 소비자보호 활동을 종합적으로 평가할 수 있는 「금융소비자보호 실태평가제도」를 도입·시행
('16.4월 시행)
하게 되었습니다.
소비자보호실태평가제도는
금융소비자에게는 거래 금융회사 선택에 필요한 유용한 정보를 제공하는 한편, 금융회사에게는 소비자보호 중심의 경영문화 확산을 유도하는데 중점을 두고 있습니다.",https://www.fss.or.kr/fss/bbs/B0000172/view.do?nttId=49734&menuNo=200202&viewType=&searchCnd=22&searchWrd=&pageIndex=1,https://www.fss.or.kr/fss/bbs/B0000172/list.do?menuNo=200202&bbsId=&cl1Cd=&cl2Cd=&cl3Cd=&pageIndex=1&paramDeptname=&viewType=&selectDeptname=&searchCnd=22&searchWrd=,33
금융감독원의 민원대상 금융회사가 궁금합니다.,"금융감독원은 은행, 금융투자업자, 보험회사, 여신전문금융회사, 상호저축은행 등 금융기관에 대한 민원을 처리하고 있습니다.
금융감독원의 민원대상 금융기관 조회방법은 다음과 같습니다.
1. 금융감독원 홈페이지 → e-금융민원센터 → 민원안내 → 금융민원신청 안내 → 유의사항
2.
http://www.fcsc.kr/D/fu_d_01_02.jsp
→  유의사항
참고로, 금융감독원의 민원대상 금융기관이 아닌 경우 타 부처 등으로 민원이 이송될 수 있음을 알려드립니다.",https://www.fss.or.kr/fss/bbs/B0000172/view.do?nttId=49733&menuNo=200202&viewType=&searchCnd=22&searchWrd=&pageIndex=1,https://www.fss.or.kr/fss/bbs/B0000172/list.do?menuNo=200202&bbsId=&cl1Cd=&cl2Cd=&cl3Cd=&pageIndex=1&paramDeptname=&viewType=&selectDeptname=&searchCnd=22&searchWrd=,33
내 금융계좌를 한번에 조회할 수 있는 사이트는 없나요?,"‘내 계좌 한눈에’ 서비스를 통하여 본인의 주요 금융계좌 정보를 한번에 조회할 수 있습니다!
금융소비자정보포털 ‘파인’(fine.fss.or.kr) 또는 ’내 계좌 한눈에‘ 홈페이지 (
www.accountinfo.or.kr)
를
통해 9시부터 22시까지 이용가능하며(연중무휴), 은행·상호금융
계좌, 보험 계약, 대부업체를 제외한 제도권 금융회사의 대출정보를 일괄조회 할 수 있습니다.",https://www.fss.or.kr/fss/bbs/B0000172/view.do?nttId=49732&menuNo=200202&viewType=&searchCnd=22&searchWrd=&pageIndex=1,https://www.fss.or.kr/fss/bbs/B0000172/list.do?menuNo=200202&bbsId=&cl1Cd=&cl2Cd=&cl3Cd=&pageIndex=1&paramDeptname=&viewType=&selectDeptname=&searchCnd=22&searchWrd=,33
어려운 금융용어 등을 쉽게 찾아볼 수 있는 사이트는 없나요?,"금융감독원은 금융소비자의 전문적인 금융용어에 대한 이해도를 제고하기 위해 관련 제도의 배경, 이슈 등을 종합적으로 반영해 작성한 ‘
금융용어사전
’을 오픈하였습니다.
‘금융용어사전’에는 핀테크 발달을 반영한 인터넷 전문은행, P2P(Peer to Peer) 대출, 로보어드바이저, 크라우드펀딩 등 전문 용어를 비롯한 533개 용어를 상세히 설명하고 있습니다.
금융감독원 홈페이지 및 ‘파인(FINE:fine.fss.or.kr)'의 금융용어사전’ 코너에서 찾아보실 수
있으며, 알고 싶은 용어명을 정확히 입력하지 않더라고 일부 단어만으로도 검색이 가능합니다.",https://www.fss.or.kr/fss/bbs/B0000172/view.do?nttId=49731&menuNo=200202&viewType=&searchCnd=22&searchWrd=&pageIndex=1,https://www.fss.or.kr/fss/bbs/B0000172/list.do?menuNo=200202&bbsId=&cl1Cd=&cl2Cd=&cl3Cd=&pageIndex=1&paramDeptname=&viewType=&selectDeptname=&searchCnd=22&searchWrd=,33
정기예금 및 적금 금리를 한눈에 비교해 볼 수 있는 곳은 없나요?,"금융감독원은 소비자의 금융상품 선택에 실질적인 도움이 될 수 있도록,
금융상품 통합 비교공시시스템 ‘금융상품한눈에’
를 오픈하였습니다.
예·적금, 대출 등 금융상품을 통합 비교공시하고 있으며,
실손보험, 자동차보험 등은 협회사이트(보험다모아)를 연결하여 제공하고 있습니다.
(다만 본 사이트의 금융상품 정보는 매월 20일 정기적으로 공시하고 있으며, 최신정보 제공을 위해 노력하고 있으나 금융상품의 금리 등 거래조건이 수시로 변경될 수 있으므로 거래전 반드시 해당 금융회사에 문의 후 구입을 결정하시기 바랍니다.)
* 홈페이지 주소 :
http://finlife.fss.or.kr",https://www.fss.or.kr/fss/bbs/B0000172/view.do?nttId=49730&menuNo=200202&viewType=&searchCnd=22&searchWrd=&pageIndex=1,https://www.fss.or.kr/fss/bbs/B0000172/list.do?menuNo=200202&bbsId=&cl1Cd=&cl2Cd=&cl3Cd=&pageIndex=1&paramDeptname=&viewType=&selectDeptname=&searchCnd=22&searchWrd=,33
「보이는 ARS」는 어떻게 이용할 수 있나요?,"금융감독원은
금감원 콜센터(☎1332)의 음성
ARS
안내
내용
을
스
마트폰
화면
을
통해
한 번에 확
인
할
수 있는
｢
보이는 1332｣ 서
비스
를
시
행중에 있습니다. 동 서비스 이용방법은 첨부파일을 참고하여 주시기 바랍니다.",https://www.fss.or.kr/fss/bbs/B0000172/view.do?nttId=49729&menuNo=200202&viewType=&searchCnd=22&searchWrd=&pageIndex=1,https://www.fss.or.kr/fss/bbs/B0000172/list.do?menuNo=200202&bbsId=&cl1Cd=&cl2Cd=&cl3Cd=&pageIndex=1&paramDeptname=&viewType=&selectDeptname=&searchCnd=22&searchWrd=,33
대차료 지급기준 참고(예시),"자동차보험 대차료 지급기준 개선
*
내용을 반영한 FAQ를 게시하오니 참고하시기 바랍니다.
* '22.9.29. 금융감독원 보도자료 ""현행 내연기관 중심의 자동차보험 대차료 지급기준을 친환경차 보급 확대 등 환경변화에 맞게 개선합니다
(
'22.10.11.부터 시행예정
)
""
참조",https://www.fss.or.kr/fss/bbs/B0000172/view.do?nttId=49737&menuNo=200202&viewType=&searchCnd=22&searchWrd=&pageIndex=1,https://www.fss.or.kr/fss/bbs/B0000172/list.do?menuNo=200202&bbsId=&cl1Cd=&cl2Cd=&cl3Cd=&pageIndex=1&paramDeptname=&viewType=&selectDeptname=&searchCnd=22&searchWrd=,34
소비자보호실태평가 결과는 어디서 확인할 수 있나요?,"소비자보호실태평가 결과는 금융감독원 홈페이지
(www.fss.or.kr
)
또는 개별 금융기관 및 협회 홈페이지
*
등을 통해 확인하실 수 있습니다.
※ 금융 권역별 협회 홈페이지 목록
은      행 : 전국은행연합회(www.kfb.or.kr)
생명보험 : 생명보험협회(www.klia.or.kr)
손해보험 : 손해보험협회(www.knia.or.kr)
카      드 : 여신금융협회(www.crefia.or.kr)
저축은행 : 저축은행중앙회(www.fsb.or.kr)
금융투자 : 금융투자협회(www.kofia.or.kr)",https://www.fss.or.kr/fss/bbs/B0000172/view.do?nttId=49736&menuNo=200202&viewType=&searchCnd=22&searchWrd=&pageIndex=1,https://www.fss.or.kr/fss/bbs/B0000172/list.do?menuNo=200202&bbsId=&cl1Cd=&cl2Cd=&cl3Cd=&pageIndex=1&paramDeptname=&viewType=&selectDeptname=&searchCnd=22&searchWrd=,34
소비자보호실태평가의 평가방법이 궁금합니다.,"「금융소비자보호 모범규준」에 명기된 소비자보호 사항의 이행여부 점검을 위해 계량 5개, 비계량 5개 등 총 10개 부문으로 구성하여 각 부문별로 평가하고 있습니다.
자세한 내용은 첨부파일을 참고해주시길 바랍니다.",https://www.fss.or.kr/fss/bbs/B0000172/view.do?nttId=49735&menuNo=200202&viewType=&searchCnd=22&searchWrd=&pageIndex=1,https://www.fss.or.kr/fss/bbs/B0000172/list.do?menuNo=200202&bbsId=&cl1Cd=&cl2Cd=&cl3Cd=&pageIndex=1&paramDeptname=&viewType=&selectDeptname=&searchCnd=22&searchWrd=,34
소비자보호실태평가는 어떤 제도인가요?,"금융감독원은 금융회사의 민원예방 노력 유도 등을 위해 2002년부터 「민원발생평가제도」를 운영
*
해왔습니다.
* 금감원이 처리한 민원건수를 기초로 금융회사를 1∼5등급으로 평가하고 대외에 공표(’14년은 81개사 평가)
그러나 민원건수 위주의 평가만으로는 금융회사의 소비자보호 수준을 평가하고, 금융회사의 자율적 개선노력을 유도하는데 한계가 있어 제도 개선의 필요성이 지속적으로 제기되어 왔습니다.
이에 따라 기존 민원발생평가제도를 대신하여 금융회사의 다양한 소비자보호 활동을 종합적으로 평가할 수 있는 「금융소비자보호 실태평가제도」를 도입·시행
('16.4월 시행)
하게 되었습니다.
소비자보호실태평가제도는
금융소비자에게는 거래 금융회사 선택에 필요한 유용한 정보를 제공하는 한편, 금융회사에게는 소비자보호 중심의 경영문화 확산을 유도하는데 중점을 두고 있습니다.",https://www.fss.or.kr/fss/bbs/B0000172/view.do?nttId=49734&menuNo=200202&viewType=&searchCnd=22&searchWrd=&pageIndex=1,https://www.fss.or.kr/fss/bbs/B0000172/list.do?menuNo=200202&bbsId=&cl1Cd=&cl2Cd=&cl3Cd=&pageIndex=1&paramDeptname=&viewType=&selectDeptname=&searchCnd=22&searchWrd=,34
금융감독원의 민원대상 금융회사가 궁금합니다.,"금융감독원은 은행, 금융투자업자, 보험회사, 여신전문금융회사, 상호저축은행 등 금융기관에 대한 민원을 처리하고 있습니다.
금융감독원의 민원대상 금융기관 조회방법은 다음과 같습니다.
1. 금융감독원 홈페이지 → e-금융민원센터 → 민원안내 → 금융민원신청 안내 → 유의사항
2.
http://www.fcsc.kr/D/fu_d_01_02.jsp
→  유의사항
참고로, 금융감독원의 민원대상 금융기관이 아닌 경우 타 부처 등으로 민원이 이송될 수 있음을 알려드립니다.",https://www.fss.or.kr/fss/bbs/B0000172/view.do?nttId=49733&menuNo=200202&viewType=&searchCnd=22&searchWrd=&pageIndex=1,https://www.fss.or.kr/fss/bbs/B0000172/list.do?menuNo=200202&bbsId=&cl1Cd=&cl2Cd=&cl3Cd=&pageIndex=1&paramDeptname=&viewType=&selectDeptname=&searchCnd=22&searchWrd=,34
내 금융계좌를 한번에 조회할 수 있는 사이트는 없나요?,"‘내 계좌 한눈에’ 서비스를 통하여 본인의 주요 금융계좌 정보를 한번에 조회할 수 있습니다!
금융소비자정보포털 ‘파인’(fine.fss.or.kr) 또는 ’내 계좌 한눈에‘ 홈페이지 (
www.accountinfo.or.kr)
를
통해 9시부터 22시까지 이용가능하며(연중무휴), 은행·상호금융
계좌, 보험 계약, 대부업체를 제외한 제도권 금융회사의 대출정보를 일괄조회 할 수 있습니다.",https://www.fss.or.kr/fss/bbs/B0000172/view.do?nttId=49732&menuNo=200202&viewType=&searchCnd=22&searchWrd=&pageIndex=1,https://www.fss.or.kr/fss/bbs/B0000172/list.do?menuNo=200202&bbsId=&cl1Cd=&cl2Cd=&cl3Cd=&pageIndex=1&paramDeptname=&viewType=&selectDeptname=&searchCnd=22&searchWrd=,34
어려운 금융용어 등을 쉽게 찾아볼 수 있는 사이트는 없나요?,"금융감독원은 금융소비자의 전문적인 금융용어에 대한 이해도를 제고하기 위해 관련 제도의 배경, 이슈 등을 종합적으로 반영해 작성한 ‘
금융용어사전
’을 오픈하였습니다.
‘금융용어사전’에는 핀테크 발달을 반영한 인터넷 전문은행, P2P(Peer to Peer) 대출, 로보어드바이저, 크라우드펀딩 등 전문 용어를 비롯한 533개 용어를 상세히 설명하고 있습니다.
금융감독원 홈페이지 및 ‘파인(FINE:fine.fss.or.kr)'의 금융용어사전’ 코너에서 찾아보실 수
있으며, 알고 싶은 용어명을 정확히 입력하지 않더라고 일부 단어만으로도 검색이 가능합니다.",https://www.fss.or.kr/fss/bbs/B0000172/view.do?nttId=49731&menuNo=200202&viewType=&searchCnd=22&searchWrd=&pageIndex=1,https://www.fss.or.kr/fss/bbs/B0000172/list.do?menuNo=200202&bbsId=&cl1Cd=&cl2Cd=&cl3Cd=&pageIndex=1&paramDeptname=&viewType=&selectDeptname=&searchCnd=22&searchWrd=,34
정기예금 및 적금 금리를 한눈에 비교해 볼 수 있는 곳은 없나요?,"금융감독원은 소비자의 금융상품 선택에 실질적인 도움이 될 수 있도록,
금융상품 통합 비교공시시스템 ‘금융상품한눈에’
를 오픈하였습니다.
예·적금, 대출 등 금융상품을 통합 비교공시하고 있으며,
실손보험, 자동차보험 등은 협회사이트(보험다모아)를 연결하여 제공하고 있습니다.
(다만 본 사이트의 금융상품 정보는 매월 20일 정기적으로 공시하고 있으며, 최신정보 제공을 위해 노력하고 있으나 금융상품의 금리 등 거래조건이 수시로 변경될 수 있으므로 거래전 반드시 해당 금융회사에 문의 후 구입을 결정하시기 바랍니다.)
* 홈페이지 주소 :
http://finlife.fss.or.kr",https://www.fss.or.kr/fss/bbs/B0000172/view.do?nttId=49730&menuNo=200202&viewType=&searchCnd=22&searchWrd=&pageIndex=1,https://www.fss.or.kr/fss/bbs/B0000172/list.do?menuNo=200202&bbsId=&cl1Cd=&cl2Cd=&cl3Cd=&pageIndex=1&paramDeptname=&viewType=&selectDeptname=&searchCnd=22&searchWrd=,34
「보이는 ARS」는 어떻게 이용할 수 있나요?,"금융감독원은
금감원 콜센터(☎1332)의 음성
ARS
안내
내용
을
스
마트폰
화면
을
통해
한 번에 확
인
할
수 있는
｢
보이는 1332｣ 서
비스
를
시
행중에 있습니다. 동 서비스 이용방법은 첨부파일을 참고하여 주시기 바랍니다.",https://www.fss.or.kr/fss/bbs/B0000172/view.do?nttId=49729&menuNo=200202&viewType=&searchCnd=22&searchWrd=&pageIndex=1,https://www.fss.or.kr/fss/bbs/B0000172/list.do?menuNo=200202&bbsId=&cl1Cd=&cl2Cd=&cl3Cd=&pageIndex=1&paramDeptname=&viewType=&selectDeptname=&searchCnd=22&searchWrd=,34
대차료 지급기준 참고(예시),"자동차보험 대차료 지급기준 개선
*
내용을 반영한 FAQ를 게시하오니 참고하시기 바랍니다.
* '22.9.29. 금융감독원 보도자료 ""현행 내연기관 중심의 자동차보험 대차료 지급기준을 친환경차 보급 확대 등 환경변화에 맞게 개선합니다
(
'22.10.11.부터 시행예정
)
""
참조",https://www.fss.or.kr/fss/bbs/B0000172/view.do?nttId=49737&menuNo=200202&viewType=&searchCnd=22&searchWrd=&pageIndex=1,https://www.fss.or.kr/fss/bbs/B0000172/list.do?menuNo=200202&bbsId=&cl1Cd=&cl2Cd=&cl3Cd=&pageIndex=1&paramDeptname=&viewType=&selectDeptname=&searchCnd=22&searchWrd=,35
소비자보호실태평가 결과는 어디서 확인할 수 있나요?,"소비자보호실태평가 결과는 금융감독원 홈페이지
(www.fss.or.kr
)
또는 개별 금융기관 및 협회 홈페이지
*
등을 통해 확인하실 수 있습니다.
※ 금융 권역별 협회 홈페이지 목록
은      행 : 전국은행연합회(www.kfb.or.kr)
생명보험 : 생명보험협회(www.klia.or.kr)
손해보험 : 손해보험협회(www.knia.or.kr)
카      드 : 여신금융협회(www.crefia.or.kr)
저축은행 : 저축은행중앙회(www.fsb.or.kr)
금융투자 : 금융투자협회(www.kofia.or.kr)",https://www.fss.or.kr/fss/bbs/B0000172/view.do?nttId=49736&menuNo=200202&viewType=&searchCnd=22&searchWrd=&pageIndex=1,https://www.fss.or.kr/fss/bbs/B0000172/list.do?menuNo=200202&bbsId=&cl1Cd=&cl2Cd=&cl3Cd=&pageIndex=1&paramDeptname=&viewType=&selectDeptname=&searchCnd=22&searchWrd=,35
소비자보호실태평가의 평가방법이 궁금합니다.,"「금융소비자보호 모범규준」에 명기된 소비자보호 사항의 이행여부 점검을 위해 계량 5개, 비계량 5개 등 총 10개 부문으로 구성하여 각 부문별로 평가하고 있습니다.
자세한 내용은 첨부파일을 참고해주시길 바랍니다.",https://www.fss.or.kr/fss/bbs/B0000172/view.do?nttId=49735&menuNo=200202&viewType=&searchCnd=22&searchWrd=&pageIndex=1,https://www.fss.or.kr/fss/bbs/B0000172/list.do?menuNo=200202&bbsId=&cl1Cd=&cl2Cd=&cl3Cd=&pageIndex=1&paramDeptname=&viewType=&selectDeptname=&searchCnd=22&searchWrd=,35
소비자보호실태평가는 어떤 제도인가요?,"금융감독원은 금융회사의 민원예방 노력 유도 등을 위해 2002년부터 「민원발생평가제도」를 운영
*
해왔습니다.
* 금감원이 처리한 민원건수를 기초로 금융회사를 1∼5등급으로 평가하고 대외에 공표(’14년은 81개사 평가)
그러나 민원건수 위주의 평가만으로는 금융회사의 소비자보호 수준을 평가하고, 금융회사의 자율적 개선노력을 유도하는데 한계가 있어 제도 개선의 필요성이 지속적으로 제기되어 왔습니다.
이에 따라 기존 민원발생평가제도를 대신하여 금융회사의 다양한 소비자보호 활동을 종합적으로 평가할 수 있는 「금융소비자보호 실태평가제도」를 도입·시행
('16.4월 시행)
하게 되었습니다.
소비자보호실태평가제도는
금융소비자에게는 거래 금융회사 선택에 필요한 유용한 정보를 제공하는 한편, 금융회사에게는 소비자보호 중심의 경영문화 확산을 유도하는데 중점을 두고 있습니다.",https://www.fss.or.kr/fss/bbs/B0000172/view.do?nttId=49734&menuNo=200202&viewType=&searchCnd=22&searchWrd=&pageIndex=1,https://www.fss.or.kr/fss/bbs/B0000172/list.do?menuNo=200202&bbsId=&cl1Cd=&cl2Cd=&cl3Cd=&pageIndex=1&paramDeptname=&viewType=&selectDeptname=&searchCnd=22&searchWrd=,35
금융감독원의 민원대상 금융회사가 궁금합니다.,"금융감독원은 은행, 금융투자업자, 보험회사, 여신전문금융회사, 상호저축은행 등 금융기관에 대한 민원을 처리하고 있습니다.
금융감독원의 민원대상 금융기관 조회방법은 다음과 같습니다.
1. 금융감독원 홈페이지 → e-금융민원센터 → 민원안내 → 금융민원신청 안내 → 유의사항
2.
http://www.fcsc.kr/D/fu_d_01_02.jsp
→  유의사항
참고로, 금융감독원의 민원대상 금융기관이 아닌 경우 타 부처 등으로 민원이 이송될 수 있음을 알려드립니다.",https://www.fss.or.kr/fss/bbs/B0000172/view.do?nttId=49733&menuNo=200202&viewType=&searchCnd=22&searchWrd=&pageIndex=1,https://www.fss.or.kr/fss/bbs/B0000172/list.do?menuNo=200202&bbsId=&cl1Cd=&cl2Cd=&cl3Cd=&pageIndex=1&paramDeptname=&viewType=&selectDeptname=&searchCnd=22&searchWrd=,35
내 금융계좌를 한번에 조회할 수 있는 사이트는 없나요?,"‘내 계좌 한눈에’ 서비스를 통하여 본인의 주요 금융계좌 정보를 한번에 조회할 수 있습니다!
금융소비자정보포털 ‘파인’(fine.fss.or.kr) 또는 ’내 계좌 한눈에‘ 홈페이지 (
www.accountinfo.or.kr)
를
통해 9시부터 22시까지 이용가능하며(연중무휴), 은행·상호금융
계좌, 보험 계약, 대부업체를 제외한 제도권 금융회사의 대출정보를 일괄조회 할 수 있습니다.",https://www.fss.or.kr/fss/bbs/B0000172/view.do?nttId=49732&menuNo=200202&viewType=&searchCnd=22&searchWrd=&pageIndex=1,https://www.fss.or.kr/fss/bbs/B0000172/list.do?menuNo=200202&bbsId=&cl1Cd=&cl2Cd=&cl3Cd=&pageIndex=1&paramDeptname=&viewType=&selectDeptname=&searchCnd=22&searchWrd=,35
어려운 금융용어 등을 쉽게 찾아볼 수 있는 사이트는 없나요?,"금융감독원은 금융소비자의 전문적인 금융용어에 대한 이해도를 제고하기 위해 관련 제도의 배경, 이슈 등을 종합적으로 반영해 작성한 ‘
금융용어사전
’을 오픈하였습니다.
‘금융용어사전’에는 핀테크 발달을 반영한 인터넷 전문은행, P2P(Peer to Peer) 대출, 로보어드바이저, 크라우드펀딩 등 전문 용어를 비롯한 533개 용어를 상세히 설명하고 있습니다.
금융감독원 홈페이지 및 ‘파인(FINE:fine.fss.or.kr)'의 금융용어사전’ 코너에서 찾아보실 수
있으며, 알고 싶은 용어명을 정확히 입력하지 않더라고 일부 단어만으로도 검색이 가능합니다.",https://www.fss.or.kr/fss/bbs/B0000172/view.do?nttId=49731&menuNo=200202&viewType=&searchCnd=22&searchWrd=&pageIndex=1,https://www.fss.or.kr/fss/bbs/B0000172/list.do?menuNo=200202&bbsId=&cl1Cd=&cl2Cd=&cl3Cd=&pageIndex=1&paramDeptname=&viewType=&selectDeptname=&searchCnd=22&searchWrd=,35
정기예금 및 적금 금리를 한눈에 비교해 볼 수 있는 곳은 없나요?,"금융감독원은 소비자의 금융상품 선택에 실질적인 도움이 될 수 있도록,
금융상품 통합 비교공시시스템 ‘금융상품한눈에’
를 오픈하였습니다.
예·적금, 대출 등 금융상품을 통합 비교공시하고 있으며,
실손보험, 자동차보험 등은 협회사이트(보험다모아)를 연결하여 제공하고 있습니다.
(다만 본 사이트의 금융상품 정보는 매월 20일 정기적으로 공시하고 있으며, 최신정보 제공을 위해 노력하고 있으나 금융상품의 금리 등 거래조건이 수시로 변경될 수 있으므로 거래전 반드시 해당 금융회사에 문의 후 구입을 결정하시기 바랍니다.)
* 홈페이지 주소 :
http://finlife.fss.or.kr",https://www.fss.or.kr/fss/bbs/B0000172/view.do?nttId=49730&menuNo=200202&viewType=&searchCnd=22&searchWrd=&pageIndex=1,https://www.fss.or.kr/fss/bbs/B0000172/list.do?menuNo=200202&bbsId=&cl1Cd=&cl2Cd=&cl3Cd=&pageIndex=1&paramDeptname=&viewType=&selectDeptname=&searchCnd=22&searchWrd=,35
「보이는 ARS」는 어떻게 이용할 수 있나요?,"금융감독원은
금감원 콜센터(☎1332)의 음성
ARS
안내
내용
을
스
마트폰
화면
을
통해
한 번에 확
인
할
수 있는
｢
보이는 1332｣ 서
비스
를
시
행중에 있습니다. 동 서비스 이용방법은 첨부파일을 참고하여 주시기 바랍니다.",https://www.fss.or.kr/fss/bbs/B0000172/view.do?nttId=49729&menuNo=200202&viewType=&searchCnd=22&searchWrd=&pageIndex=1,https://www.fss.or.kr/fss/bbs/B0000172/list.do?menuNo=200202&bbsId=&cl1Cd=&cl2Cd=&cl3Cd=&pageIndex=1&paramDeptname=&viewType=&selectDeptname=&searchCnd=22&searchWrd=,35
대차료 지급기준 참고(예시),"자동차보험 대차료 지급기준 개선
*
내용을 반영한 FAQ를 게시하오니 참고하시기 바랍니다.
* '22.9.29. 금융감독원 보도자료 ""현행 내연기관 중심의 자동차보험 대차료 지급기준을 친환경차 보급 확대 등 환경변화에 맞게 개선합니다
(
'22.10.11.부터 시행예정
)
""
참조",https://www.fss.or.kr/fss/bbs/B0000172/view.do?nttId=49737&menuNo=200202&viewType=&searchCnd=22&searchWrd=&pageIndex=1,https://www.fss.or.kr/fss/bbs/B0000172/list.do?menuNo=200202&bbsId=&cl1Cd=&cl2Cd=&cl3Cd=&pageIndex=1&paramDeptname=&viewType=&selectDeptname=&searchCnd=22&searchWrd=,36
소비자보호실태평가 결과는 어디서 확인할 수 있나요?,"소비자보호실태평가 결과는 금융감독원 홈페이지
(www.fss.or.kr
)
또는 개별 금융기관 및 협회 홈페이지
*
등을 통해 확인하실 수 있습니다.
※ 금융 권역별 협회 홈페이지 목록
은      행 : 전국은행연합회(www.kfb.or.kr)
생명보험 : 생명보험협회(www.klia.or.kr)
손해보험 : 손해보험협회(www.knia.or.kr)
카      드 : 여신금융협회(www.crefia.or.kr)
저축은행 : 저축은행중앙회(www.fsb.or.kr)
금융투자 : 금융투자협회(www.kofia.or.kr)",https://www.fss.or.kr/fss/bbs/B0000172/view.do?nttId=49736&menuNo=200202&viewType=&searchCnd=22&searchWrd=&pageIndex=1,https://www.fss.or.kr/fss/bbs/B0000172/list.do?menuNo=200202&bbsId=&cl1Cd=&cl2Cd=&cl3Cd=&pageIndex=1&paramDeptname=&viewType=&selectDeptname=&searchCnd=22&searchWrd=,36
소비자보호실태평가의 평가방법이 궁금합니다.,"「금융소비자보호 모범규준」에 명기된 소비자보호 사항의 이행여부 점검을 위해 계량 5개, 비계량 5개 등 총 10개 부문으로 구성하여 각 부문별로 평가하고 있습니다.
자세한 내용은 첨부파일을 참고해주시길 바랍니다.",https://www.fss.or.kr/fss/bbs/B0000172/view.do?nttId=49735&menuNo=200202&viewType=&searchCnd=22&searchWrd=&pageIndex=1,https://www.fss.or.kr/fss/bbs/B0000172/list.do?menuNo=200202&bbsId=&cl1Cd=&cl2Cd=&cl3Cd=&pageIndex=1&paramDeptname=&viewType=&selectDeptname=&searchCnd=22&searchWrd=,36
소비자보호실태평가는 어떤 제도인가요?,"금융감독원은 금융회사의 민원예방 노력 유도 등을 위해 2002년부터 「민원발생평가제도」를 운영
*
해왔습니다.
* 금감원이 처리한 민원건수를 기초로 금융회사를 1∼5등급으로 평가하고 대외에 공표(’14년은 81개사 평가)
그러나 민원건수 위주의 평가만으로는 금융회사의 소비자보호 수준을 평가하고, 금융회사의 자율적 개선노력을 유도하는데 한계가 있어 제도 개선의 필요성이 지속적으로 제기되어 왔습니다.
이에 따라 기존 민원발생평가제도를 대신하여 금융회사의 다양한 소비자보호 활동을 종합적으로 평가할 수 있는 「금융소비자보호 실태평가제도」를 도입·시행
('16.4월 시행)
하게 되었습니다.
소비자보호실태평가제도는
금융소비자에게는 거래 금융회사 선택에 필요한 유용한 정보를 제공하는 한편, 금융회사에게는 소비자보호 중심의 경영문화 확산을 유도하는데 중점을 두고 있습니다.",https://www.fss.or.kr/fss/bbs/B0000172/view.do?nttId=49734&menuNo=200202&viewType=&searchCnd=22&searchWrd=&pageIndex=1,https://www.fss.or.kr/fss/bbs/B0000172/list.do?menuNo=200202&bbsId=&cl1Cd=&cl2Cd=&cl3Cd=&pageIndex=1&paramDeptname=&viewType=&selectDeptname=&searchCnd=22&searchWrd=,36
금융감독원의 민원대상 금융회사가 궁금합니다.,"금융감독원은 은행, 금융투자업자, 보험회사, 여신전문금융회사, 상호저축은행 등 금융기관에 대한 민원을 처리하고 있습니다.
금융감독원의 민원대상 금융기관 조회방법은 다음과 같습니다.
1. 금융감독원 홈페이지 → e-금융민원센터 → 민원안내 → 금융민원신청 안내 → 유의사항
2.
http://www.fcsc.kr/D/fu_d_01_02.jsp
→  유의사항
참고로, 금융감독원의 민원대상 금융기관이 아닌 경우 타 부처 등으로 민원이 이송될 수 있음을 알려드립니다.",https://www.fss.or.kr/fss/bbs/B0000172/view.do?nttId=49733&menuNo=200202&viewType=&searchCnd=22&searchWrd=&pageIndex=1,https://www.fss.or.kr/fss/bbs/B0000172/list.do?menuNo=200202&bbsId=&cl1Cd=&cl2Cd=&cl3Cd=&pageIndex=1&paramDeptname=&viewType=&selectDeptname=&searchCnd=22&searchWrd=,36
내 금융계좌를 한번에 조회할 수 있는 사이트는 없나요?,"‘내 계좌 한눈에’ 서비스를 통하여 본인의 주요 금융계좌 정보를 한번에 조회할 수 있습니다!
금융소비자정보포털 ‘파인’(fine.fss.or.kr) 또는 ’내 계좌 한눈에‘ 홈페이지 (
www.accountinfo.or.kr)
를
통해 9시부터 22시까지 이용가능하며(연중무휴), 은행·상호금융
계좌, 보험 계약, 대부업체를 제외한 제도권 금융회사의 대출정보를 일괄조회 할 수 있습니다.",https://www.fss.or.kr/fss/bbs/B0000172/view.do?nttId=49732&menuNo=200202&viewType=&searchCnd=22&searchWrd=&pageIndex=1,https://www.fss.or.kr/fss/bbs/B0000172/list.do?menuNo=200202&bbsId=&cl1Cd=&cl2Cd=&cl3Cd=&pageIndex=1&paramDeptname=&viewType=&selectDeptname=&searchCnd=22&searchWrd=,36
어려운 금융용어 등을 쉽게 찾아볼 수 있는 사이트는 없나요?,"금융감독원은 금융소비자의 전문적인 금융용어에 대한 이해도를 제고하기 위해 관련 제도의 배경, 이슈 등을 종합적으로 반영해 작성한 ‘
금융용어사전
’을 오픈하였습니다.
‘금융용어사전’에는 핀테크 발달을 반영한 인터넷 전문은행, P2P(Peer to Peer) 대출, 로보어드바이저, 크라우드펀딩 등 전문 용어를 비롯한 533개 용어를 상세히 설명하고 있습니다.
금융감독원 홈페이지 및 ‘파인(FINE:fine.fss.or.kr)'의 금융용어사전’ 코너에서 찾아보실 수
있으며, 알고 싶은 용어명을 정확히 입력하지 않더라고 일부 단어만으로도 검색이 가능합니다.",https://www.fss.or.kr/fss/bbs/B0000172/view.do?nttId=49731&menuNo=200202&viewType=&searchCnd=22&searchWrd=&pageIndex=1,https://www.fss.or.kr/fss/bbs/B0000172/list.do?menuNo=200202&bbsId=&cl1Cd=&cl2Cd=&cl3Cd=&pageIndex=1&paramDeptname=&viewType=&selectDeptname=&searchCnd=22&searchWrd=,36
정기예금 및 적금 금리를 한눈에 비교해 볼 수 있는 곳은 없나요?,"금융감독원은 소비자의 금융상품 선택에 실질적인 도움이 될 수 있도록,
금융상품 통합 비교공시시스템 ‘금융상품한눈에’
를 오픈하였습니다.
예·적금, 대출 등 금융상품을 통합 비교공시하고 있으며,
실손보험, 자동차보험 등은 협회사이트(보험다모아)를 연결하여 제공하고 있습니다.
(다만 본 사이트의 금융상품 정보는 매월 20일 정기적으로 공시하고 있으며, 최신정보 제공을 위해 노력하고 있으나 금융상품의 금리 등 거래조건이 수시로 변경될 수 있으므로 거래전 반드시 해당 금융회사에 문의 후 구입을 결정하시기 바랍니다.)
* 홈페이지 주소 :
http://finlife.fss.or.kr",https://www.fss.or.kr/fss/bbs/B0000172/view.do?nttId=49730&menuNo=200202&viewType=&searchCnd=22&searchWrd=&pageIndex=1,https://www.fss.or.kr/fss/bbs/B0000172/list.do?menuNo=200202&bbsId=&cl1Cd=&cl2Cd=&cl3Cd=&pageIndex=1&paramDeptname=&viewType=&selectDeptname=&searchCnd=22&searchWrd=,36
「보이는 ARS」는 어떻게 이용할 수 있나요?,"금융감독원은
금감원 콜센터(☎1332)의 음성
ARS
안내
내용
을
스
마트폰
화면
을
통해
한 번에 확
인
할
수 있는
｢
보이는 1332｣ 서
비스
를
시
행중에 있습니다. 동 서비스 이용방법은 첨부파일을 참고하여 주시기 바랍니다.",https://www.fss.or.kr/fss/bbs/B0000172/view.do?nttId=49729&menuNo=200202&viewType=&searchCnd=22&searchWrd=&pageIndex=1,https://www.fss.or.kr/fss/bbs/B0000172/list.do?menuNo=200202&bbsId=&cl1Cd=&cl2Cd=&cl3Cd=&pageIndex=1&paramDeptname=&viewType=&selectDeptname=&searchCnd=22&searchWrd=,36
대차료 지급기준 참고(예시),"자동차보험 대차료 지급기준 개선
*
내용을 반영한 FAQ를 게시하오니 참고하시기 바랍니다.
* '22.9.29. 금융감독원 보도자료 ""현행 내연기관 중심의 자동차보험 대차료 지급기준을 친환경차 보급 확대 등 환경변화에 맞게 개선합니다
(
'22.10.11.부터 시행예정
)
""
참조",https://www.fss.or.kr/fss/bbs/B0000172/view.do?nttId=49737&menuNo=200202&viewType=&searchCnd=22&searchWrd=&pageIndex=1,https://www.fss.or.kr/fss/bbs/B0000172/list.do?menuNo=200202&bbsId=&cl1Cd=&cl2Cd=&cl3Cd=&pageIndex=1&paramDeptname=&viewType=&selectDeptname=&searchCnd=22&searchWrd=,37
소비자보호실태평가 결과는 어디서 확인할 수 있나요?,"소비자보호실태평가 결과는 금융감독원 홈페이지
(www.fss.or.kr
)
또는 개별 금융기관 및 협회 홈페이지
*
등을 통해 확인하실 수 있습니다.
※ 금융 권역별 협회 홈페이지 목록
은      행 : 전국은행연합회(www.kfb.or.kr)
생명보험 : 생명보험협회(www.klia.or.kr)
손해보험 : 손해보험협회(www.knia.or.kr)
카      드 : 여신금융협회(www.crefia.or.kr)
저축은행 : 저축은행중앙회(www.fsb.or.kr)
금융투자 : 금융투자협회(www.kofia.or.kr)",https://www.fss.or.kr/fss/bbs/B0000172/view.do?nttId=49736&menuNo=200202&viewType=&searchCnd=22&searchWrd=&pageIndex=1,https://www.fss.or.kr/fss/bbs/B0000172/list.do?menuNo=200202&bbsId=&cl1Cd=&cl2Cd=&cl3Cd=&pageIndex=1&paramDeptname=&viewType=&selectDeptname=&searchCnd=22&searchWrd=,37
소비자보호실태평가의 평가방법이 궁금합니다.,"「금융소비자보호 모범규준」에 명기된 소비자보호 사항의 이행여부 점검을 위해 계량 5개, 비계량 5개 등 총 10개 부문으로 구성하여 각 부문별로 평가하고 있습니다.
자세한 내용은 첨부파일을 참고해주시길 바랍니다.",https://www.fss.or.kr/fss/bbs/B0000172/view.do?nttId=49735&menuNo=200202&viewType=&searchCnd=22&searchWrd=&pageIndex=1,https://www.fss.or.kr/fss/bbs/B0000172/list.do?menuNo=200202&bbsId=&cl1Cd=&cl2Cd=&cl3Cd=&pageIndex=1&paramDeptname=&viewType=&selectDeptname=&searchCnd=22&searchWrd=,37
소비자보호실태평가는 어떤 제도인가요?,"금융감독원은 금융회사의 민원예방 노력 유도 등을 위해 2002년부터 「민원발생평가제도」를 운영
*
해왔습니다.
* 금감원이 처리한 민원건수를 기초로 금융회사를 1∼5등급으로 평가하고 대외에 공표(’14년은 81개사 평가)
그러나 민원건수 위주의 평가만으로는 금융회사의 소비자보호 수준을 평가하고, 금융회사의 자율적 개선노력을 유도하는데 한계가 있어 제도 개선의 필요성이 지속적으로 제기되어 왔습니다.
이에 따라 기존 민원발생평가제도를 대신하여 금융회사의 다양한 소비자보호 활동을 종합적으로 평가할 수 있는 「금융소비자보호 실태평가제도」를 도입·시행
('16.4월 시행)
하게 되었습니다.
소비자보호실태평가제도는
금융소비자에게는 거래 금융회사 선택에 필요한 유용한 정보를 제공하는 한편, 금융회사에게는 소비자보호 중심의 경영문화 확산을 유도하는데 중점을 두고 있습니다.",https://www.fss.or.kr/fss/bbs/B0000172/view.do?nttId=49734&menuNo=200202&viewType=&searchCnd=22&searchWrd=&pageIndex=1,https://www.fss.or.kr/fss/bbs/B0000172/list.do?menuNo=200202&bbsId=&cl1Cd=&cl2Cd=&cl3Cd=&pageIndex=1&paramDeptname=&viewType=&selectDeptname=&searchCnd=22&searchWrd=,37
금융감독원의 민원대상 금융회사가 궁금합니다.,"금융감독원은 은행, 금융투자업자, 보험회사, 여신전문금융회사, 상호저축은행 등 금융기관에 대한 민원을 처리하고 있습니다.
금융감독원의 민원대상 금융기관 조회방법은 다음과 같습니다.
1. 금융감독원 홈페이지 → e-금융민원센터 → 민원안내 → 금융민원신청 안내 → 유의사항
2.
http://www.fcsc.kr/D/fu_d_01_02.jsp
→  유의사항
참고로, 금융감독원의 민원대상 금융기관이 아닌 경우 타 부처 등으로 민원이 이송될 수 있음을 알려드립니다.",https://www.fss.or.kr/fss/bbs/B0000172/view.do?nttId=49733&menuNo=200202&viewType=&searchCnd=22&searchWrd=&pageIndex=1,https://www.fss.or.kr/fss/bbs/B0000172/list.do?menuNo=200202&bbsId=&cl1Cd=&cl2Cd=&cl3Cd=&pageIndex=1&paramDeptname=&viewType=&selectDeptname=&searchCnd=22&searchWrd=,37
내 금융계좌를 한번에 조회할 수 있는 사이트는 없나요?,"‘내 계좌 한눈에’ 서비스를 통하여 본인의 주요 금융계좌 정보를 한번에 조회할 수 있습니다!
금융소비자정보포털 ‘파인’(fine.fss.or.kr) 또는 ’내 계좌 한눈에‘ 홈페이지 (
www.accountinfo.or.kr)
를
통해 9시부터 22시까지 이용가능하며(연중무휴), 은행·상호금융
계좌, 보험 계약, 대부업체를 제외한 제도권 금융회사의 대출정보를 일괄조회 할 수 있습니다.",https://www.fss.or.kr/fss/bbs/B0000172/view.do?nttId=49732&menuNo=200202&viewType=&searchCnd=22&searchWrd=&pageIndex=1,https://www.fss.or.kr/fss/bbs/B0000172/list.do?menuNo=200202&bbsId=&cl1Cd=&cl2Cd=&cl3Cd=&pageIndex=1&paramDeptname=&viewType=&selectDeptname=&searchCnd=22&searchWrd=,37
어려운 금융용어 등을 쉽게 찾아볼 수 있는 사이트는 없나요?,"금융감독원은 금융소비자의 전문적인 금융용어에 대한 이해도를 제고하기 위해 관련 제도의 배경, 이슈 등을 종합적으로 반영해 작성한 ‘
금융용어사전
’을 오픈하였습니다.
‘금융용어사전’에는 핀테크 발달을 반영한 인터넷 전문은행, P2P(Peer to Peer) 대출, 로보어드바이저, 크라우드펀딩 등 전문 용어를 비롯한 533개 용어를 상세히 설명하고 있습니다.
금융감독원 홈페이지 및 ‘파인(FINE:fine.fss.or.kr)'의 금융용어사전’ 코너에서 찾아보실 수
있으며, 알고 싶은 용어명을 정확히 입력하지 않더라고 일부 단어만으로도 검색이 가능합니다.",https://www.fss.or.kr/fss/bbs/B0000172/view.do?nttId=49731&menuNo=200202&viewType=&searchCnd=22&searchWrd=&pageIndex=1,https://www.fss.or.kr/fss/bbs/B0000172/list.do?menuNo=200202&bbsId=&cl1Cd=&cl2Cd=&cl3Cd=&pageIndex=1&paramDeptname=&viewType=&selectDeptname=&searchCnd=22&searchWrd=,37
정기예금 및 적금 금리를 한눈에 비교해 볼 수 있는 곳은 없나요?,"금융감독원은 소비자의 금융상품 선택에 실질적인 도움이 될 수 있도록,
금융상품 통합 비교공시시스템 ‘금융상품한눈에’
를 오픈하였습니다.
예·적금, 대출 등 금융상품을 통합 비교공시하고 있으며,
실손보험, 자동차보험 등은 협회사이트(보험다모아)를 연결하여 제공하고 있습니다.
(다만 본 사이트의 금융상품 정보는 매월 20일 정기적으로 공시하고 있으며, 최신정보 제공을 위해 노력하고 있으나 금융상품의 금리 등 거래조건이 수시로 변경될 수 있으므로 거래전 반드시 해당 금융회사에 문의 후 구입을 결정하시기 바랍니다.)
* 홈페이지 주소 :
http://finlife.fss.or.kr",https://www.fss.or.kr/fss/bbs/B0000172/view.do?nttId=49730&menuNo=200202&viewType=&searchCnd=22&searchWrd=&pageIndex=1,https://www.fss.or.kr/fss/bbs/B0000172/list.do?menuNo=200202&bbsId=&cl1Cd=&cl2Cd=&cl3Cd=&pageIndex=1&paramDeptname=&viewType=&selectDeptname=&searchCnd=22&searchWrd=,37
「보이는 ARS」는 어떻게 이용할 수 있나요?,"금융감독원은
금감원 콜센터(☎1332)의 음성
ARS
안내
내용
을
스
마트폰
화면
을
통해
한 번에 확
인
할
수 있는
｢
보이는 1332｣ 서
비스
를
시
행중에 있습니다. 동 서비스 이용방법은 첨부파일을 참고하여 주시기 바랍니다.",https://www.fss.or.kr/fss/bbs/B0000172/view.do?nttId=49729&menuNo=200202&viewType=&searchCnd=22&searchWrd=&pageIndex=1,https://www.fss.or.kr/fss/bbs/B0000172/list.do?menuNo=200202&bbsId=&cl1Cd=&cl2Cd=&cl3Cd=&pageIndex=1&paramDeptname=&viewType=&selectDeptname=&searchCnd=22&searchWrd=,37
대차료 지급기준 참고(예시),"자동차보험 대차료 지급기준 개선
*
내용을 반영한 FAQ를 게시하오니 참고하시기 바랍니다.
* '22.9.29. 금융감독원 보도자료 ""현행 내연기관 중심의 자동차보험 대차료 지급기준을 친환경차 보급 확대 등 환경변화에 맞게 개선합니다
(
'22.10.11.부터 시행예정
)
""
참조",https://www.fss.or.kr/fss/bbs/B0000172/view.do?nttId=49737&menuNo=200202&viewType=&searchCnd=22&searchWrd=&pageIndex=1,https://www.fss.or.kr/fss/bbs/B0000172/list.do?menuNo=200202&bbsId=&cl1Cd=&cl2Cd=&cl3Cd=&pageIndex=1&paramDeptname=&viewType=&selectDeptname=&searchCnd=22&searchWrd=,38
소비자보호실태평가 결과는 어디서 확인할 수 있나요?,"소비자보호실태평가 결과는 금융감독원 홈페이지
(www.fss.or.kr
)
또는 개별 금융기관 및 협회 홈페이지
*
등을 통해 확인하실 수 있습니다.
※ 금융 권역별 협회 홈페이지 목록
은      행 : 전국은행연합회(www.kfb.or.kr)
생명보험 : 생명보험협회(www.klia.or.kr)
손해보험 : 손해보험협회(www.knia.or.kr)
카      드 : 여신금융협회(www.crefia.or.kr)
저축은행 : 저축은행중앙회(www.fsb.or.kr)
금융투자 : 금융투자협회(www.kofia.or.kr)",https://www.fss.or.kr/fss/bbs/B0000172/view.do?nttId=49736&menuNo=200202&viewType=&searchCnd=22&searchWrd=&pageIndex=1,https://www.fss.or.kr/fss/bbs/B0000172/list.do?menuNo=200202&bbsId=&cl1Cd=&cl2Cd=&cl3Cd=&pageIndex=1&paramDeptname=&viewType=&selectDeptname=&searchCnd=22&searchWrd=,38
소비자보호실태평가의 평가방법이 궁금합니다.,"「금융소비자보호 모범규준」에 명기된 소비자보호 사항의 이행여부 점검을 위해 계량 5개, 비계량 5개 등 총 10개 부문으로 구성하여 각 부문별로 평가하고 있습니다.
자세한 내용은 첨부파일을 참고해주시길 바랍니다.",https://www.fss.or.kr/fss/bbs/B0000172/view.do?nttId=49735&menuNo=200202&viewType=&searchCnd=22&searchWrd=&pageIndex=1,https://www.fss.or.kr/fss/bbs/B0000172/list.do?menuNo=200202&bbsId=&cl1Cd=&cl2Cd=&cl3Cd=&pageIndex=1&paramDeptname=&viewType=&selectDeptname=&searchCnd=22&searchWrd=,38
소비자보호실태평가는 어떤 제도인가요?,"금융감독원은 금융회사의 민원예방 노력 유도 등을 위해 2002년부터 「민원발생평가제도」를 운영
*
해왔습니다.
* 금감원이 처리한 민원건수를 기초로 금융회사를 1∼5등급으로 평가하고 대외에 공표(’14년은 81개사 평가)
그러나 민원건수 위주의 평가만으로는 금융회사의 소비자보호 수준을 평가하고, 금융회사의 자율적 개선노력을 유도하는데 한계가 있어 제도 개선의 필요성이 지속적으로 제기되어 왔습니다.
이에 따라 기존 민원발생평가제도를 대신하여 금융회사의 다양한 소비자보호 활동을 종합적으로 평가할 수 있는 「금융소비자보호 실태평가제도」를 도입·시행
('16.4월 시행)
하게 되었습니다.
소비자보호실태평가제도는
금융소비자에게는 거래 금융회사 선택에 필요한 유용한 정보를 제공하는 한편, 금융회사에게는 소비자보호 중심의 경영문화 확산을 유도하는데 중점을 두고 있습니다.",https://www.fss.or.kr/fss/bbs/B0000172/view.do?nttId=49734&menuNo=200202&viewType=&searchCnd=22&searchWrd=&pageIndex=1,https://www.fss.or.kr/fss/bbs/B0000172/list.do?menuNo=200202&bbsId=&cl1Cd=&cl2Cd=&cl3Cd=&pageIndex=1&paramDeptname=&viewType=&selectDeptname=&searchCnd=22&searchWrd=,38
금융감독원의 민원대상 금융회사가 궁금합니다.,"금융감독원은 은행, 금융투자업자, 보험회사, 여신전문금융회사, 상호저축은행 등 금융기관에 대한 민원을 처리하고 있습니다.
금융감독원의 민원대상 금융기관 조회방법은 다음과 같습니다.
1. 금융감독원 홈페이지 → e-금융민원센터 → 민원안내 → 금융민원신청 안내 → 유의사항
2.
http://www.fcsc.kr/D/fu_d_01_02.jsp
→  유의사항
참고로, 금융감독원의 민원대상 금융기관이 아닌 경우 타 부처 등으로 민원이 이송될 수 있음을 알려드립니다.",https://www.fss.or.kr/fss/bbs/B0000172/view.do?nttId=49733&menuNo=200202&viewType=&searchCnd=22&searchWrd=&pageIndex=1,https://www.fss.or.kr/fss/bbs/B0000172/list.do?menuNo=200202&bbsId=&cl1Cd=&cl2Cd=&cl3Cd=&pageIndex=1&paramDeptname=&viewType=&selectDeptname=&searchCnd=22&searchWrd=,38
내 금융계좌를 한번에 조회할 수 있는 사이트는 없나요?,"‘내 계좌 한눈에’ 서비스를 통하여 본인의 주요 금융계좌 정보를 한번에 조회할 수 있습니다!
금융소비자정보포털 ‘파인’(fine.fss.or.kr) 또는 ’내 계좌 한눈에‘ 홈페이지 (
www.accountinfo.or.kr)
를
통해 9시부터 22시까지 이용가능하며(연중무휴), 은행·상호금융
계좌, 보험 계약, 대부업체를 제외한 제도권 금융회사의 대출정보를 일괄조회 할 수 있습니다.",https://www.fss.or.kr/fss/bbs/B0000172/view.do?nttId=49732&menuNo=200202&viewType=&searchCnd=22&searchWrd=&pageIndex=1,https://www.fss.or.kr/fss/bbs/B0000172/list.do?menuNo=200202&bbsId=&cl1Cd=&cl2Cd=&cl3Cd=&pageIndex=1&paramDeptname=&viewType=&selectDeptname=&searchCnd=22&searchWrd=,38
어려운 금융용어 등을 쉽게 찾아볼 수 있는 사이트는 없나요?,"금융감독원은 금융소비자의 전문적인 금융용어에 대한 이해도를 제고하기 위해 관련 제도의 배경, 이슈 등을 종합적으로 반영해 작성한 ‘
금융용어사전
’을 오픈하였습니다.
‘금융용어사전’에는 핀테크 발달을 반영한 인터넷 전문은행, P2P(Peer to Peer) 대출, 로보어드바이저, 크라우드펀딩 등 전문 용어를 비롯한 533개 용어를 상세히 설명하고 있습니다.
금융감독원 홈페이지 및 ‘파인(FINE:fine.fss.or.kr)'의 금융용어사전’ 코너에서 찾아보실 수
있으며, 알고 싶은 용어명을 정확히 입력하지 않더라고 일부 단어만으로도 검색이 가능합니다.",https://www.fss.or.kr/fss/bbs/B0000172/view.do?nttId=49731&menuNo=200202&viewType=&searchCnd=22&searchWrd=&pageIndex=1,https://www.fss.or.kr/fss/bbs/B0000172/list.do?menuNo=200202&bbsId=&cl1Cd=&cl2Cd=&cl3Cd=&pageIndex=1&paramDeptname=&viewType=&selectDeptname=&searchCnd=22&searchWrd=,38
정기예금 및 적금 금리를 한눈에 비교해 볼 수 있는 곳은 없나요?,"금융감독원은 소비자의 금융상품 선택에 실질적인 도움이 될 수 있도록,
금융상품 통합 비교공시시스템 ‘금융상품한눈에’
를 오픈하였습니다.
예·적금, 대출 등 금융상품을 통합 비교공시하고 있으며,
실손보험, 자동차보험 등은 협회사이트(보험다모아)를 연결하여 제공하고 있습니다.
(다만 본 사이트의 금융상품 정보는 매월 20일 정기적으로 공시하고 있으며, 최신정보 제공을 위해 노력하고 있으나 금융상품의 금리 등 거래조건이 수시로 변경될 수 있으므로 거래전 반드시 해당 금융회사에 문의 후 구입을 결정하시기 바랍니다.)
* 홈페이지 주소 :
http://finlife.fss.or.kr",https://www.fss.or.kr/fss/bbs/B0000172/view.do?nttId=49730&menuNo=200202&viewType=&searchCnd=22&searchWrd=&pageIndex=1,https://www.fss.or.kr/fss/bbs/B0000172/list.do?menuNo=200202&bbsId=&cl1Cd=&cl2Cd=&cl3Cd=&pageIndex=1&paramDeptname=&viewType=&selectDeptname=&searchCnd=22&searchWrd=,38
「보이는 ARS」는 어떻게 이용할 수 있나요?,"금융감독원은
금감원 콜센터(☎1332)의 음성
ARS
안내
내용
을
스
마트폰
화면
을
통해
한 번에 확
인
할
수 있는
｢
보이는 1332｣ 서
비스
를
시
행중에 있습니다. 동 서비스 이용방법은 첨부파일을 참고하여 주시기 바랍니다.",https://www.fss.or.kr/fss/bbs/B0000172/view.do?nttId=49729&menuNo=200202&viewType=&searchCnd=22&searchWrd=&pageIndex=1,https://www.fss.or.kr/fss/bbs/B0000172/list.do?menuNo=200202&bbsId=&cl1Cd=&cl2Cd=&cl3Cd=&pageIndex=1&paramDeptname=&viewType=&selectDeptname=&searchCnd=22&searchWrd=,38
대차료 지급기준 참고(예시),"자동차보험 대차료 지급기준 개선
*
내용을 반영한 FAQ를 게시하오니 참고하시기 바랍니다.
* '22.9.29. 금융감독원 보도자료 ""현행 내연기관 중심의 자동차보험 대차료 지급기준을 친환경차 보급 확대 등 환경변화에 맞게 개선합니다
(
'22.10.11.부터 시행예정
)
""
참조",https://www.fss.or.kr/fss/bbs/B0000172/view.do?nttId=49737&menuNo=200202&viewType=&searchCnd=22&searchWrd=&pageIndex=1,https://www.fss.or.kr/fss/bbs/B0000172/list.do?menuNo=200202&bbsId=&cl1Cd=&cl2Cd=&cl3Cd=&pageIndex=1&paramDeptname=&viewType=&selectDeptname=&searchCnd=22&searchWrd=,39
소비자보호실태평가 결과는 어디서 확인할 수 있나요?,"소비자보호실태평가 결과는 금융감독원 홈페이지
(www.fss.or.kr
)
또는 개별 금융기관 및 협회 홈페이지
*
등을 통해 확인하실 수 있습니다.
※ 금융 권역별 협회 홈페이지 목록
은      행 : 전국은행연합회(www.kfb.or.kr)
생명보험 : 생명보험협회(www.klia.or.kr)
손해보험 : 손해보험협회(www.knia.or.kr)
카      드 : 여신금융협회(www.crefia.or.kr)
저축은행 : 저축은행중앙회(www.fsb.or.kr)
금융투자 : 금융투자협회(www.kofia.or.kr)",https://www.fss.or.kr/fss/bbs/B0000172/view.do?nttId=49736&menuNo=200202&viewType=&searchCnd=22&searchWrd=&pageIndex=1,https://www.fss.or.kr/fss/bbs/B0000172/list.do?menuNo=200202&bbsId=&cl1Cd=&cl2Cd=&cl3Cd=&pageIndex=1&paramDeptname=&viewType=&selectDeptname=&searchCnd=22&searchWrd=,39
소비자보호실태평가의 평가방법이 궁금합니다.,"「금융소비자보호 모범규준」에 명기된 소비자보호 사항의 이행여부 점검을 위해 계량 5개, 비계량 5개 등 총 10개 부문으로 구성하여 각 부문별로 평가하고 있습니다.
자세한 내용은 첨부파일을 참고해주시길 바랍니다.",https://www.fss.or.kr/fss/bbs/B0000172/view.do?nttId=49735&menuNo=200202&viewType=&searchCnd=22&searchWrd=&pageIndex=1,https://www.fss.or.kr/fss/bbs/B0000172/list.do?menuNo=200202&bbsId=&cl1Cd=&cl2Cd=&cl3Cd=&pageIndex=1&paramDeptname=&viewType=&selectDeptname=&searchCnd=22&searchWrd=,39
소비자보호실태평가는 어떤 제도인가요?,"금융감독원은 금융회사의 민원예방 노력 유도 등을 위해 2002년부터 「민원발생평가제도」를 운영
*
해왔습니다.
* 금감원이 처리한 민원건수를 기초로 금융회사를 1∼5등급으로 평가하고 대외에 공표(’14년은 81개사 평가)
그러나 민원건수 위주의 평가만으로는 금융회사의 소비자보호 수준을 평가하고, 금융회사의 자율적 개선노력을 유도하는데 한계가 있어 제도 개선의 필요성이 지속적으로 제기되어 왔습니다.
이에 따라 기존 민원발생평가제도를 대신하여 금융회사의 다양한 소비자보호 활동을 종합적으로 평가할 수 있는 「금융소비자보호 실태평가제도」를 도입·시행
('16.4월 시행)
하게 되었습니다.
소비자보호실태평가제도는
금융소비자에게는 거래 금융회사 선택에 필요한 유용한 정보를 제공하는 한편, 금융회사에게는 소비자보호 중심의 경영문화 확산을 유도하는데 중점을 두고 있습니다.",https://www.fss.or.kr/fss/bbs/B0000172/view.do?nttId=49734&menuNo=200202&viewType=&searchCnd=22&searchWrd=&pageIndex=1,https://www.fss.or.kr/fss/bbs/B0000172/list.do?menuNo=200202&bbsId=&cl1Cd=&cl2Cd=&cl3Cd=&pageIndex=1&paramDeptname=&viewType=&selectDeptname=&searchCnd=22&searchWrd=,39
금융감독원의 민원대상 금융회사가 궁금합니다.,"금융감독원은 은행, 금융투자업자, 보험회사, 여신전문금융회사, 상호저축은행 등 금융기관에 대한 민원을 처리하고 있습니다.
금융감독원의 민원대상 금융기관 조회방법은 다음과 같습니다.
1. 금융감독원 홈페이지 → e-금융민원센터 → 민원안내 → 금융민원신청 안내 → 유의사항
2.
http://www.fcsc.kr/D/fu_d_01_02.jsp
→  유의사항
참고로, 금융감독원의 민원대상 금융기관이 아닌 경우 타 부처 등으로 민원이 이송될 수 있음을 알려드립니다.",https://www.fss.or.kr/fss/bbs/B0000172/view.do?nttId=49733&menuNo=200202&viewType=&searchCnd=22&searchWrd=&pageIndex=1,https://www.fss.or.kr/fss/bbs/B0000172/list.do?menuNo=200202&bbsId=&cl1Cd=&cl2Cd=&cl3Cd=&pageIndex=1&paramDeptname=&viewType=&selectDeptname=&searchCnd=22&searchWrd=,39
내 금융계좌를 한번에 조회할 수 있는 사이트는 없나요?,"‘내 계좌 한눈에’ 서비스를 통하여 본인의 주요 금융계좌 정보를 한번에 조회할 수 있습니다!
금융소비자정보포털 ‘파인’(fine.fss.or.kr) 또는 ’내 계좌 한눈에‘ 홈페이지 (
www.accountinfo.or.kr)
를
통해 9시부터 22시까지 이용가능하며(연중무휴), 은행·상호금융
계좌, 보험 계약, 대부업체를 제외한 제도권 금융회사의 대출정보를 일괄조회 할 수 있습니다.",https://www.fss.or.kr/fss/bbs/B0000172/view.do?nttId=49732&menuNo=200202&viewType=&searchCnd=22&searchWrd=&pageIndex=1,https://www.fss.or.kr/fss/bbs/B0000172/list.do?menuNo=200202&bbsId=&cl1Cd=&cl2Cd=&cl3Cd=&pageIndex=1&paramDeptname=&viewType=&selectDeptname=&searchCnd=22&searchWrd=,39
어려운 금융용어 등을 쉽게 찾아볼 수 있는 사이트는 없나요?,"금융감독원은 금융소비자의 전문적인 금융용어에 대한 이해도를 제고하기 위해 관련 제도의 배경, 이슈 등을 종합적으로 반영해 작성한 ‘
금융용어사전
’을 오픈하였습니다.
‘금융용어사전’에는 핀테크 발달을 반영한 인터넷 전문은행, P2P(Peer to Peer) 대출, 로보어드바이저, 크라우드펀딩 등 전문 용어를 비롯한 533개 용어를 상세히 설명하고 있습니다.
금융감독원 홈페이지 및 ‘파인(FINE:fine.fss.or.kr)'의 금융용어사전’ 코너에서 찾아보실 수
있으며, 알고 싶은 용어명을 정확히 입력하지 않더라고 일부 단어만으로도 검색이 가능합니다.",https://www.fss.or.kr/fss/bbs/B0000172/view.do?nttId=49731&menuNo=200202&viewType=&searchCnd=22&searchWrd=&pageIndex=1,https://www.fss.or.kr/fss/bbs/B0000172/list.do?menuNo=200202&bbsId=&cl1Cd=&cl2Cd=&cl3Cd=&pageIndex=1&paramDeptname=&viewType=&selectDeptname=&searchCnd=22&searchWrd=,39
정기예금 및 적금 금리를 한눈에 비교해 볼 수 있는 곳은 없나요?,"금융감독원은 소비자의 금융상품 선택에 실질적인 도움이 될 수 있도록,
금융상품 통합 비교공시시스템 ‘금융상품한눈에’
를 오픈하였습니다.
예·적금, 대출 등 금융상품을 통합 비교공시하고 있으며,
실손보험, 자동차보험 등은 협회사이트(보험다모아)를 연결하여 제공하고 있습니다.
(다만 본 사이트의 금융상품 정보는 매월 20일 정기적으로 공시하고 있으며, 최신정보 제공을 위해 노력하고 있으나 금융상품의 금리 등 거래조건이 수시로 변경될 수 있으므로 거래전 반드시 해당 금융회사에 문의 후 구입을 결정하시기 바랍니다.)
* 홈페이지 주소 :
http://finlife.fss.or.kr",https://www.fss.or.kr/fss/bbs/B0000172/view.do?nttId=49730&menuNo=200202&viewType=&searchCnd=22&searchWrd=&pageIndex=1,https://www.fss.or.kr/fss/bbs/B0000172/list.do?menuNo=200202&bbsId=&cl1Cd=&cl2Cd=&cl3Cd=&pageIndex=1&paramDeptname=&viewType=&selectDeptname=&searchCnd=22&searchWrd=,39
「보이는 ARS」는 어떻게 이용할 수 있나요?,"금융감독원은
금감원 콜센터(☎1332)의 음성
ARS
안내
내용
을
스
마트폰
화면
을
통해
한 번에 확
인
할
수 있는
｢
보이는 1332｣ 서
비스
를
시
행중에 있습니다. 동 서비스 이용방법은 첨부파일을 참고하여 주시기 바랍니다.",https://www.fss.or.kr/fss/bbs/B0000172/view.do?nttId=49729&menuNo=200202&viewType=&searchCnd=22&searchWrd=&pageIndex=1,https://www.fss.or.kr/fss/bbs/B0000172/list.do?menuNo=200202&bbsId=&cl1Cd=&cl2Cd=&cl3Cd=&pageIndex=1&paramDeptname=&viewType=&selectDeptname=&searchCnd=22&searchWrd=,39
대차료 지급기준 참고(예시),"자동차보험 대차료 지급기준 개선
*
내용을 반영한 FAQ를 게시하오니 참고하시기 바랍니다.
* '22.9.29. 금융감독원 보도자료 ""현행 내연기관 중심의 자동차보험 대차료 지급기준을 친환경차 보급 확대 등 환경변화에 맞게 개선합니다
(
'22.10.11.부터 시행예정
)
""
참조",https://www.fss.or.kr/fss/bbs/B0000172/view.do?nttId=49737&menuNo=200202&viewType=&searchCnd=22&searchWrd=&pageIndex=1,https://www.fss.or.kr/fss/bbs/B0000172/list.do?menuNo=200202&bbsId=&cl1Cd=&cl2Cd=&cl3Cd=&pageIndex=1&paramDeptname=&viewType=&selectDeptname=&searchCnd=22&searchWrd=,40
소비자보호실태평가 결과는 어디서 확인할 수 있나요?,"소비자보호실태평가 결과는 금융감독원 홈페이지
(www.fss.or.kr
)
또는 개별 금융기관 및 협회 홈페이지
*
등을 통해 확인하실 수 있습니다.
※ 금융 권역별 협회 홈페이지 목록
은      행 : 전국은행연합회(www.kfb.or.kr)
생명보험 : 생명보험협회(www.klia.or.kr)
손해보험 : 손해보험협회(www.knia.or.kr)
카      드 : 여신금융협회(www.crefia.or.kr)
저축은행 : 저축은행중앙회(www.fsb.or.kr)
금융투자 : 금융투자협회(www.kofia.or.kr)",https://www.fss.or.kr/fss/bbs/B0000172/view.do?nttId=49736&menuNo=200202&viewType=&searchCnd=22&searchWrd=&pageIndex=1,https://www.fss.or.kr/fss/bbs/B0000172/list.do?menuNo=200202&bbsId=&cl1Cd=&cl2Cd=&cl3Cd=&pageIndex=1&paramDeptname=&viewType=&selectDeptname=&searchCnd=22&searchWrd=,40
소비자보호실태평가의 평가방법이 궁금합니다.,"「금융소비자보호 모범규준」에 명기된 소비자보호 사항의 이행여부 점검을 위해 계량 5개, 비계량 5개 등 총 10개 부문으로 구성하여 각 부문별로 평가하고 있습니다.
자세한 내용은 첨부파일을 참고해주시길 바랍니다.",https://www.fss.or.kr/fss/bbs/B0000172/view.do?nttId=49735&menuNo=200202&viewType=&searchCnd=22&searchWrd=&pageIndex=1,https://www.fss.or.kr/fss/bbs/B0000172/list.do?menuNo=200202&bbsId=&cl1Cd=&cl2Cd=&cl3Cd=&pageIndex=1&paramDeptname=&viewType=&selectDeptname=&searchCnd=22&searchWrd=,40
소비자보호실태평가는 어떤 제도인가요?,"금융감독원은 금융회사의 민원예방 노력 유도 등을 위해 2002년부터 「민원발생평가제도」를 운영
*
해왔습니다.
* 금감원이 처리한 민원건수를 기초로 금융회사를 1∼5등급으로 평가하고 대외에 공표(’14년은 81개사 평가)
그러나 민원건수 위주의 평가만으로는 금융회사의 소비자보호 수준을 평가하고, 금융회사의 자율적 개선노력을 유도하는데 한계가 있어 제도 개선의 필요성이 지속적으로 제기되어 왔습니다.
이에 따라 기존 민원발생평가제도를 대신하여 금융회사의 다양한 소비자보호 활동을 종합적으로 평가할 수 있는 「금융소비자보호 실태평가제도」를 도입·시행
('16.4월 시행)
하게 되었습니다.
소비자보호실태평가제도는
금융소비자에게는 거래 금융회사 선택에 필요한 유용한 정보를 제공하는 한편, 금융회사에게는 소비자보호 중심의 경영문화 확산을 유도하는데 중점을 두고 있습니다.",https://www.fss.or.kr/fss/bbs/B0000172/view.do?nttId=49734&menuNo=200202&viewType=&searchCnd=22&searchWrd=&pageIndex=1,https://www.fss.or.kr/fss/bbs/B0000172/list.do?menuNo=200202&bbsId=&cl1Cd=&cl2Cd=&cl3Cd=&pageIndex=1&paramDeptname=&viewType=&selectDeptname=&searchCnd=22&searchWrd=,40
금융감독원의 민원대상 금융회사가 궁금합니다.,"금융감독원은 은행, 금융투자업자, 보험회사, 여신전문금융회사, 상호저축은행 등 금융기관에 대한 민원을 처리하고 있습니다.
금융감독원의 민원대상 금융기관 조회방법은 다음과 같습니다.
1. 금융감독원 홈페이지 → e-금융민원센터 → 민원안내 → 금융민원신청 안내 → 유의사항
2.
http://www.fcsc.kr/D/fu_d_01_02.jsp
→  유의사항
참고로, 금융감독원의 민원대상 금융기관이 아닌 경우 타 부처 등으로 민원이 이송될 수 있음을 알려드립니다.",https://www.fss.or.kr/fss/bbs/B0000172/view.do?nttId=49733&menuNo=200202&viewType=&searchCnd=22&searchWrd=&pageIndex=1,https://www.fss.or.kr/fss/bbs/B0000172/list.do?menuNo=200202&bbsId=&cl1Cd=&cl2Cd=&cl3Cd=&pageIndex=1&paramDeptname=&viewType=&selectDeptname=&searchCnd=22&searchWrd=,40
내 금융계좌를 한번에 조회할 수 있는 사이트는 없나요?,"‘내 계좌 한눈에’ 서비스를 통하여 본인의 주요 금융계좌 정보를 한번에 조회할 수 있습니다!
금융소비자정보포털 ‘파인’(fine.fss.or.kr) 또는 ’내 계좌 한눈에‘ 홈페이지 (
www.accountinfo.or.kr)
를
통해 9시부터 22시까지 이용가능하며(연중무휴), 은행·상호금융
계좌, 보험 계약, 대부업체를 제외한 제도권 금융회사의 대출정보를 일괄조회 할 수 있습니다.",https://www.fss.or.kr/fss/bbs/B0000172/view.do?nttId=49732&menuNo=200202&viewType=&searchCnd=22&searchWrd=&pageIndex=1,https://www.fss.or.kr/fss/bbs/B0000172/list.do?menuNo=200202&bbsId=&cl1Cd=&cl2Cd=&cl3Cd=&pageIndex=1&paramDeptname=&viewType=&selectDeptname=&searchCnd=22&searchWrd=,40
어려운 금융용어 등을 쉽게 찾아볼 수 있는 사이트는 없나요?,"금융감독원은 금융소비자의 전문적인 금융용어에 대한 이해도를 제고하기 위해 관련 제도의 배경, 이슈 등을 종합적으로 반영해 작성한 ‘
금융용어사전
’을 오픈하였습니다.
‘금융용어사전’에는 핀테크 발달을 반영한 인터넷 전문은행, P2P(Peer to Peer) 대출, 로보어드바이저, 크라우드펀딩 등 전문 용어를 비롯한 533개 용어를 상세히 설명하고 있습니다.
금융감독원 홈페이지 및 ‘파인(FINE:fine.fss.or.kr)'의 금융용어사전’ 코너에서 찾아보실 수
있으며, 알고 싶은 용어명을 정확히 입력하지 않더라고 일부 단어만으로도 검색이 가능합니다.",https://www.fss.or.kr/fss/bbs/B0000172/view.do?nttId=49731&menuNo=200202&viewType=&searchCnd=22&searchWrd=&pageIndex=1,https://www.fss.or.kr/fss/bbs/B0000172/list.do?menuNo=200202&bbsId=&cl1Cd=&cl2Cd=&cl3Cd=&pageIndex=1&paramDeptname=&viewType=&selectDeptname=&searchCnd=22&searchWrd=,40
정기예금 및 적금 금리를 한눈에 비교해 볼 수 있는 곳은 없나요?,"금융감독원은 소비자의 금융상품 선택에 실질적인 도움이 될 수 있도록,
금융상품 통합 비교공시시스템 ‘금융상품한눈에’
를 오픈하였습니다.
예·적금, 대출 등 금융상품을 통합 비교공시하고 있으며,
실손보험, 자동차보험 등은 협회사이트(보험다모아)를 연결하여 제공하고 있습니다.
(다만 본 사이트의 금융상품 정보는 매월 20일 정기적으로 공시하고 있으며, 최신정보 제공을 위해 노력하고 있으나 금융상품의 금리 등 거래조건이 수시로 변경될 수 있으므로 거래전 반드시 해당 금융회사에 문의 후 구입을 결정하시기 바랍니다.)
* 홈페이지 주소 :
http://finlife.fss.or.kr",https://www.fss.or.kr/fss/bbs/B0000172/view.do?nttId=49730&menuNo=200202&viewType=&searchCnd=22&searchWrd=&pageIndex=1,https://www.fss.or.kr/fss/bbs/B0000172/list.do?menuNo=200202&bbsId=&cl1Cd=&cl2Cd=&cl3Cd=&pageIndex=1&paramDeptname=&viewType=&selectDeptname=&searchCnd=22&searchWrd=,40
「보이는 ARS」는 어떻게 이용할 수 있나요?,"금융감독원은
금감원 콜센터(☎1332)의 음성
ARS
안내
내용
을
스
마트폰
화면
을
통해
한 번에 확
인
할
수 있는
｢
보이는 1332｣ 서
비스
를
시
행중에 있습니다. 동 서비스 이용방법은 첨부파일을 참고하여 주시기 바랍니다.",https://www.fss.or.kr/fss/bbs/B0000172/view.do?nttId=49729&menuNo=200202&viewType=&searchCnd=22&searchWrd=&pageIndex=1,https://www.fss.or.kr/fss/bbs/B0000172/list.do?menuNo=200202&bbsId=&cl1Cd=&cl2Cd=&cl3Cd=&pageIndex=1&paramDeptname=&viewType=&selectDeptname=&searchCnd=22&searchWrd=,40
대차료 지급기준 참고(예시),"자동차보험 대차료 지급기준 개선
*
내용을 반영한 FAQ를 게시하오니 참고하시기 바랍니다.
* '22.9.29. 금융감독원 보도자료 ""현행 내연기관 중심의 자동차보험 대차료 지급기준을 친환경차 보급 확대 등 환경변화에 맞게 개선합니다
(
'22.10.11.부터 시행예정
)
""
참조",https://www.fss.or.kr/fss/bbs/B0000172/view.do?nttId=49737&menuNo=200202&viewType=&searchCnd=22&searchWrd=&pageIndex=1,https://www.fss.or.kr/fss/bbs/B0000172/list.do?menuNo=200202&bbsId=&cl1Cd=&cl2Cd=&cl3Cd=&pageIndex=1&paramDeptname=&viewType=&selectDeptname=&searchCnd=22&searchWrd=,41
소비자보호실태평가 결과는 어디서 확인할 수 있나요?,"소비자보호실태평가 결과는 금융감독원 홈페이지
(www.fss.or.kr
)
또는 개별 금융기관 및 협회 홈페이지
*
등을 통해 확인하실 수 있습니다.
※ 금융 권역별 협회 홈페이지 목록
은      행 : 전국은행연합회(www.kfb.or.kr)
생명보험 : 생명보험협회(www.klia.or.kr)
손해보험 : 손해보험협회(www.knia.or.kr)
카      드 : 여신금융협회(www.crefia.or.kr)
저축은행 : 저축은행중앙회(www.fsb.or.kr)
금융투자 : 금융투자협회(www.kofia.or.kr)",https://www.fss.or.kr/fss/bbs/B0000172/view.do?nttId=49736&menuNo=200202&viewType=&searchCnd=22&searchWrd=&pageIndex=1,https://www.fss.or.kr/fss/bbs/B0000172/list.do?menuNo=200202&bbsId=&cl1Cd=&cl2Cd=&cl3Cd=&pageIndex=1&paramDeptname=&viewType=&selectDeptname=&searchCnd=22&searchWrd=,41
소비자보호실태평가의 평가방법이 궁금합니다.,"「금융소비자보호 모범규준」에 명기된 소비자보호 사항의 이행여부 점검을 위해 계량 5개, 비계량 5개 등 총 10개 부문으로 구성하여 각 부문별로 평가하고 있습니다.
자세한 내용은 첨부파일을 참고해주시길 바랍니다.",https://www.fss.or.kr/fss/bbs/B0000172/view.do?nttId=49735&menuNo=200202&viewType=&searchCnd=22&searchWrd=&pageIndex=1,https://www.fss.or.kr/fss/bbs/B0000172/list.do?menuNo=200202&bbsId=&cl1Cd=&cl2Cd=&cl3Cd=&pageIndex=1&paramDeptname=&viewType=&selectDeptname=&searchCnd=22&searchWrd=,41
소비자보호실태평가는 어떤 제도인가요?,"금융감독원은 금융회사의 민원예방 노력 유도 등을 위해 2002년부터 「민원발생평가제도」를 운영
*
해왔습니다.
* 금감원이 처리한 민원건수를 기초로 금융회사를 1∼5등급으로 평가하고 대외에 공표(’14년은 81개사 평가)
그러나 민원건수 위주의 평가만으로는 금융회사의 소비자보호 수준을 평가하고, 금융회사의 자율적 개선노력을 유도하는데 한계가 있어 제도 개선의 필요성이 지속적으로 제기되어 왔습니다.
이에 따라 기존 민원발생평가제도를 대신하여 금융회사의 다양한 소비자보호 활동을 종합적으로 평가할 수 있는 「금융소비자보호 실태평가제도」를 도입·시행
('16.4월 시행)
하게 되었습니다.
소비자보호실태평가제도는
금융소비자에게는 거래 금융회사 선택에 필요한 유용한 정보를 제공하는 한편, 금융회사에게는 소비자보호 중심의 경영문화 확산을 유도하는데 중점을 두고 있습니다.",https://www.fss.or.kr/fss/bbs/B0000172/view.do?nttId=49734&menuNo=200202&viewType=&searchCnd=22&searchWrd=&pageIndex=1,https://www.fss.or.kr/fss/bbs/B0000172/list.do?menuNo=200202&bbsId=&cl1Cd=&cl2Cd=&cl3Cd=&pageIndex=1&paramDeptname=&viewType=&selectDeptname=&searchCnd=22&searchWrd=,41
금융감독원의 민원대상 금융회사가 궁금합니다.,"금융감독원은 은행, 금융투자업자, 보험회사, 여신전문금융회사, 상호저축은행 등 금융기관에 대한 민원을 처리하고 있습니다.
금융감독원의 민원대상 금융기관 조회방법은 다음과 같습니다.
1. 금융감독원 홈페이지 → e-금융민원센터 → 민원안내 → 금융민원신청 안내 → 유의사항
2.
http://www.fcsc.kr/D/fu_d_01_02.jsp
→  유의사항
참고로, 금융감독원의 민원대상 금융기관이 아닌 경우 타 부처 등으로 민원이 이송될 수 있음을 알려드립니다.",https://www.fss.or.kr/fss/bbs/B0000172/view.do?nttId=49733&menuNo=200202&viewType=&searchCnd=22&searchWrd=&pageIndex=1,https://www.fss.or.kr/fss/bbs/B0000172/list.do?menuNo=200202&bbsId=&cl1Cd=&cl2Cd=&cl3Cd=&pageIndex=1&paramDeptname=&viewType=&selectDeptname=&searchCnd=22&searchWrd=,41
내 금융계좌를 한번에 조회할 수 있는 사이트는 없나요?,"‘내 계좌 한눈에’ 서비스를 통하여 본인의 주요 금융계좌 정보를 한번에 조회할 수 있습니다!
금융소비자정보포털 ‘파인’(fine.fss.or.kr) 또는 ’내 계좌 한눈에‘ 홈페이지 (
www.accountinfo.or.kr)
를
통해 9시부터 22시까지 이용가능하며(연중무휴), 은행·상호금융
계좌, 보험 계약, 대부업체를 제외한 제도권 금융회사의 대출정보를 일괄조회 할 수 있습니다.",https://www.fss.or.kr/fss/bbs/B0000172/view.do?nttId=49732&menuNo=200202&viewType=&searchCnd=22&searchWrd=&pageIndex=1,https://www.fss.or.kr/fss/bbs/B0000172/list.do?menuNo=200202&bbsId=&cl1Cd=&cl2Cd=&cl3Cd=&pageIndex=1&paramDeptname=&viewType=&selectDeptname=&searchCnd=22&searchWrd=,41
어려운 금융용어 등을 쉽게 찾아볼 수 있는 사이트는 없나요?,"금융감독원은 금융소비자의 전문적인 금융용어에 대한 이해도를 제고하기 위해 관련 제도의 배경, 이슈 등을 종합적으로 반영해 작성한 ‘
금융용어사전
’을 오픈하였습니다.
‘금융용어사전’에는 핀테크 발달을 반영한 인터넷 전문은행, P2P(Peer to Peer) 대출, 로보어드바이저, 크라우드펀딩 등 전문 용어를 비롯한 533개 용어를 상세히 설명하고 있습니다.
금융감독원 홈페이지 및 ‘파인(FINE:fine.fss.or.kr)'의 금융용어사전’ 코너에서 찾아보실 수
있으며, 알고 싶은 용어명을 정확히 입력하지 않더라고 일부 단어만으로도 검색이 가능합니다.",https://www.fss.or.kr/fss/bbs/B0000172/view.do?nttId=49731&menuNo=200202&viewType=&searchCnd=22&searchWrd=&pageIndex=1,https://www.fss.or.kr/fss/bbs/B0000172/list.do?menuNo=200202&bbsId=&cl1Cd=&cl2Cd=&cl3Cd=&pageIndex=1&paramDeptname=&viewType=&selectDeptname=&searchCnd=22&searchWrd=,41
정기예금 및 적금 금리를 한눈에 비교해 볼 수 있는 곳은 없나요?,"금융감독원은 소비자의 금융상품 선택에 실질적인 도움이 될 수 있도록,
금융상품 통합 비교공시시스템 ‘금융상품한눈에’
를 오픈하였습니다.
예·적금, 대출 등 금융상품을 통합 비교공시하고 있으며,
실손보험, 자동차보험 등은 협회사이트(보험다모아)를 연결하여 제공하고 있습니다.
(다만 본 사이트의 금융상품 정보는 매월 20일 정기적으로 공시하고 있으며, 최신정보 제공을 위해 노력하고 있으나 금융상품의 금리 등 거래조건이 수시로 변경될 수 있으므로 거래전 반드시 해당 금융회사에 문의 후 구입을 결정하시기 바랍니다.)
* 홈페이지 주소 :
http://finlife.fss.or.kr",https://www.fss.or.kr/fss/bbs/B0000172/view.do?nttId=49730&menuNo=200202&viewType=&searchCnd=22&searchWrd=&pageIndex=1,https://www.fss.or.kr/fss/bbs/B0000172/list.do?menuNo=200202&bbsId=&cl1Cd=&cl2Cd=&cl3Cd=&pageIndex=1&paramDeptname=&viewType=&selectDeptname=&searchCnd=22&searchWrd=,41
「보이는 ARS」는 어떻게 이용할 수 있나요?,"금융감독원은
금감원 콜센터(☎1332)의 음성
ARS
안내
내용
을
스
마트폰
화면
을
통해
한 번에 확
인
할
수 있는
｢
보이는 1332｣ 서
비스
를
시
행중에 있습니다. 동 서비스 이용방법은 첨부파일을 참고하여 주시기 바랍니다.",https://www.fss.or.kr/fss/bbs/B0000172/view.do?nttId=49729&menuNo=200202&viewType=&searchCnd=22&searchWrd=&pageIndex=1,https://www.fss.or.kr/fss/bbs/B0000172/list.do?menuNo=200202&bbsId=&cl1Cd=&cl2Cd=&cl3Cd=&pageIndex=1&paramDeptname=&viewType=&selectDeptname=&searchCnd=22&searchWrd=,41
대차료 지급기준 참고(예시),"자동차보험 대차료 지급기준 개선
*
내용을 반영한 FAQ를 게시하오니 참고하시기 바랍니다.
* '22.9.29. 금융감독원 보도자료 ""현행 내연기관 중심의 자동차보험 대차료 지급기준을 친환경차 보급 확대 등 환경변화에 맞게 개선합니다
(
'22.10.11.부터 시행예정
)
""
참조",https://www.fss.or.kr/fss/bbs/B0000172/view.do?nttId=49737&menuNo=200202&viewType=&searchCnd=22&searchWrd=&pageIndex=1,https://www.fss.or.kr/fss/bbs/B0000172/list.do?menuNo=200202&bbsId=&cl1Cd=&cl2Cd=&cl3Cd=&pageIndex=1&paramDeptname=&viewType=&selectDeptname=&searchCnd=22&searchWrd=,42
소비자보호실태평가 결과는 어디서 확인할 수 있나요?,"소비자보호실태평가 결과는 금융감독원 홈페이지
(www.fss.or.kr
)
또는 개별 금융기관 및 협회 홈페이지
*
등을 통해 확인하실 수 있습니다.
※ 금융 권역별 협회 홈페이지 목록
은      행 : 전국은행연합회(www.kfb.or.kr)
생명보험 : 생명보험협회(www.klia.or.kr)
손해보험 : 손해보험협회(www.knia.or.kr)
카      드 : 여신금융협회(www.crefia.or.kr)
저축은행 : 저축은행중앙회(www.fsb.or.kr)
금융투자 : 금융투자협회(www.kofia.or.kr)",https://www.fss.or.kr/fss/bbs/B0000172/view.do?nttId=49736&menuNo=200202&viewType=&searchCnd=22&searchWrd=&pageIndex=1,https://www.fss.or.kr/fss/bbs/B0000172/list.do?menuNo=200202&bbsId=&cl1Cd=&cl2Cd=&cl3Cd=&pageIndex=1&paramDeptname=&viewType=&selectDeptname=&searchCnd=22&searchWrd=,42
소비자보호실태평가의 평가방법이 궁금합니다.,"「금융소비자보호 모범규준」에 명기된 소비자보호 사항의 이행여부 점검을 위해 계량 5개, 비계량 5개 등 총 10개 부문으로 구성하여 각 부문별로 평가하고 있습니다.
자세한 내용은 첨부파일을 참고해주시길 바랍니다.",https://www.fss.or.kr/fss/bbs/B0000172/view.do?nttId=49735&menuNo=200202&viewType=&searchCnd=22&searchWrd=&pageIndex=1,https://www.fss.or.kr/fss/bbs/B0000172/list.do?menuNo=200202&bbsId=&cl1Cd=&cl2Cd=&cl3Cd=&pageIndex=1&paramDeptname=&viewType=&selectDeptname=&searchCnd=22&searchWrd=,42
소비자보호실태평가는 어떤 제도인가요?,"금융감독원은 금융회사의 민원예방 노력 유도 등을 위해 2002년부터 「민원발생평가제도」를 운영
*
해왔습니다.
* 금감원이 처리한 민원건수를 기초로 금융회사를 1∼5등급으로 평가하고 대외에 공표(’14년은 81개사 평가)
그러나 민원건수 위주의 평가만으로는 금융회사의 소비자보호 수준을 평가하고, 금융회사의 자율적 개선노력을 유도하는데 한계가 있어 제도 개선의 필요성이 지속적으로 제기되어 왔습니다.
이에 따라 기존 민원발생평가제도를 대신하여 금융회사의 다양한 소비자보호 활동을 종합적으로 평가할 수 있는 「금융소비자보호 실태평가제도」를 도입·시행
('16.4월 시행)
하게 되었습니다.
소비자보호실태평가제도는
금융소비자에게는 거래 금융회사 선택에 필요한 유용한 정보를 제공하는 한편, 금융회사에게는 소비자보호 중심의 경영문화 확산을 유도하는데 중점을 두고 있습니다.",https://www.fss.or.kr/fss/bbs/B0000172/view.do?nttId=49734&menuNo=200202&viewType=&searchCnd=22&searchWrd=&pageIndex=1,https://www.fss.or.kr/fss/bbs/B0000172/list.do?menuNo=200202&bbsId=&cl1Cd=&cl2Cd=&cl3Cd=&pageIndex=1&paramDeptname=&viewType=&selectDeptname=&searchCnd=22&searchWrd=,42
금융감독원의 민원대상 금융회사가 궁금합니다.,"금융감독원은 은행, 금융투자업자, 보험회사, 여신전문금융회사, 상호저축은행 등 금융기관에 대한 민원을 처리하고 있습니다.
금융감독원의 민원대상 금융기관 조회방법은 다음과 같습니다.
1. 금융감독원 홈페이지 → e-금융민원센터 → 민원안내 → 금융민원신청 안내 → 유의사항
2.
http://www.fcsc.kr/D/fu_d_01_02.jsp
→  유의사항
참고로, 금융감독원의 민원대상 금융기관이 아닌 경우 타 부처 등으로 민원이 이송될 수 있음을 알려드립니다.",https://www.fss.or.kr/fss/bbs/B0000172/view.do?nttId=49733&menuNo=200202&viewType=&searchCnd=22&searchWrd=&pageIndex=1,https://www.fss.or.kr/fss/bbs/B0000172/list.do?menuNo=200202&bbsId=&cl1Cd=&cl2Cd=&cl3Cd=&pageIndex=1&paramDeptname=&viewType=&selectDeptname=&searchCnd=22&searchWrd=,42
내 금융계좌를 한번에 조회할 수 있는 사이트는 없나요?,"‘내 계좌 한눈에’ 서비스를 통하여 본인의 주요 금융계좌 정보를 한번에 조회할 수 있습니다!
금융소비자정보포털 ‘파인’(fine.fss.or.kr) 또는 ’내 계좌 한눈에‘ 홈페이지 (
www.accountinfo.or.kr)
를
통해 9시부터 22시까지 이용가능하며(연중무휴), 은행·상호금융
계좌, 보험 계약, 대부업체를 제외한 제도권 금융회사의 대출정보를 일괄조회 할 수 있습니다.",https://www.fss.or.kr/fss/bbs/B0000172/view.do?nttId=49732&menuNo=200202&viewType=&searchCnd=22&searchWrd=&pageIndex=1,https://www.fss.or.kr/fss/bbs/B0000172/list.do?menuNo=200202&bbsId=&cl1Cd=&cl2Cd=&cl3Cd=&pageIndex=1&paramDeptname=&viewType=&selectDeptname=&searchCnd=22&searchWrd=,42
어려운 금융용어 등을 쉽게 찾아볼 수 있는 사이트는 없나요?,"금융감독원은 금융소비자의 전문적인 금융용어에 대한 이해도를 제고하기 위해 관련 제도의 배경, 이슈 등을 종합적으로 반영해 작성한 ‘
금융용어사전
’을 오픈하였습니다.
‘금융용어사전’에는 핀테크 발달을 반영한 인터넷 전문은행, P2P(Peer to Peer) 대출, 로보어드바이저, 크라우드펀딩 등 전문 용어를 비롯한 533개 용어를 상세히 설명하고 있습니다.
금융감독원 홈페이지 및 ‘파인(FINE:fine.fss.or.kr)'의 금융용어사전’ 코너에서 찾아보실 수
있으며, 알고 싶은 용어명을 정확히 입력하지 않더라고 일부 단어만으로도 검색이 가능합니다.",https://www.fss.or.kr/fss/bbs/B0000172/view.do?nttId=49731&menuNo=200202&viewType=&searchCnd=22&searchWrd=&pageIndex=1,https://www.fss.or.kr/fss/bbs/B0000172/list.do?menuNo=200202&bbsId=&cl1Cd=&cl2Cd=&cl3Cd=&pageIndex=1&paramDeptname=&viewType=&selectDeptname=&searchCnd=22&searchWrd=,42
정기예금 및 적금 금리를 한눈에 비교해 볼 수 있는 곳은 없나요?,"금융감독원은 소비자의 금융상품 선택에 실질적인 도움이 될 수 있도록,
금융상품 통합 비교공시시스템 ‘금융상품한눈에’
를 오픈하였습니다.
예·적금, 대출 등 금융상품을 통합 비교공시하고 있으며,
실손보험, 자동차보험 등은 협회사이트(보험다모아)를 연결하여 제공하고 있습니다.
(다만 본 사이트의 금융상품 정보는 매월 20일 정기적으로 공시하고 있으며, 최신정보 제공을 위해 노력하고 있으나 금융상품의 금리 등 거래조건이 수시로 변경될 수 있으므로 거래전 반드시 해당 금융회사에 문의 후 구입을 결정하시기 바랍니다.)
* 홈페이지 주소 :
http://finlife.fss.or.kr",https://www.fss.or.kr/fss/bbs/B0000172/view.do?nttId=49730&menuNo=200202&viewType=&searchCnd=22&searchWrd=&pageIndex=1,https://www.fss.or.kr/fss/bbs/B0000172/list.do?menuNo=200202&bbsId=&cl1Cd=&cl2Cd=&cl3Cd=&pageIndex=1&paramDeptname=&viewType=&selectDeptname=&searchCnd=22&searchWrd=,42
「보이는 ARS」는 어떻게 이용할 수 있나요?,"금융감독원은
금감원 콜센터(☎1332)의 음성
ARS
안내
내용
을
스
마트폰
화면
을
통해
한 번에 확
인
할
수 있는
｢
보이는 1332｣ 서
비스
를
시
행중에 있습니다. 동 서비스 이용방법은 첨부파일을 참고하여 주시기 바랍니다.",https://www.fss.or.kr/fss/bbs/B0000172/view.do?nttId=49729&menuNo=200202&viewType=&searchCnd=22&searchWrd=&pageIndex=1,https://www.fss.or.kr/fss/bbs/B0000172/list.do?menuNo=200202&bbsId=&cl1Cd=&cl2Cd=&cl3Cd=&pageIndex=1&paramDeptname=&viewType=&selectDeptname=&searchCnd=22&searchWrd=,42
대차료 지급기준 참고(예시),"자동차보험 대차료 지급기준 개선
*
내용을 반영한 FAQ를 게시하오니 참고하시기 바랍니다.
* '22.9.29. 금융감독원 보도자료 ""현행 내연기관 중심의 자동차보험 대차료 지급기준을 친환경차 보급 확대 등 환경변화에 맞게 개선합니다
(
'22.10.11.부터 시행예정
)
""
참조",https://www.fss.or.kr/fss/bbs/B0000172/view.do?nttId=49737&menuNo=200202&viewType=&searchCnd=22&searchWrd=&pageIndex=1,https://www.fss.or.kr/fss/bbs/B0000172/list.do?menuNo=200202&bbsId=&cl1Cd=&cl2Cd=&cl3Cd=&pageIndex=1&paramDeptname=&viewType=&selectDeptname=&searchCnd=22&searchWrd=,43
소비자보호실태평가 결과는 어디서 확인할 수 있나요?,"소비자보호실태평가 결과는 금융감독원 홈페이지
(www.fss.or.kr
)
또는 개별 금융기관 및 협회 홈페이지
*
등을 통해 확인하실 수 있습니다.
※ 금융 권역별 협회 홈페이지 목록
은      행 : 전국은행연합회(www.kfb.or.kr)
생명보험 : 생명보험협회(www.klia.or.kr)
손해보험 : 손해보험협회(www.knia.or.kr)
카      드 : 여신금융협회(www.crefia.or.kr)
저축은행 : 저축은행중앙회(www.fsb.or.kr)
금융투자 : 금융투자협회(www.kofia.or.kr)",https://www.fss.or.kr/fss/bbs/B0000172/view.do?nttId=49736&menuNo=200202&viewType=&searchCnd=22&searchWrd=&pageIndex=1,https://www.fss.or.kr/fss/bbs/B0000172/list.do?menuNo=200202&bbsId=&cl1Cd=&cl2Cd=&cl3Cd=&pageIndex=1&paramDeptname=&viewType=&selectDeptname=&searchCnd=22&searchWrd=,43
소비자보호실태평가의 평가방법이 궁금합니다.,"「금융소비자보호 모범규준」에 명기된 소비자보호 사항의 이행여부 점검을 위해 계량 5개, 비계량 5개 등 총 10개 부문으로 구성하여 각 부문별로 평가하고 있습니다.
자세한 내용은 첨부파일을 참고해주시길 바랍니다.",https://www.fss.or.kr/fss/bbs/B0000172/view.do?nttId=49735&menuNo=200202&viewType=&searchCnd=22&searchWrd=&pageIndex=1,https://www.fss.or.kr/fss/bbs/B0000172/list.do?menuNo=200202&bbsId=&cl1Cd=&cl2Cd=&cl3Cd=&pageIndex=1&paramDeptname=&viewType=&selectDeptname=&searchCnd=22&searchWrd=,43
소비자보호실태평가는 어떤 제도인가요?,"금융감독원은 금융회사의 민원예방 노력 유도 등을 위해 2002년부터 「민원발생평가제도」를 운영
*
해왔습니다.
* 금감원이 처리한 민원건수를 기초로 금융회사를 1∼5등급으로 평가하고 대외에 공표(’14년은 81개사 평가)
그러나 민원건수 위주의 평가만으로는 금융회사의 소비자보호 수준을 평가하고, 금융회사의 자율적 개선노력을 유도하는데 한계가 있어 제도 개선의 필요성이 지속적으로 제기되어 왔습니다.
이에 따라 기존 민원발생평가제도를 대신하여 금융회사의 다양한 소비자보호 활동을 종합적으로 평가할 수 있는 「금융소비자보호 실태평가제도」를 도입·시행
('16.4월 시행)
하게 되었습니다.
소비자보호실태평가제도는
금융소비자에게는 거래 금융회사 선택에 필요한 유용한 정보를 제공하는 한편, 금융회사에게는 소비자보호 중심의 경영문화 확산을 유도하는데 중점을 두고 있습니다.",https://www.fss.or.kr/fss/bbs/B0000172/view.do?nttId=49734&menuNo=200202&viewType=&searchCnd=22&searchWrd=&pageIndex=1,https://www.fss.or.kr/fss/bbs/B0000172/list.do?menuNo=200202&bbsId=&cl1Cd=&cl2Cd=&cl3Cd=&pageIndex=1&paramDeptname=&viewType=&selectDeptname=&searchCnd=22&searchWrd=,43
금융감독원의 민원대상 금융회사가 궁금합니다.,"금융감독원은 은행, 금융투자업자, 보험회사, 여신전문금융회사, 상호저축은행 등 금융기관에 대한 민원을 처리하고 있습니다.
금융감독원의 민원대상 금융기관 조회방법은 다음과 같습니다.
1. 금융감독원 홈페이지 → e-금융민원센터 → 민원안내 → 금융민원신청 안내 → 유의사항
2.
http://www.fcsc.kr/D/fu_d_01_02.jsp
→  유의사항
참고로, 금융감독원의 민원대상 금융기관이 아닌 경우 타 부처 등으로 민원이 이송될 수 있음을 알려드립니다.",https://www.fss.or.kr/fss/bbs/B0000172/view.do?nttId=49733&menuNo=200202&viewType=&searchCnd=22&searchWrd=&pageIndex=1,https://www.fss.or.kr/fss/bbs/B0000172/list.do?menuNo=200202&bbsId=&cl1Cd=&cl2Cd=&cl3Cd=&pageIndex=1&paramDeptname=&viewType=&selectDeptname=&searchCnd=22&searchWrd=,43
내 금융계좌를 한번에 조회할 수 있는 사이트는 없나요?,"‘내 계좌 한눈에’ 서비스를 통하여 본인의 주요 금융계좌 정보를 한번에 조회할 수 있습니다!
금융소비자정보포털 ‘파인’(fine.fss.or.kr) 또는 ’내 계좌 한눈에‘ 홈페이지 (
www.accountinfo.or.kr)
를
통해 9시부터 22시까지 이용가능하며(연중무휴), 은행·상호금융
계좌, 보험 계약, 대부업체를 제외한 제도권 금융회사의 대출정보를 일괄조회 할 수 있습니다.",https://www.fss.or.kr/fss/bbs/B0000172/view.do?nttId=49732&menuNo=200202&viewType=&searchCnd=22&searchWrd=&pageIndex=1,https://www.fss.or.kr/fss/bbs/B0000172/list.do?menuNo=200202&bbsId=&cl1Cd=&cl2Cd=&cl3Cd=&pageIndex=1&paramDeptname=&viewType=&selectDeptname=&searchCnd=22&searchWrd=,43
어려운 금융용어 등을 쉽게 찾아볼 수 있는 사이트는 없나요?,"금융감독원은 금융소비자의 전문적인 금융용어에 대한 이해도를 제고하기 위해 관련 제도의 배경, 이슈 등을 종합적으로 반영해 작성한 ‘
금융용어사전
’을 오픈하였습니다.
‘금융용어사전’에는 핀테크 발달을 반영한 인터넷 전문은행, P2P(Peer to Peer) 대출, 로보어드바이저, 크라우드펀딩 등 전문 용어를 비롯한 533개 용어를 상세히 설명하고 있습니다.
금융감독원 홈페이지 및 ‘파인(FINE:fine.fss.or.kr)'의 금융용어사전’ 코너에서 찾아보실 수
있으며, 알고 싶은 용어명을 정확히 입력하지 않더라고 일부 단어만으로도 검색이 가능합니다.",https://www.fss.or.kr/fss/bbs/B0000172/view.do?nttId=49731&menuNo=200202&viewType=&searchCnd=22&searchWrd=&pageIndex=1,https://www.fss.or.kr/fss/bbs/B0000172/list.do?menuNo=200202&bbsId=&cl1Cd=&cl2Cd=&cl3Cd=&pageIndex=1&paramDeptname=&viewType=&selectDeptname=&searchCnd=22&searchWrd=,43
정기예금 및 적금 금리를 한눈에 비교해 볼 수 있는 곳은 없나요?,"금융감독원은 소비자의 금융상품 선택에 실질적인 도움이 될 수 있도록,
금융상품 통합 비교공시시스템 ‘금융상품한눈에’
를 오픈하였습니다.
예·적금, 대출 등 금융상품을 통합 비교공시하고 있으며,
실손보험, 자동차보험 등은 협회사이트(보험다모아)를 연결하여 제공하고 있습니다.
(다만 본 사이트의 금융상품 정보는 매월 20일 정기적으로 공시하고 있으며, 최신정보 제공을 위해 노력하고 있으나 금융상품의 금리 등 거래조건이 수시로 변경될 수 있으므로 거래전 반드시 해당 금융회사에 문의 후 구입을 결정하시기 바랍니다.)
* 홈페이지 주소 :
http://finlife.fss.or.kr",https://www.fss.or.kr/fss/bbs/B0000172/view.do?nttId=49730&menuNo=200202&viewType=&searchCnd=22&searchWrd=&pageIndex=1,https://www.fss.or.kr/fss/bbs/B0000172/list.do?menuNo=200202&bbsId=&cl1Cd=&cl2Cd=&cl3Cd=&pageIndex=1&paramDeptname=&viewType=&selectDeptname=&searchCnd=22&searchWrd=,43
「보이는 ARS」는 어떻게 이용할 수 있나요?,"금융감독원은
금감원 콜센터(☎1332)의 음성
ARS
안내
내용
을
스
마트폰
화면
을
통해
한 번에 확
인
할
수 있는
｢
보이는 1332｣ 서
비스
를
시
행중에 있습니다. 동 서비스 이용방법은 첨부파일을 참고하여 주시기 바랍니다.",https://www.fss.or.kr/fss/bbs/B0000172/view.do?nttId=49729&menuNo=200202&viewType=&searchCnd=22&searchWrd=&pageIndex=1,https://www.fss.or.kr/fss/bbs/B0000172/list.do?menuNo=200202&bbsId=&cl1Cd=&cl2Cd=&cl3Cd=&pageIndex=1&paramDeptname=&viewType=&selectDeptname=&searchCnd=22&searchWrd=,43
대차료 지급기준 참고(예시),"자동차보험 대차료 지급기준 개선
*
내용을 반영한 FAQ를 게시하오니 참고하시기 바랍니다.
* '22.9.29. 금융감독원 보도자료 ""현행 내연기관 중심의 자동차보험 대차료 지급기준을 친환경차 보급 확대 등 환경변화에 맞게 개선합니다
(
'22.10.11.부터 시행예정
)
""
참조",https://www.fss.or.kr/fss/bbs/B0000172/view.do?nttId=49737&menuNo=200202&viewType=&searchCnd=22&searchWrd=&pageIndex=1,https://www.fss.or.kr/fss/bbs/B0000172/list.do?menuNo=200202&bbsId=&cl1Cd=&cl2Cd=&cl3Cd=&pageIndex=1&paramDeptname=&viewType=&selectDeptname=&searchCnd=22&searchWrd=,44
소비자보호실태평가 결과는 어디서 확인할 수 있나요?,"소비자보호실태평가 결과는 금융감독원 홈페이지
(www.fss.or.kr
)
또는 개별 금융기관 및 협회 홈페이지
*
등을 통해 확인하실 수 있습니다.
※ 금융 권역별 협회 홈페이지 목록
은      행 : 전국은행연합회(www.kfb.or.kr)
생명보험 : 생명보험협회(www.klia.or.kr)
손해보험 : 손해보험협회(www.knia.or.kr)
카      드 : 여신금융협회(www.crefia.or.kr)
저축은행 : 저축은행중앙회(www.fsb.or.kr)
금융투자 : 금융투자협회(www.kofia.or.kr)",https://www.fss.or.kr/fss/bbs/B0000172/view.do?nttId=49736&menuNo=200202&viewType=&searchCnd=22&searchWrd=&pageIndex=1,https://www.fss.or.kr/fss/bbs/B0000172/list.do?menuNo=200202&bbsId=&cl1Cd=&cl2Cd=&cl3Cd=&pageIndex=1&paramDeptname=&viewType=&selectDeptname=&searchCnd=22&searchWrd=,44
소비자보호실태평가의 평가방법이 궁금합니다.,"「금융소비자보호 모범규준」에 명기된 소비자보호 사항의 이행여부 점검을 위해 계량 5개, 비계량 5개 등 총 10개 부문으로 구성하여 각 부문별로 평가하고 있습니다.
자세한 내용은 첨부파일을 참고해주시길 바랍니다.",https://www.fss.or.kr/fss/bbs/B0000172/view.do?nttId=49735&menuNo=200202&viewType=&searchCnd=22&searchWrd=&pageIndex=1,https://www.fss.or.kr/fss/bbs/B0000172/list.do?menuNo=200202&bbsId=&cl1Cd=&cl2Cd=&cl3Cd=&pageIndex=1&paramDeptname=&viewType=&selectDeptname=&searchCnd=22&searchWrd=,44
소비자보호실태평가는 어떤 제도인가요?,"금융감독원은 금융회사의 민원예방 노력 유도 등을 위해 2002년부터 「민원발생평가제도」를 운영
*
해왔습니다.
* 금감원이 처리한 민원건수를 기초로 금융회사를 1∼5등급으로 평가하고 대외에 공표(’14년은 81개사 평가)
그러나 민원건수 위주의 평가만으로는 금융회사의 소비자보호 수준을 평가하고, 금융회사의 자율적 개선노력을 유도하는데 한계가 있어 제도 개선의 필요성이 지속적으로 제기되어 왔습니다.
이에 따라 기존 민원발생평가제도를 대신하여 금융회사의 다양한 소비자보호 활동을 종합적으로 평가할 수 있는 「금융소비자보호 실태평가제도」를 도입·시행
('16.4월 시행)
하게 되었습니다.
소비자보호실태평가제도는
금융소비자에게는 거래 금융회사 선택에 필요한 유용한 정보를 제공하는 한편, 금융회사에게는 소비자보호 중심의 경영문화 확산을 유도하는데 중점을 두고 있습니다.",https://www.fss.or.kr/fss/bbs/B0000172/view.do?nttId=49734&menuNo=200202&viewType=&searchCnd=22&searchWrd=&pageIndex=1,https://www.fss.or.kr/fss/bbs/B0000172/list.do?menuNo=200202&bbsId=&cl1Cd=&cl2Cd=&cl3Cd=&pageIndex=1&paramDeptname=&viewType=&selectDeptname=&searchCnd=22&searchWrd=,44
금융감독원의 민원대상 금융회사가 궁금합니다.,"금융감독원은 은행, 금융투자업자, 보험회사, 여신전문금융회사, 상호저축은행 등 금융기관에 대한 민원을 처리하고 있습니다.
금융감독원의 민원대상 금융기관 조회방법은 다음과 같습니다.
1. 금융감독원 홈페이지 → e-금융민원센터 → 민원안내 → 금융민원신청 안내 → 유의사항
2.
http://www.fcsc.kr/D/fu_d_01_02.jsp
→  유의사항
참고로, 금융감독원의 민원대상 금융기관이 아닌 경우 타 부처 등으로 민원이 이송될 수 있음을 알려드립니다.",https://www.fss.or.kr/fss/bbs/B0000172/view.do?nttId=49733&menuNo=200202&viewType=&searchCnd=22&searchWrd=&pageIndex=1,https://www.fss.or.kr/fss/bbs/B0000172/list.do?menuNo=200202&bbsId=&cl1Cd=&cl2Cd=&cl3Cd=&pageIndex=1&paramDeptname=&viewType=&selectDeptname=&searchCnd=22&searchWrd=,44
내 금융계좌를 한번에 조회할 수 있는 사이트는 없나요?,"‘내 계좌 한눈에’ 서비스를 통하여 본인의 주요 금융계좌 정보를 한번에 조회할 수 있습니다!
금융소비자정보포털 ‘파인’(fine.fss.or.kr) 또는 ’내 계좌 한눈에‘ 홈페이지 (
www.accountinfo.or.kr)
를
통해 9시부터 22시까지 이용가능하며(연중무휴), 은행·상호금융
계좌, 보험 계약, 대부업체를 제외한 제도권 금융회사의 대출정보를 일괄조회 할 수 있습니다.",https://www.fss.or.kr/fss/bbs/B0000172/view.do?nttId=49732&menuNo=200202&viewType=&searchCnd=22&searchWrd=&pageIndex=1,https://www.fss.or.kr/fss/bbs/B0000172/list.do?menuNo=200202&bbsId=&cl1Cd=&cl2Cd=&cl3Cd=&pageIndex=1&paramDeptname=&viewType=&selectDeptname=&searchCnd=22&searchWrd=,44
어려운 금융용어 등을 쉽게 찾아볼 수 있는 사이트는 없나요?,"금융감독원은 금융소비자의 전문적인 금융용어에 대한 이해도를 제고하기 위해 관련 제도의 배경, 이슈 등을 종합적으로 반영해 작성한 ‘
금융용어사전
’을 오픈하였습니다.
‘금융용어사전’에는 핀테크 발달을 반영한 인터넷 전문은행, P2P(Peer to Peer) 대출, 로보어드바이저, 크라우드펀딩 등 전문 용어를 비롯한 533개 용어를 상세히 설명하고 있습니다.
금융감독원 홈페이지 및 ‘파인(FINE:fine.fss.or.kr)'의 금융용어사전’ 코너에서 찾아보실 수
있으며, 알고 싶은 용어명을 정확히 입력하지 않더라고 일부 단어만으로도 검색이 가능합니다.",https://www.fss.or.kr/fss/bbs/B0000172/view.do?nttId=49731&menuNo=200202&viewType=&searchCnd=22&searchWrd=&pageIndex=1,https://www.fss.or.kr/fss/bbs/B0000172/list.do?menuNo=200202&bbsId=&cl1Cd=&cl2Cd=&cl3Cd=&pageIndex=1&paramDeptname=&viewType=&selectDeptname=&searchCnd=22&searchWrd=,44
정기예금 및 적금 금리를 한눈에 비교해 볼 수 있는 곳은 없나요?,"금융감독원은 소비자의 금융상품 선택에 실질적인 도움이 될 수 있도록,
금융상품 통합 비교공시시스템 ‘금융상품한눈에’
를 오픈하였습니다.
예·적금, 대출 등 금융상품을 통합 비교공시하고 있으며,
실손보험, 자동차보험 등은 협회사이트(보험다모아)를 연결하여 제공하고 있습니다.
(다만 본 사이트의 금융상품 정보는 매월 20일 정기적으로 공시하고 있으며, 최신정보 제공을 위해 노력하고 있으나 금융상품의 금리 등 거래조건이 수시로 변경될 수 있으므로 거래전 반드시 해당 금융회사에 문의 후 구입을 결정하시기 바랍니다.)
* 홈페이지 주소 :
http://finlife.fss.or.kr",https://www.fss.or.kr/fss/bbs/B0000172/view.do?nttId=49730&menuNo=200202&viewType=&searchCnd=22&searchWrd=&pageIndex=1,https://www.fss.or.kr/fss/bbs/B0000172/list.do?menuNo=200202&bbsId=&cl1Cd=&cl2Cd=&cl3Cd=&pageIndex=1&paramDeptname=&viewType=&selectDeptname=&searchCnd=22&searchWrd=,44
「보이는 ARS」는 어떻게 이용할 수 있나요?,"금융감독원은
금감원 콜센터(☎1332)의 음성
ARS
안내
내용
을
스
마트폰
화면
을
통해
한 번에 확
인
할
수 있는
｢
보이는 1332｣ 서
비스
를
시
행중에 있습니다. 동 서비스 이용방법은 첨부파일을 참고하여 주시기 바랍니다.",https://www.fss.or.kr/fss/bbs/B0000172/view.do?nttId=49729&menuNo=200202&viewType=&searchCnd=22&searchWrd=&pageIndex=1,https://www.fss.or.kr/fss/bbs/B0000172/list.do?menuNo=200202&bbsId=&cl1Cd=&cl2Cd=&cl3Cd=&pageIndex=1&paramDeptname=&viewType=&selectDeptname=&searchCnd=22&searchWrd=,44
대차료 지급기준 참고(예시),"자동차보험 대차료 지급기준 개선
*
내용을 반영한 FAQ를 게시하오니 참고하시기 바랍니다.
* '22.9.29. 금융감독원 보도자료 ""현행 내연기관 중심의 자동차보험 대차료 지급기준을 친환경차 보급 확대 등 환경변화에 맞게 개선합니다
(
'22.10.11.부터 시행예정
)
""
참조",https://www.fss.or.kr/fss/bbs/B0000172/view.do?nttId=49737&menuNo=200202&viewType=&searchCnd=22&searchWrd=&pageIndex=1,https://www.fss.or.kr/fss/bbs/B0000172/list.do?menuNo=200202&bbsId=&cl1Cd=&cl2Cd=&cl3Cd=&pageIndex=1&paramDeptname=&viewType=&selectDeptname=&searchCnd=22&searchWrd=,45
소비자보호실태평가 결과는 어디서 확인할 수 있나요?,"소비자보호실태평가 결과는 금융감독원 홈페이지
(www.fss.or.kr
)
또는 개별 금융기관 및 협회 홈페이지
*
등을 통해 확인하실 수 있습니다.
※ 금융 권역별 협회 홈페이지 목록
은      행 : 전국은행연합회(www.kfb.or.kr)
생명보험 : 생명보험협회(www.klia.or.kr)
손해보험 : 손해보험협회(www.knia.or.kr)
카      드 : 여신금융협회(www.crefia.or.kr)
저축은행 : 저축은행중앙회(www.fsb.or.kr)
금융투자 : 금융투자협회(www.kofia.or.kr)",https://www.fss.or.kr/fss/bbs/B0000172/view.do?nttId=49736&menuNo=200202&viewType=&searchCnd=22&searchWrd=&pageIndex=1,https://www.fss.or.kr/fss/bbs/B0000172/list.do?menuNo=200202&bbsId=&cl1Cd=&cl2Cd=&cl3Cd=&pageIndex=1&paramDeptname=&viewType=&selectDeptname=&searchCnd=22&searchWrd=,45
소비자보호실태평가의 평가방법이 궁금합니다.,"「금융소비자보호 모범규준」에 명기된 소비자보호 사항의 이행여부 점검을 위해 계량 5개, 비계량 5개 등 총 10개 부문으로 구성하여 각 부문별로 평가하고 있습니다.
자세한 내용은 첨부파일을 참고해주시길 바랍니다.",https://www.fss.or.kr/fss/bbs/B0000172/view.do?nttId=49735&menuNo=200202&viewType=&searchCnd=22&searchWrd=&pageIndex=1,https://www.fss.or.kr/fss/bbs/B0000172/list.do?menuNo=200202&bbsId=&cl1Cd=&cl2Cd=&cl3Cd=&pageIndex=1&paramDeptname=&viewType=&selectDeptname=&searchCnd=22&searchWrd=,45
소비자보호실태평가는 어떤 제도인가요?,"금융감독원은 금융회사의 민원예방 노력 유도 등을 위해 2002년부터 「민원발생평가제도」를 운영
*
해왔습니다.
* 금감원이 처리한 민원건수를 기초로 금융회사를 1∼5등급으로 평가하고 대외에 공표(’14년은 81개사 평가)
그러나 민원건수 위주의 평가만으로는 금융회사의 소비자보호 수준을 평가하고, 금융회사의 자율적 개선노력을 유도하는데 한계가 있어 제도 개선의 필요성이 지속적으로 제기되어 왔습니다.
이에 따라 기존 민원발생평가제도를 대신하여 금융회사의 다양한 소비자보호 활동을 종합적으로 평가할 수 있는 「금융소비자보호 실태평가제도」를 도입·시행
('16.4월 시행)
하게 되었습니다.
소비자보호실태평가제도는
금융소비자에게는 거래 금융회사 선택에 필요한 유용한 정보를 제공하는 한편, 금융회사에게는 소비자보호 중심의 경영문화 확산을 유도하는데 중점을 두고 있습니다.",https://www.fss.or.kr/fss/bbs/B0000172/view.do?nttId=49734&menuNo=200202&viewType=&searchCnd=22&searchWrd=&pageIndex=1,https://www.fss.or.kr/fss/bbs/B0000172/list.do?menuNo=200202&bbsId=&cl1Cd=&cl2Cd=&cl3Cd=&pageIndex=1&paramDeptname=&viewType=&selectDeptname=&searchCnd=22&searchWrd=,45
금융감독원의 민원대상 금융회사가 궁금합니다.,"금융감독원은 은행, 금융투자업자, 보험회사, 여신전문금융회사, 상호저축은행 등 금융기관에 대한 민원을 처리하고 있습니다.
금융감독원의 민원대상 금융기관 조회방법은 다음과 같습니다.
1. 금융감독원 홈페이지 → e-금융민원센터 → 민원안내 → 금융민원신청 안내 → 유의사항
2.
http://www.fcsc.kr/D/fu_d_01_02.jsp
→  유의사항
참고로, 금융감독원의 민원대상 금융기관이 아닌 경우 타 부처 등으로 민원이 이송될 수 있음을 알려드립니다.",https://www.fss.or.kr/fss/bbs/B0000172/view.do?nttId=49733&menuNo=200202&viewType=&searchCnd=22&searchWrd=&pageIndex=1,https://www.fss.or.kr/fss/bbs/B0000172/list.do?menuNo=200202&bbsId=&cl1Cd=&cl2Cd=&cl3Cd=&pageIndex=1&paramDeptname=&viewType=&selectDeptname=&searchCnd=22&searchWrd=,45
내 금융계좌를 한번에 조회할 수 있는 사이트는 없나요?,"‘내 계좌 한눈에’ 서비스를 통하여 본인의 주요 금융계좌 정보를 한번에 조회할 수 있습니다!
금융소비자정보포털 ‘파인’(fine.fss.or.kr) 또는 ’내 계좌 한눈에‘ 홈페이지 (
www.accountinfo.or.kr)
를
통해 9시부터 22시까지 이용가능하며(연중무휴), 은행·상호금융
계좌, 보험 계약, 대부업체를 제외한 제도권 금융회사의 대출정보를 일괄조회 할 수 있습니다.",https://www.fss.or.kr/fss/bbs/B0000172/view.do?nttId=49732&menuNo=200202&viewType=&searchCnd=22&searchWrd=&pageIndex=1,https://www.fss.or.kr/fss/bbs/B0000172/list.do?menuNo=200202&bbsId=&cl1Cd=&cl2Cd=&cl3Cd=&pageIndex=1&paramDeptname=&viewType=&selectDeptname=&searchCnd=22&searchWrd=,45
어려운 금융용어 등을 쉽게 찾아볼 수 있는 사이트는 없나요?,"금융감독원은 금융소비자의 전문적인 금융용어에 대한 이해도를 제고하기 위해 관련 제도의 배경, 이슈 등을 종합적으로 반영해 작성한 ‘
금융용어사전
’을 오픈하였습니다.
‘금융용어사전’에는 핀테크 발달을 반영한 인터넷 전문은행, P2P(Peer to Peer) 대출, 로보어드바이저, 크라우드펀딩 등 전문 용어를 비롯한 533개 용어를 상세히 설명하고 있습니다.
금융감독원 홈페이지 및 ‘파인(FINE:fine.fss.or.kr)'의 금융용어사전’ 코너에서 찾아보실 수
있으며, 알고 싶은 용어명을 정확히 입력하지 않더라고 일부 단어만으로도 검색이 가능합니다.",https://www.fss.or.kr/fss/bbs/B0000172/view.do?nttId=49731&menuNo=200202&viewType=&searchCnd=22&searchWrd=&pageIndex=1,https://www.fss.or.kr/fss/bbs/B0000172/list.do?menuNo=200202&bbsId=&cl1Cd=&cl2Cd=&cl3Cd=&pageIndex=1&paramDeptname=&viewType=&selectDeptname=&searchCnd=22&searchWrd=,45
정기예금 및 적금 금리를 한눈에 비교해 볼 수 있는 곳은 없나요?,"금융감독원은 소비자의 금융상품 선택에 실질적인 도움이 될 수 있도록,
금융상품 통합 비교공시시스템 ‘금융상품한눈에’
를 오픈하였습니다.
예·적금, 대출 등 금융상품을 통합 비교공시하고 있으며,
실손보험, 자동차보험 등은 협회사이트(보험다모아)를 연결하여 제공하고 있습니다.
(다만 본 사이트의 금융상품 정보는 매월 20일 정기적으로 공시하고 있으며, 최신정보 제공을 위해 노력하고 있으나 금융상품의 금리 등 거래조건이 수시로 변경될 수 있으므로 거래전 반드시 해당 금융회사에 문의 후 구입을 결정하시기 바랍니다.)
* 홈페이지 주소 :
http://finlife.fss.or.kr",https://www.fss.or.kr/fss/bbs/B0000172/view.do?nttId=49730&menuNo=200202&viewType=&searchCnd=22&searchWrd=&pageIndex=1,https://www.fss.or.kr/fss/bbs/B0000172/list.do?menuNo=200202&bbsId=&cl1Cd=&cl2Cd=&cl3Cd=&pageIndex=1&paramDeptname=&viewType=&selectDeptname=&searchCnd=22&searchWrd=,45
「보이는 ARS」는 어떻게 이용할 수 있나요?,"금융감독원은
금감원 콜센터(☎1332)의 음성
ARS
안내
내용
을
스
마트폰
화면
을
통해
한 번에 확
인
할
수 있는
｢
보이는 1332｣ 서
비스
를
시
행중에 있습니다. 동 서비스 이용방법은 첨부파일을 참고하여 주시기 바랍니다.",https://www.fss.or.kr/fss/bbs/B0000172/view.do?nttId=49729&menuNo=200202&viewType=&searchCnd=22&searchWrd=&pageIndex=1,https://www.fss.or.kr/fss/bbs/B0000172/list.do?menuNo=200202&bbsId=&cl1Cd=&cl2Cd=&cl3Cd=&pageIndex=1&paramDeptname=&viewType=&selectDeptname=&searchCnd=22&searchWrd=,45
대차료 지급기준 참고(예시),"자동차보험 대차료 지급기준 개선
*
내용을 반영한 FAQ를 게시하오니 참고하시기 바랍니다.
* '22.9.29. 금융감독원 보도자료 ""현행 내연기관 중심의 자동차보험 대차료 지급기준을 친환경차 보급 확대 등 환경변화에 맞게 개선합니다
(
'22.10.11.부터 시행예정
)
""
참조",https://www.fss.or.kr/fss/bbs/B0000172/view.do?nttId=49737&menuNo=200202&viewType=&searchCnd=22&searchWrd=&pageIndex=1,https://www.fss.or.kr/fss/bbs/B0000172/list.do?menuNo=200202&bbsId=&cl1Cd=&cl2Cd=&cl3Cd=&pageIndex=1&paramDeptname=&viewType=&selectDeptname=&searchCnd=22&searchWrd=,46
소비자보호실태평가 결과는 어디서 확인할 수 있나요?,"소비자보호실태평가 결과는 금융감독원 홈페이지
(www.fss.or.kr
)
또는 개별 금융기관 및 협회 홈페이지
*
등을 통해 확인하실 수 있습니다.
※ 금융 권역별 협회 홈페이지 목록
은      행 : 전국은행연합회(www.kfb.or.kr)
생명보험 : 생명보험협회(www.klia.or.kr)
손해보험 : 손해보험협회(www.knia.or.kr)
카      드 : 여신금융협회(www.crefia.or.kr)
저축은행 : 저축은행중앙회(www.fsb.or.kr)
금융투자 : 금융투자협회(www.kofia.or.kr)",https://www.fss.or.kr/fss/bbs/B0000172/view.do?nttId=49736&menuNo=200202&viewType=&searchCnd=22&searchWrd=&pageIndex=1,https://www.fss.or.kr/fss/bbs/B0000172/list.do?menuNo=200202&bbsId=&cl1Cd=&cl2Cd=&cl3Cd=&pageIndex=1&paramDeptname=&viewType=&selectDeptname=&searchCnd=22&searchWrd=,46
소비자보호실태평가의 평가방법이 궁금합니다.,"「금융소비자보호 모범규준」에 명기된 소비자보호 사항의 이행여부 점검을 위해 계량 5개, 비계량 5개 등 총 10개 부문으로 구성하여 각 부문별로 평가하고 있습니다.
자세한 내용은 첨부파일을 참고해주시길 바랍니다.",https://www.fss.or.kr/fss/bbs/B0000172/view.do?nttId=49735&menuNo=200202&viewType=&searchCnd=22&searchWrd=&pageIndex=1,https://www.fss.or.kr/fss/bbs/B0000172/list.do?menuNo=200202&bbsId=&cl1Cd=&cl2Cd=&cl3Cd=&pageIndex=1&paramDeptname=&viewType=&selectDeptname=&searchCnd=22&searchWrd=,46
소비자보호실태평가는 어떤 제도인가요?,"금융감독원은 금융회사의 민원예방 노력 유도 등을 위해 2002년부터 「민원발생평가제도」를 운영
*
해왔습니다.
* 금감원이 처리한 민원건수를 기초로 금융회사를 1∼5등급으로 평가하고 대외에 공표(’14년은 81개사 평가)
그러나 민원건수 위주의 평가만으로는 금융회사의 소비자보호 수준을 평가하고, 금융회사의 자율적 개선노력을 유도하는데 한계가 있어 제도 개선의 필요성이 지속적으로 제기되어 왔습니다.
이에 따라 기존 민원발생평가제도를 대신하여 금융회사의 다양한 소비자보호 활동을 종합적으로 평가할 수 있는 「금융소비자보호 실태평가제도」를 도입·시행
('16.4월 시행)
하게 되었습니다.
소비자보호실태평가제도는
금융소비자에게는 거래 금융회사 선택에 필요한 유용한 정보를 제공하는 한편, 금융회사에게는 소비자보호 중심의 경영문화 확산을 유도하는데 중점을 두고 있습니다.",https://www.fss.or.kr/fss/bbs/B0000172/view.do?nttId=49734&menuNo=200202&viewType=&searchCnd=22&searchWrd=&pageIndex=1,https://www.fss.or.kr/fss/bbs/B0000172/list.do?menuNo=200202&bbsId=&cl1Cd=&cl2Cd=&cl3Cd=&pageIndex=1&paramDeptname=&viewType=&selectDeptname=&searchCnd=22&searchWrd=,46
금융감독원의 민원대상 금융회사가 궁금합니다.,"금융감독원은 은행, 금융투자업자, 보험회사, 여신전문금융회사, 상호저축은행 등 금융기관에 대한 민원을 처리하고 있습니다.
금융감독원의 민원대상 금융기관 조회방법은 다음과 같습니다.
1. 금융감독원 홈페이지 → e-금융민원센터 → 민원안내 → 금융민원신청 안내 → 유의사항
2.
http://www.fcsc.kr/D/fu_d_01_02.jsp
→  유의사항
참고로, 금융감독원의 민원대상 금융기관이 아닌 경우 타 부처 등으로 민원이 이송될 수 있음을 알려드립니다.",https://www.fss.or.kr/fss/bbs/B0000172/view.do?nttId=49733&menuNo=200202&viewType=&searchCnd=22&searchWrd=&pageIndex=1,https://www.fss.or.kr/fss/bbs/B0000172/list.do?menuNo=200202&bbsId=&cl1Cd=&cl2Cd=&cl3Cd=&pageIndex=1&paramDeptname=&viewType=&selectDeptname=&searchCnd=22&searchWrd=,46
내 금융계좌를 한번에 조회할 수 있는 사이트는 없나요?,"‘내 계좌 한눈에’ 서비스를 통하여 본인의 주요 금융계좌 정보를 한번에 조회할 수 있습니다!
금융소비자정보포털 ‘파인’(fine.fss.or.kr) 또는 ’내 계좌 한눈에‘ 홈페이지 (
www.accountinfo.or.kr)
를
통해 9시부터 22시까지 이용가능하며(연중무휴), 은행·상호금융
계좌, 보험 계약, 대부업체를 제외한 제도권 금융회사의 대출정보를 일괄조회 할 수 있습니다.",https://www.fss.or.kr/fss/bbs/B0000172/view.do?nttId=49732&menuNo=200202&viewType=&searchCnd=22&searchWrd=&pageIndex=1,https://www.fss.or.kr/fss/bbs/B0000172/list.do?menuNo=200202&bbsId=&cl1Cd=&cl2Cd=&cl3Cd=&pageIndex=1&paramDeptname=&viewType=&selectDeptname=&searchCnd=22&searchWrd=,46
어려운 금융용어 등을 쉽게 찾아볼 수 있는 사이트는 없나요?,"금융감독원은 금융소비자의 전문적인 금융용어에 대한 이해도를 제고하기 위해 관련 제도의 배경, 이슈 등을 종합적으로 반영해 작성한 ‘
금융용어사전
’을 오픈하였습니다.
‘금융용어사전’에는 핀테크 발달을 반영한 인터넷 전문은행, P2P(Peer to Peer) 대출, 로보어드바이저, 크라우드펀딩 등 전문 용어를 비롯한 533개 용어를 상세히 설명하고 있습니다.
금융감독원 홈페이지 및 ‘파인(FINE:fine.fss.or.kr)'의 금융용어사전’ 코너에서 찾아보실 수
있으며, 알고 싶은 용어명을 정확히 입력하지 않더라고 일부 단어만으로도 검색이 가능합니다.",https://www.fss.or.kr/fss/bbs/B0000172/view.do?nttId=49731&menuNo=200202&viewType=&searchCnd=22&searchWrd=&pageIndex=1,https://www.fss.or.kr/fss/bbs/B0000172/list.do?menuNo=200202&bbsId=&cl1Cd=&cl2Cd=&cl3Cd=&pageIndex=1&paramDeptname=&viewType=&selectDeptname=&searchCnd=22&searchWrd=,46
정기예금 및 적금 금리를 한눈에 비교해 볼 수 있는 곳은 없나요?,"금융감독원은 소비자의 금융상품 선택에 실질적인 도움이 될 수 있도록,
금융상품 통합 비교공시시스템 ‘금융상품한눈에’
를 오픈하였습니다.
예·적금, 대출 등 금융상품을 통합 비교공시하고 있으며,
실손보험, 자동차보험 등은 협회사이트(보험다모아)를 연결하여 제공하고 있습니다.
(다만 본 사이트의 금융상품 정보는 매월 20일 정기적으로 공시하고 있으며, 최신정보 제공을 위해 노력하고 있으나 금융상품의 금리 등 거래조건이 수시로 변경될 수 있으므로 거래전 반드시 해당 금융회사에 문의 후 구입을 결정하시기 바랍니다.)
* 홈페이지 주소 :
http://finlife.fss.or.kr",https://www.fss.or.kr/fss/bbs/B0000172/view.do?nttId=49730&menuNo=200202&viewType=&searchCnd=22&searchWrd=&pageIndex=1,https://www.fss.or.kr/fss/bbs/B0000172/list.do?menuNo=200202&bbsId=&cl1Cd=&cl2Cd=&cl3Cd=&pageIndex=1&paramDeptname=&viewType=&selectDeptname=&searchCnd=22&searchWrd=,46
「보이는 ARS」는 어떻게 이용할 수 있나요?,"금융감독원은
금감원 콜센터(☎1332)의 음성
ARS
안내
내용
을
스
마트폰
화면
을
통해
한 번에 확
인
할
수 있는
｢
보이는 1332｣ 서
비스
를
시
행중에 있습니다. 동 서비스 이용방법은 첨부파일을 참고하여 주시기 바랍니다.",https://www.fss.or.kr/fss/bbs/B0000172/view.do?nttId=49729&menuNo=200202&viewType=&searchCnd=22&searchWrd=&pageIndex=1,https://www.fss.or.kr/fss/bbs/B0000172/list.do?menuNo=200202&bbsId=&cl1Cd=&cl2Cd=&cl3Cd=&pageIndex=1&paramDeptname=&viewType=&selectDeptname=&searchCnd=22&searchWrd=,46
대차료 지급기준 참고(예시),"자동차보험 대차료 지급기준 개선
*
내용을 반영한 FAQ를 게시하오니 참고하시기 바랍니다.
* '22.9.29. 금융감독원 보도자료 ""현행 내연기관 중심의 자동차보험 대차료 지급기준을 친환경차 보급 확대 등 환경변화에 맞게 개선합니다
(
'22.10.11.부터 시행예정
)
""
참조",https://www.fss.or.kr/fss/bbs/B0000172/view.do?nttId=49737&menuNo=200202&viewType=&searchCnd=22&searchWrd=&pageIndex=1,https://www.fss.or.kr/fss/bbs/B0000172/list.do?menuNo=200202&bbsId=&cl1Cd=&cl2Cd=&cl3Cd=&pageIndex=1&paramDeptname=&viewType=&selectDeptname=&searchCnd=22&searchWrd=,47
소비자보호실태평가 결과는 어디서 확인할 수 있나요?,"소비자보호실태평가 결과는 금융감독원 홈페이지
(www.fss.or.kr
)
또는 개별 금융기관 및 협회 홈페이지
*
등을 통해 확인하실 수 있습니다.
※ 금융 권역별 협회 홈페이지 목록
은      행 : 전국은행연합회(www.kfb.or.kr)
생명보험 : 생명보험협회(www.klia.or.kr)
손해보험 : 손해보험협회(www.knia.or.kr)
카      드 : 여신금융협회(www.crefia.or.kr)
저축은행 : 저축은행중앙회(www.fsb.or.kr)
금융투자 : 금융투자협회(www.kofia.or.kr)",https://www.fss.or.kr/fss/bbs/B0000172/view.do?nttId=49736&menuNo=200202&viewType=&searchCnd=22&searchWrd=&pageIndex=1,https://www.fss.or.kr/fss/bbs/B0000172/list.do?menuNo=200202&bbsId=&cl1Cd=&cl2Cd=&cl3Cd=&pageIndex=1&paramDeptname=&viewType=&selectDeptname=&searchCnd=22&searchWrd=,47
소비자보호실태평가의 평가방법이 궁금합니다.,"「금융소비자보호 모범규준」에 명기된 소비자보호 사항의 이행여부 점검을 위해 계량 5개, 비계량 5개 등 총 10개 부문으로 구성하여 각 부문별로 평가하고 있습니다.
자세한 내용은 첨부파일을 참고해주시길 바랍니다.",https://www.fss.or.kr/fss/bbs/B0000172/view.do?nttId=49735&menuNo=200202&viewType=&searchCnd=22&searchWrd=&pageIndex=1,https://www.fss.or.kr/fss/bbs/B0000172/list.do?menuNo=200202&bbsId=&cl1Cd=&cl2Cd=&cl3Cd=&pageIndex=1&paramDeptname=&viewType=&selectDeptname=&searchCnd=22&searchWrd=,47
소비자보호실태평가는 어떤 제도인가요?,"금융감독원은 금융회사의 민원예방 노력 유도 등을 위해 2002년부터 「민원발생평가제도」를 운영
*
해왔습니다.
* 금감원이 처리한 민원건수를 기초로 금융회사를 1∼5등급으로 평가하고 대외에 공표(’14년은 81개사 평가)
그러나 민원건수 위주의 평가만으로는 금융회사의 소비자보호 수준을 평가하고, 금융회사의 자율적 개선노력을 유도하는데 한계가 있어 제도 개선의 필요성이 지속적으로 제기되어 왔습니다.
이에 따라 기존 민원발생평가제도를 대신하여 금융회사의 다양한 소비자보호 활동을 종합적으로 평가할 수 있는 「금융소비자보호 실태평가제도」를 도입·시행
('16.4월 시행)
하게 되었습니다.
소비자보호실태평가제도는
금융소비자에게는 거래 금융회사 선택에 필요한 유용한 정보를 제공하는 한편, 금융회사에게는 소비자보호 중심의 경영문화 확산을 유도하는데 중점을 두고 있습니다.",https://www.fss.or.kr/fss/bbs/B0000172/view.do?nttId=49734&menuNo=200202&viewType=&searchCnd=22&searchWrd=&pageIndex=1,https://www.fss.or.kr/fss/bbs/B0000172/list.do?menuNo=200202&bbsId=&cl1Cd=&cl2Cd=&cl3Cd=&pageIndex=1&paramDeptname=&viewType=&selectDeptname=&searchCnd=22&searchWrd=,47
금융감독원의 민원대상 금융회사가 궁금합니다.,"금융감독원은 은행, 금융투자업자, 보험회사, 여신전문금융회사, 상호저축은행 등 금융기관에 대한 민원을 처리하고 있습니다.
금융감독원의 민원대상 금융기관 조회방법은 다음과 같습니다.
1. 금융감독원 홈페이지 → e-금융민원센터 → 민원안내 → 금융민원신청 안내 → 유의사항
2.
http://www.fcsc.kr/D/fu_d_01_02.jsp
→  유의사항
참고로, 금융감독원의 민원대상 금융기관이 아닌 경우 타 부처 등으로 민원이 이송될 수 있음을 알려드립니다.",https://www.fss.or.kr/fss/bbs/B0000172/view.do?nttId=49733&menuNo=200202&viewType=&searchCnd=22&searchWrd=&pageIndex=1,https://www.fss.or.kr/fss/bbs/B0000172/list.do?menuNo=200202&bbsId=&cl1Cd=&cl2Cd=&cl3Cd=&pageIndex=1&paramDeptname=&viewType=&selectDeptname=&searchCnd=22&searchWrd=,47
내 금융계좌를 한번에 조회할 수 있는 사이트는 없나요?,"‘내 계좌 한눈에’ 서비스를 통하여 본인의 주요 금융계좌 정보를 한번에 조회할 수 있습니다!
금융소비자정보포털 ‘파인’(fine.fss.or.kr) 또는 ’내 계좌 한눈에‘ 홈페이지 (
www.accountinfo.or.kr)
를
통해 9시부터 22시까지 이용가능하며(연중무휴), 은행·상호금융
계좌, 보험 계약, 대부업체를 제외한 제도권 금융회사의 대출정보를 일괄조회 할 수 있습니다.",https://www.fss.or.kr/fss/bbs/B0000172/view.do?nttId=49732&menuNo=200202&viewType=&searchCnd=22&searchWrd=&pageIndex=1,https://www.fss.or.kr/fss/bbs/B0000172/list.do?menuNo=200202&bbsId=&cl1Cd=&cl2Cd=&cl3Cd=&pageIndex=1&paramDeptname=&viewType=&selectDeptname=&searchCnd=22&searchWrd=,47
어려운 금융용어 등을 쉽게 찾아볼 수 있는 사이트는 없나요?,"금융감독원은 금융소비자의 전문적인 금융용어에 대한 이해도를 제고하기 위해 관련 제도의 배경, 이슈 등을 종합적으로 반영해 작성한 ‘
금융용어사전
’을 오픈하였습니다.
‘금융용어사전’에는 핀테크 발달을 반영한 인터넷 전문은행, P2P(Peer to Peer) 대출, 로보어드바이저, 크라우드펀딩 등 전문 용어를 비롯한 533개 용어를 상세히 설명하고 있습니다.
금융감독원 홈페이지 및 ‘파인(FINE:fine.fss.or.kr)'의 금융용어사전’ 코너에서 찾아보실 수
있으며, 알고 싶은 용어명을 정확히 입력하지 않더라고 일부 단어만으로도 검색이 가능합니다.",https://www.fss.or.kr/fss/bbs/B0000172/view.do?nttId=49731&menuNo=200202&viewType=&searchCnd=22&searchWrd=&pageIndex=1,https://www.fss.or.kr/fss/bbs/B0000172/list.do?menuNo=200202&bbsId=&cl1Cd=&cl2Cd=&cl3Cd=&pageIndex=1&paramDeptname=&viewType=&selectDeptname=&searchCnd=22&searchWrd=,47
정기예금 및 적금 금리를 한눈에 비교해 볼 수 있는 곳은 없나요?,"금융감독원은 소비자의 금융상품 선택에 실질적인 도움이 될 수 있도록,
금융상품 통합 비교공시시스템 ‘금융상품한눈에’
를 오픈하였습니다.
예·적금, 대출 등 금융상품을 통합 비교공시하고 있으며,
실손보험, 자동차보험 등은 협회사이트(보험다모아)를 연결하여 제공하고 있습니다.
(다만 본 사이트의 금융상품 정보는 매월 20일 정기적으로 공시하고 있으며, 최신정보 제공을 위해 노력하고 있으나 금융상품의 금리 등 거래조건이 수시로 변경될 수 있으므로 거래전 반드시 해당 금융회사에 문의 후 구입을 결정하시기 바랍니다.)
* 홈페이지 주소 :
http://finlife.fss.or.kr",https://www.fss.or.kr/fss/bbs/B0000172/view.do?nttId=49730&menuNo=200202&viewType=&searchCnd=22&searchWrd=&pageIndex=1,https://www.fss.or.kr/fss/bbs/B0000172/list.do?menuNo=200202&bbsId=&cl1Cd=&cl2Cd=&cl3Cd=&pageIndex=1&paramDeptname=&viewType=&selectDeptname=&searchCnd=22&searchWrd=,47
「보이는 ARS」는 어떻게 이용할 수 있나요?,"금융감독원은
금감원 콜센터(☎1332)의 음성
ARS
안내
내용
을
스
마트폰
화면
을
통해
한 번에 확
인
할
수 있는
｢
보이는 1332｣ 서
비스
를
시
행중에 있습니다. 동 서비스 이용방법은 첨부파일을 참고하여 주시기 바랍니다.",https://www.fss.or.kr/fss/bbs/B0000172/view.do?nttId=49729&menuNo=200202&viewType=&searchCnd=22&searchWrd=&pageIndex=1,https://www.fss.or.kr/fss/bbs/B0000172/list.do?menuNo=200202&bbsId=&cl1Cd=&cl2Cd=&cl3Cd=&pageIndex=1&paramDeptname=&viewType=&selectDeptname=&searchCnd=22&searchWrd=,47
대차료 지급기준 참고(예시),"자동차보험 대차료 지급기준 개선
*
내용을 반영한 FAQ를 게시하오니 참고하시기 바랍니다.
* '22.9.29. 금융감독원 보도자료 ""현행 내연기관 중심의 자동차보험 대차료 지급기준을 친환경차 보급 확대 등 환경변화에 맞게 개선합니다
(
'22.10.11.부터 시행예정
)
""
참조",https://www.fss.or.kr/fss/bbs/B0000172/view.do?nttId=49737&menuNo=200202&viewType=&searchCnd=22&searchWrd=&pageIndex=1,https://www.fss.or.kr/fss/bbs/B0000172/list.do?menuNo=200202&bbsId=&cl1Cd=&cl2Cd=&cl3Cd=&pageIndex=1&paramDeptname=&viewType=&selectDeptname=&searchCnd=22&searchWrd=,48
소비자보호실태평가 결과는 어디서 확인할 수 있나요?,"소비자보호실태평가 결과는 금융감독원 홈페이지
(www.fss.or.kr
)
또는 개별 금융기관 및 협회 홈페이지
*
등을 통해 확인하실 수 있습니다.
※ 금융 권역별 협회 홈페이지 목록
은      행 : 전국은행연합회(www.kfb.or.kr)
생명보험 : 생명보험협회(www.klia.or.kr)
손해보험 : 손해보험협회(www.knia.or.kr)
카      드 : 여신금융협회(www.crefia.or.kr)
저축은행 : 저축은행중앙회(www.fsb.or.kr)
금융투자 : 금융투자협회(www.kofia.or.kr)",https://www.fss.or.kr/fss/bbs/B0000172/view.do?nttId=49736&menuNo=200202&viewType=&searchCnd=22&searchWrd=&pageIndex=1,https://www.fss.or.kr/fss/bbs/B0000172/list.do?menuNo=200202&bbsId=&cl1Cd=&cl2Cd=&cl3Cd=&pageIndex=1&paramDeptname=&viewType=&selectDeptname=&searchCnd=22&searchWrd=,48
소비자보호실태평가의 평가방법이 궁금합니다.,"「금융소비자보호 모범규준」에 명기된 소비자보호 사항의 이행여부 점검을 위해 계량 5개, 비계량 5개 등 총 10개 부문으로 구성하여 각 부문별로 평가하고 있습니다.
자세한 내용은 첨부파일을 참고해주시길 바랍니다.",https://www.fss.or.kr/fss/bbs/B0000172/view.do?nttId=49735&menuNo=200202&viewType=&searchCnd=22&searchWrd=&pageIndex=1,https://www.fss.or.kr/fss/bbs/B0000172/list.do?menuNo=200202&bbsId=&cl1Cd=&cl2Cd=&cl3Cd=&pageIndex=1&paramDeptname=&viewType=&selectDeptname=&searchCnd=22&searchWrd=,48
소비자보호실태평가는 어떤 제도인가요?,"금융감독원은 금융회사의 민원예방 노력 유도 등을 위해 2002년부터 「민원발생평가제도」를 운영
*
해왔습니다.
* 금감원이 처리한 민원건수를 기초로 금융회사를 1∼5등급으로 평가하고 대외에 공표(’14년은 81개사 평가)
그러나 민원건수 위주의 평가만으로는 금융회사의 소비자보호 수준을 평가하고, 금융회사의 자율적 개선노력을 유도하는데 한계가 있어 제도 개선의 필요성이 지속적으로 제기되어 왔습니다.
이에 따라 기존 민원발생평가제도를 대신하여 금융회사의 다양한 소비자보호 활동을 종합적으로 평가할 수 있는 「금융소비자보호 실태평가제도」를 도입·시행
('16.4월 시행)
하게 되었습니다.
소비자보호실태평가제도는
금융소비자에게는 거래 금융회사 선택에 필요한 유용한 정보를 제공하는 한편, 금융회사에게는 소비자보호 중심의 경영문화 확산을 유도하는데 중점을 두고 있습니다.",https://www.fss.or.kr/fss/bbs/B0000172/view.do?nttId=49734&menuNo=200202&viewType=&searchCnd=22&searchWrd=&pageIndex=1,https://www.fss.or.kr/fss/bbs/B0000172/list.do?menuNo=200202&bbsId=&cl1Cd=&cl2Cd=&cl3Cd=&pageIndex=1&paramDeptname=&viewType=&selectDeptname=&searchCnd=22&searchWrd=,48
금융감독원의 민원대상 금융회사가 궁금합니다.,"금융감독원은 은행, 금융투자업자, 보험회사, 여신전문금융회사, 상호저축은행 등 금융기관에 대한 민원을 처리하고 있습니다.
금융감독원의 민원대상 금융기관 조회방법은 다음과 같습니다.
1. 금융감독원 홈페이지 → e-금융민원센터 → 민원안내 → 금융민원신청 안내 → 유의사항
2.
http://www.fcsc.kr/D/fu_d_01_02.jsp
→  유의사항
참고로, 금융감독원의 민원대상 금융기관이 아닌 경우 타 부처 등으로 민원이 이송될 수 있음을 알려드립니다.",https://www.fss.or.kr/fss/bbs/B0000172/view.do?nttId=49733&menuNo=200202&viewType=&searchCnd=22&searchWrd=&pageIndex=1,https://www.fss.or.kr/fss/bbs/B0000172/list.do?menuNo=200202&bbsId=&cl1Cd=&cl2Cd=&cl3Cd=&pageIndex=1&paramDeptname=&viewType=&selectDeptname=&searchCnd=22&searchWrd=,48
내 금융계좌를 한번에 조회할 수 있는 사이트는 없나요?,"‘내 계좌 한눈에’ 서비스를 통하여 본인의 주요 금융계좌 정보를 한번에 조회할 수 있습니다!
금융소비자정보포털 ‘파인’(fine.fss.or.kr) 또는 ’내 계좌 한눈에‘ 홈페이지 (
www.accountinfo.or.kr)
를
통해 9시부터 22시까지 이용가능하며(연중무휴), 은행·상호금융
계좌, 보험 계약, 대부업체를 제외한 제도권 금융회사의 대출정보를 일괄조회 할 수 있습니다.",https://www.fss.or.kr/fss/bbs/B0000172/view.do?nttId=49732&menuNo=200202&viewType=&searchCnd=22&searchWrd=&pageIndex=1,https://www.fss.or.kr/fss/bbs/B0000172/list.do?menuNo=200202&bbsId=&cl1Cd=&cl2Cd=&cl3Cd=&pageIndex=1&paramDeptname=&viewType=&selectDeptname=&searchCnd=22&searchWrd=,48
어려운 금융용어 등을 쉽게 찾아볼 수 있는 사이트는 없나요?,"금융감독원은 금융소비자의 전문적인 금융용어에 대한 이해도를 제고하기 위해 관련 제도의 배경, 이슈 등을 종합적으로 반영해 작성한 ‘
금융용어사전
’을 오픈하였습니다.
‘금융용어사전’에는 핀테크 발달을 반영한 인터넷 전문은행, P2P(Peer to Peer) 대출, 로보어드바이저, 크라우드펀딩 등 전문 용어를 비롯한 533개 용어를 상세히 설명하고 있습니다.
금융감독원 홈페이지 및 ‘파인(FINE:fine.fss.or.kr)'의 금융용어사전’ 코너에서 찾아보실 수
있으며, 알고 싶은 용어명을 정확히 입력하지 않더라고 일부 단어만으로도 검색이 가능합니다.",https://www.fss.or.kr/fss/bbs/B0000172/view.do?nttId=49731&menuNo=200202&viewType=&searchCnd=22&searchWrd=&pageIndex=1,https://www.fss.or.kr/fss/bbs/B0000172/list.do?menuNo=200202&bbsId=&cl1Cd=&cl2Cd=&cl3Cd=&pageIndex=1&paramDeptname=&viewType=&selectDeptname=&searchCnd=22&searchWrd=,48
정기예금 및 적금 금리를 한눈에 비교해 볼 수 있는 곳은 없나요?,"금융감독원은 소비자의 금융상품 선택에 실질적인 도움이 될 수 있도록,
금융상품 통합 비교공시시스템 ‘금융상품한눈에’
를 오픈하였습니다.
예·적금, 대출 등 금융상품을 통합 비교공시하고 있으며,
실손보험, 자동차보험 등은 협회사이트(보험다모아)를 연결하여 제공하고 있습니다.
(다만 본 사이트의 금융상품 정보는 매월 20일 정기적으로 공시하고 있으며, 최신정보 제공을 위해 노력하고 있으나 금융상품의 금리 등 거래조건이 수시로 변경될 수 있으므로 거래전 반드시 해당 금융회사에 문의 후 구입을 결정하시기 바랍니다.)
* 홈페이지 주소 :
http://finlife.fss.or.kr",https://www.fss.or.kr/fss/bbs/B0000172/view.do?nttId=49730&menuNo=200202&viewType=&searchCnd=22&searchWrd=&pageIndex=1,https://www.fss.or.kr/fss/bbs/B0000172/list.do?menuNo=200202&bbsId=&cl1Cd=&cl2Cd=&cl3Cd=&pageIndex=1&paramDeptname=&viewType=&selectDeptname=&searchCnd=22&searchWrd=,48
「보이는 ARS」는 어떻게 이용할 수 있나요?,"금융감독원은
금감원 콜센터(☎1332)의 음성
ARS
안내
내용
을
스
마트폰
화면
을
통해
한 번에 확
인
할
수 있는
｢
보이는 1332｣ 서
비스
를
시
행중에 있습니다. 동 서비스 이용방법은 첨부파일을 참고하여 주시기 바랍니다.",https://www.fss.or.kr/fss/bbs/B0000172/view.do?nttId=49729&menuNo=200202&viewType=&searchCnd=22&searchWrd=&pageIndex=1,https://www.fss.or.kr/fss/bbs/B0000172/list.do?menuNo=200202&bbsId=&cl1Cd=&cl2Cd=&cl3Cd=&pageIndex=1&paramDeptname=&viewType=&selectDeptname=&searchCnd=22&searchWrd=,48
대차료 지급기준 참고(예시),"자동차보험 대차료 지급기준 개선
*
내용을 반영한 FAQ를 게시하오니 참고하시기 바랍니다.
* '22.9.29. 금융감독원 보도자료 ""현행 내연기관 중심의 자동차보험 대차료 지급기준을 친환경차 보급 확대 등 환경변화에 맞게 개선합니다
(
'22.10.11.부터 시행예정
)
""
참조",https://www.fss.or.kr/fss/bbs/B0000172/view.do?nttId=49737&menuNo=200202&viewType=&searchCnd=22&searchWrd=&pageIndex=1,https://www.fss.or.kr/fss/bbs/B0000172/list.do?menuNo=200202&bbsId=&cl1Cd=&cl2Cd=&cl3Cd=&pageIndex=1&paramDeptname=&viewType=&selectDeptname=&searchCnd=22&searchWrd=,49
소비자보호실태평가 결과는 어디서 확인할 수 있나요?,"소비자보호실태평가 결과는 금융감독원 홈페이지
(www.fss.or.kr
)
또는 개별 금융기관 및 협회 홈페이지
*
등을 통해 확인하실 수 있습니다.
※ 금융 권역별 협회 홈페이지 목록
은      행 : 전국은행연합회(www.kfb.or.kr)
생명보험 : 생명보험협회(www.klia.or.kr)
손해보험 : 손해보험협회(www.knia.or.kr)
카      드 : 여신금융협회(www.crefia.or.kr)
저축은행 : 저축은행중앙회(www.fsb.or.kr)
금융투자 : 금융투자협회(www.kofia.or.kr)",https://www.fss.or.kr/fss/bbs/B0000172/view.do?nttId=49736&menuNo=200202&viewType=&searchCnd=22&searchWrd=&pageIndex=1,https://www.fss.or.kr/fss/bbs/B0000172/list.do?menuNo=200202&bbsId=&cl1Cd=&cl2Cd=&cl3Cd=&pageIndex=1&paramDeptname=&viewType=&selectDeptname=&searchCnd=22&searchWrd=,49
소비자보호실태평가의 평가방법이 궁금합니다.,"「금융소비자보호 모범규준」에 명기된 소비자보호 사항의 이행여부 점검을 위해 계량 5개, 비계량 5개 등 총 10개 부문으로 구성하여 각 부문별로 평가하고 있습니다.
자세한 내용은 첨부파일을 참고해주시길 바랍니다.",https://www.fss.or.kr/fss/bbs/B0000172/view.do?nttId=49735&menuNo=200202&viewType=&searchCnd=22&searchWrd=&pageIndex=1,https://www.fss.or.kr/fss/bbs/B0000172/list.do?menuNo=200202&bbsId=&cl1Cd=&cl2Cd=&cl3Cd=&pageIndex=1&paramDeptname=&viewType=&selectDeptname=&searchCnd=22&searchWrd=,49
소비자보호실태평가는 어떤 제도인가요?,"금융감독원은 금융회사의 민원예방 노력 유도 등을 위해 2002년부터 「민원발생평가제도」를 운영
*
해왔습니다.
* 금감원이 처리한 민원건수를 기초로 금융회사를 1∼5등급으로 평가하고 대외에 공표(’14년은 81개사 평가)
그러나 민원건수 위주의 평가만으로는 금융회사의 소비자보호 수준을 평가하고, 금융회사의 자율적 개선노력을 유도하는데 한계가 있어 제도 개선의 필요성이 지속적으로 제기되어 왔습니다.
이에 따라 기존 민원발생평가제도를 대신하여 금융회사의 다양한 소비자보호 활동을 종합적으로 평가할 수 있는 「금융소비자보호 실태평가제도」를 도입·시행
('16.4월 시행)
하게 되었습니다.
소비자보호실태평가제도는
금융소비자에게는 거래 금융회사 선택에 필요한 유용한 정보를 제공하는 한편, 금융회사에게는 소비자보호 중심의 경영문화 확산을 유도하는데 중점을 두고 있습니다.",https://www.fss.or.kr/fss/bbs/B0000172/view.do?nttId=49734&menuNo=200202&viewType=&searchCnd=22&searchWrd=&pageIndex=1,https://www.fss.or.kr/fss/bbs/B0000172/list.do?menuNo=200202&bbsId=&cl1Cd=&cl2Cd=&cl3Cd=&pageIndex=1&paramDeptname=&viewType=&selectDeptname=&searchCnd=22&searchWrd=,49
금융감독원의 민원대상 금융회사가 궁금합니다.,"금융감독원은 은행, 금융투자업자, 보험회사, 여신전문금융회사, 상호저축은행 등 금융기관에 대한 민원을 처리하고 있습니다.
금융감독원의 민원대상 금융기관 조회방법은 다음과 같습니다.
1. 금융감독원 홈페이지 → e-금융민원센터 → 민원안내 → 금융민원신청 안내 → 유의사항
2.
http://www.fcsc.kr/D/fu_d_01_02.jsp
→  유의사항
참고로, 금융감독원의 민원대상 금융기관이 아닌 경우 타 부처 등으로 민원이 이송될 수 있음을 알려드립니다.",https://www.fss.or.kr/fss/bbs/B0000172/view.do?nttId=49733&menuNo=200202&viewType=&searchCnd=22&searchWrd=&pageIndex=1,https://www.fss.or.kr/fss/bbs/B0000172/list.do?menuNo=200202&bbsId=&cl1Cd=&cl2Cd=&cl3Cd=&pageIndex=1&paramDeptname=&viewType=&selectDeptname=&searchCnd=22&searchWrd=,49
내 금융계좌를 한번에 조회할 수 있는 사이트는 없나요?,"‘내 계좌 한눈에’ 서비스를 통하여 본인의 주요 금융계좌 정보를 한번에 조회할 수 있습니다!
금융소비자정보포털 ‘파인’(fine.fss.or.kr) 또는 ’내 계좌 한눈에‘ 홈페이지 (
www.accountinfo.or.kr)
를
통해 9시부터 22시까지 이용가능하며(연중무휴), 은행·상호금융
계좌, 보험 계약, 대부업체를 제외한 제도권 금융회사의 대출정보를 일괄조회 할 수 있습니다.",https://www.fss.or.kr/fss/bbs/B0000172/view.do?nttId=49732&menuNo=200202&viewType=&searchCnd=22&searchWrd=&pageIndex=1,https://www.fss.or.kr/fss/bbs/B0000172/list.do?menuNo=200202&bbsId=&cl1Cd=&cl2Cd=&cl3Cd=&pageIndex=1&paramDeptname=&viewType=&selectDeptname=&searchCnd=22&searchWrd=,49
어려운 금융용어 등을 쉽게 찾아볼 수 있는 사이트는 없나요?,"금융감독원은 금융소비자의 전문적인 금융용어에 대한 이해도를 제고하기 위해 관련 제도의 배경, 이슈 등을 종합적으로 반영해 작성한 ‘
금융용어사전
’을 오픈하였습니다.
‘금융용어사전’에는 핀테크 발달을 반영한 인터넷 전문은행, P2P(Peer to Peer) 대출, 로보어드바이저, 크라우드펀딩 등 전문 용어를 비롯한 533개 용어를 상세히 설명하고 있습니다.
금융감독원 홈페이지 및 ‘파인(FINE:fine.fss.or.kr)'의 금융용어사전’ 코너에서 찾아보실 수
있으며, 알고 싶은 용어명을 정확히 입력하지 않더라고 일부 단어만으로도 검색이 가능합니다.",https://www.fss.or.kr/fss/bbs/B0000172/view.do?nttId=49731&menuNo=200202&viewType=&searchCnd=22&searchWrd=&pageIndex=1,https://www.fss.or.kr/fss/bbs/B0000172/list.do?menuNo=200202&bbsId=&cl1Cd=&cl2Cd=&cl3Cd=&pageIndex=1&paramDeptname=&viewType=&selectDeptname=&searchCnd=22&searchWrd=,49
정기예금 및 적금 금리를 한눈에 비교해 볼 수 있는 곳은 없나요?,"금융감독원은 소비자의 금융상품 선택에 실질적인 도움이 될 수 있도록,
금융상품 통합 비교공시시스템 ‘금융상품한눈에’
를 오픈하였습니다.
예·적금, 대출 등 금융상품을 통합 비교공시하고 있으며,
실손보험, 자동차보험 등은 협회사이트(보험다모아)를 연결하여 제공하고 있습니다.
(다만 본 사이트의 금융상품 정보는 매월 20일 정기적으로 공시하고 있으며, 최신정보 제공을 위해 노력하고 있으나 금융상품의 금리 등 거래조건이 수시로 변경될 수 있으므로 거래전 반드시 해당 금융회사에 문의 후 구입을 결정하시기 바랍니다.)
* 홈페이지 주소 :
http://finlife.fss.or.kr",https://www.fss.or.kr/fss/bbs/B0000172/view.do?nttId=49730&menuNo=200202&viewType=&searchCnd=22&searchWrd=&pageIndex=1,https://www.fss.or.kr/fss/bbs/B0000172/list.do?menuNo=200202&bbsId=&cl1Cd=&cl2Cd=&cl3Cd=&pageIndex=1&paramDeptname=&viewType=&selectDeptname=&searchCnd=22&searchWrd=,49
「보이는 ARS」는 어떻게 이용할 수 있나요?,"금융감독원은
금감원 콜센터(☎1332)의 음성
ARS
안내
내용
을
스
마트폰
화면
을
통해
한 번에 확
인
할
수 있는
｢
보이는 1332｣ 서
비스
를
시
행중에 있습니다. 동 서비스 이용방법은 첨부파일을 참고하여 주시기 바랍니다.",https://www.fss.or.kr/fss/bbs/B0000172/view.do?nttId=49729&menuNo=200202&viewType=&searchCnd=22&searchWrd=&pageIndex=1,https://www.fss.or.kr/fss/bbs/B0000172/list.do?menuNo=200202&bbsId=&cl1Cd=&cl2Cd=&cl3Cd=&pageIndex=1&paramDeptname=&viewType=&selectDeptname=&searchCnd=22&searchWrd=,49
대차료 지급기준 참고(예시),"자동차보험 대차료 지급기준 개선
*
내용을 반영한 FAQ를 게시하오니 참고하시기 바랍니다.
* '22.9.29. 금융감독원 보도자료 ""현행 내연기관 중심의 자동차보험 대차료 지급기준을 친환경차 보급 확대 등 환경변화에 맞게 개선합니다
(
'22.10.11.부터 시행예정
)
""
참조",https://www.fss.or.kr/fss/bbs/B0000172/view.do?nttId=49737&menuNo=200202&viewType=&searchCnd=22&searchWrd=&pageIndex=1,https://www.fss.or.kr/fss/bbs/B0000172/list.do?menuNo=200202&bbsId=&cl1Cd=&cl2Cd=&cl3Cd=&pageIndex=1&paramDeptname=&viewType=&selectDeptname=&searchCnd=22&searchWrd=,50
소비자보호실태평가 결과는 어디서 확인할 수 있나요?,"소비자보호실태평가 결과는 금융감독원 홈페이지
(www.fss.or.kr
)
또는 개별 금융기관 및 협회 홈페이지
*
등을 통해 확인하실 수 있습니다.
※ 금융 권역별 협회 홈페이지 목록
은      행 : 전국은행연합회(www.kfb.or.kr)
생명보험 : 생명보험협회(www.klia.or.kr)
손해보험 : 손해보험협회(www.knia.or.kr)
카      드 : 여신금융협회(www.crefia.or.kr)
저축은행 : 저축은행중앙회(www.fsb.or.kr)
금융투자 : 금융투자협회(www.kofia.or.kr)",https://www.fss.or.kr/fss/bbs/B0000172/view.do?nttId=49736&menuNo=200202&viewType=&searchCnd=22&searchWrd=&pageIndex=1,https://www.fss.or.kr/fss/bbs/B0000172/list.do?menuNo=200202&bbsId=&cl1Cd=&cl2Cd=&cl3Cd=&pageIndex=1&paramDeptname=&viewType=&selectDeptname=&searchCnd=22&searchWrd=,50
소비자보호실태평가의 평가방법이 궁금합니다.,"「금융소비자보호 모범규준」에 명기된 소비자보호 사항의 이행여부 점검을 위해 계량 5개, 비계량 5개 등 총 10개 부문으로 구성하여 각 부문별로 평가하고 있습니다.
자세한 내용은 첨부파일을 참고해주시길 바랍니다.",https://www.fss.or.kr/fss/bbs/B0000172/view.do?nttId=49735&menuNo=200202&viewType=&searchCnd=22&searchWrd=&pageIndex=1,https://www.fss.or.kr/fss/bbs/B0000172/list.do?menuNo=200202&bbsId=&cl1Cd=&cl2Cd=&cl3Cd=&pageIndex=1&paramDeptname=&viewType=&selectDeptname=&searchCnd=22&searchWrd=,50
소비자보호실태평가는 어떤 제도인가요?,"금융감독원은 금융회사의 민원예방 노력 유도 등을 위해 2002년부터 「민원발생평가제도」를 운영
*
해왔습니다.
* 금감원이 처리한 민원건수를 기초로 금융회사를 1∼5등급으로 평가하고 대외에 공표(’14년은 81개사 평가)
그러나 민원건수 위주의 평가만으로는 금융회사의 소비자보호 수준을 평가하고, 금융회사의 자율적 개선노력을 유도하는데 한계가 있어 제도 개선의 필요성이 지속적으로 제기되어 왔습니다.
이에 따라 기존 민원발생평가제도를 대신하여 금융회사의 다양한 소비자보호 활동을 종합적으로 평가할 수 있는 「금융소비자보호 실태평가제도」를 도입·시행
('16.4월 시행)
하게 되었습니다.
소비자보호실태평가제도는
금융소비자에게는 거래 금융회사 선택에 필요한 유용한 정보를 제공하는 한편, 금융회사에게는 소비자보호 중심의 경영문화 확산을 유도하는데 중점을 두고 있습니다.",https://www.fss.or.kr/fss/bbs/B0000172/view.do?nttId=49734&menuNo=200202&viewType=&searchCnd=22&searchWrd=&pageIndex=1,https://www.fss.or.kr/fss/bbs/B0000172/list.do?menuNo=200202&bbsId=&cl1Cd=&cl2Cd=&cl3Cd=&pageIndex=1&paramDeptname=&viewType=&selectDeptname=&searchCnd=22&searchWrd=,50
금융감독원의 민원대상 금융회사가 궁금합니다.,"금융감독원은 은행, 금융투자업자, 보험회사, 여신전문금융회사, 상호저축은행 등 금융기관에 대한 민원을 처리하고 있습니다.
금융감독원의 민원대상 금융기관 조회방법은 다음과 같습니다.
1. 금융감독원 홈페이지 → e-금융민원센터 → 민원안내 → 금융민원신청 안내 → 유의사항
2.
http://www.fcsc.kr/D/fu_d_01_02.jsp
→  유의사항
참고로, 금융감독원의 민원대상 금융기관이 아닌 경우 타 부처 등으로 민원이 이송될 수 있음을 알려드립니다.",https://www.fss.or.kr/fss/bbs/B0000172/view.do?nttId=49733&menuNo=200202&viewType=&searchCnd=22&searchWrd=&pageIndex=1,https://www.fss.or.kr/fss/bbs/B0000172/list.do?menuNo=200202&bbsId=&cl1Cd=&cl2Cd=&cl3Cd=&pageIndex=1&paramDeptname=&viewType=&selectDeptname=&searchCnd=22&searchWrd=,50
내 금융계좌를 한번에 조회할 수 있는 사이트는 없나요?,"‘내 계좌 한눈에’ 서비스를 통하여 본인의 주요 금융계좌 정보를 한번에 조회할 수 있습니다!
금융소비자정보포털 ‘파인’(fine.fss.or.kr) 또는 ’내 계좌 한눈에‘ 홈페이지 (
www.accountinfo.or.kr)
를
통해 9시부터 22시까지 이용가능하며(연중무휴), 은행·상호금융
계좌, 보험 계약, 대부업체를 제외한 제도권 금융회사의 대출정보를 일괄조회 할 수 있습니다.",https://www.fss.or.kr/fss/bbs/B0000172/view.do?nttId=49732&menuNo=200202&viewType=&searchCnd=22&searchWrd=&pageIndex=1,https://www.fss.or.kr/fss/bbs/B0000172/list.do?menuNo=200202&bbsId=&cl1Cd=&cl2Cd=&cl3Cd=&pageIndex=1&paramDeptname=&viewType=&selectDeptname=&searchCnd=22&searchWrd=,50
어려운 금융용어 등을 쉽게 찾아볼 수 있는 사이트는 없나요?,"금융감독원은 금융소비자의 전문적인 금융용어에 대한 이해도를 제고하기 위해 관련 제도의 배경, 이슈 등을 종합적으로 반영해 작성한 ‘
금융용어사전
’을 오픈하였습니다.
‘금융용어사전’에는 핀테크 발달을 반영한 인터넷 전문은행, P2P(Peer to Peer) 대출, 로보어드바이저, 크라우드펀딩 등 전문 용어를 비롯한 533개 용어를 상세히 설명하고 있습니다.
금융감독원 홈페이지 및 ‘파인(FINE:fine.fss.or.kr)'의 금융용어사전’ 코너에서 찾아보실 수
있으며, 알고 싶은 용어명을 정확히 입력하지 않더라고 일부 단어만으로도 검색이 가능합니다.",https://www.fss.or.kr/fss/bbs/B0000172/view.do?nttId=49731&menuNo=200202&viewType=&searchCnd=22&searchWrd=&pageIndex=1,https://www.fss.or.kr/fss/bbs/B0000172/list.do?menuNo=200202&bbsId=&cl1Cd=&cl2Cd=&cl3Cd=&pageIndex=1&paramDeptname=&viewType=&selectDeptname=&searchCnd=22&searchWrd=,50
정기예금 및 적금 금리를 한눈에 비교해 볼 수 있는 곳은 없나요?,"금융감독원은 소비자의 금융상품 선택에 실질적인 도움이 될 수 있도록,
금융상품 통합 비교공시시스템 ‘금융상품한눈에’
를 오픈하였습니다.
예·적금, 대출 등 금융상품을 통합 비교공시하고 있으며,
실손보험, 자동차보험 등은 협회사이트(보험다모아)를 연결하여 제공하고 있습니다.
(다만 본 사이트의 금융상품 정보는 매월 20일 정기적으로 공시하고 있으며, 최신정보 제공을 위해 노력하고 있으나 금융상품의 금리 등 거래조건이 수시로 변경될 수 있으므로 거래전 반드시 해당 금융회사에 문의 후 구입을 결정하시기 바랍니다.)
* 홈페이지 주소 :
http://finlife.fss.or.kr",https://www.fss.or.kr/fss/bbs/B0000172/view.do?nttId=49730&menuNo=200202&viewType=&searchCnd=22&searchWrd=&pageIndex=1,https://www.fss.or.kr/fss/bbs/B0000172/list.do?menuNo=200202&bbsId=&cl1Cd=&cl2Cd=&cl3Cd=&pageIndex=1&paramDeptname=&viewType=&selectDeptname=&searchCnd=22&searchWrd=,50
「보이는 ARS」는 어떻게 이용할 수 있나요?,"금융감독원은
금감원 콜센터(☎1332)의 음성
ARS
안내
내용
을
스
마트폰
화면
을
통해
한 번에 확
인
할
수 있는
｢
보이는 1332｣ 서
비스
를
시
행중에 있습니다. 동 서비스 이용방법은 첨부파일을 참고하여 주시기 바랍니다.",https://www.fss.or.kr/fss/bbs/B0000172/view.do?nttId=49729&menuNo=200202&viewType=&searchCnd=22&searchWrd=&pageIndex=1,https://www.fss.or.kr/fss/bbs/B0000172/list.do?menuNo=200202&bbsId=&cl1Cd=&cl2Cd=&cl3Cd=&pageIndex=1&paramDeptname=&viewType=&selectDeptname=&searchCnd=22&searchWrd=,50
대차료 지급기준 참고(예시),"자동차보험 대차료 지급기준 개선
*
내용을 반영한 FAQ를 게시하오니 참고하시기 바랍니다.
* '22.9.29. 금융감독원 보도자료 ""현행 내연기관 중심의 자동차보험 대차료 지급기준을 친환경차 보급 확대 등 환경변화에 맞게 개선합니다
(
'22.10.11.부터 시행예정
)
""
참조",https://www.fss.or.kr/fss/bbs/B0000172/view.do?nttId=49737&menuNo=200202&viewType=&searchCnd=22&searchWrd=&pageIndex=1,https://www.fss.or.kr/fss/bbs/B0000172/list.do?menuNo=200202&bbsId=&cl1Cd=&cl2Cd=&cl3Cd=&pageIndex=1&paramDeptname=&viewType=&selectDeptname=&searchCnd=22&searchWrd=,51
소비자보호실태평가 결과는 어디서 확인할 수 있나요?,"소비자보호실태평가 결과는 금융감독원 홈페이지
(www.fss.or.kr
)
또는 개별 금융기관 및 협회 홈페이지
*
등을 통해 확인하실 수 있습니다.
※ 금융 권역별 협회 홈페이지 목록
은      행 : 전국은행연합회(www.kfb.or.kr)
생명보험 : 생명보험협회(www.klia.or.kr)
손해보험 : 손해보험협회(www.knia.or.kr)
카      드 : 여신금융협회(www.crefia.or.kr)
저축은행 : 저축은행중앙회(www.fsb.or.kr)
금융투자 : 금융투자협회(www.kofia.or.kr)",https://www.fss.or.kr/fss/bbs/B0000172/view.do?nttId=49736&menuNo=200202&viewType=&searchCnd=22&searchWrd=&pageIndex=1,https://www.fss.or.kr/fss/bbs/B0000172/list.do?menuNo=200202&bbsId=&cl1Cd=&cl2Cd=&cl3Cd=&pageIndex=1&paramDeptname=&viewType=&selectDeptname=&searchCnd=22&searchWrd=,51
소비자보호실태평가의 평가방법이 궁금합니다.,"「금융소비자보호 모범규준」에 명기된 소비자보호 사항의 이행여부 점검을 위해 계량 5개, 비계량 5개 등 총 10개 부문으로 구성하여 각 부문별로 평가하고 있습니다.
자세한 내용은 첨부파일을 참고해주시길 바랍니다.",https://www.fss.or.kr/fss/bbs/B0000172/view.do?nttId=49735&menuNo=200202&viewType=&searchCnd=22&searchWrd=&pageIndex=1,https://www.fss.or.kr/fss/bbs/B0000172/list.do?menuNo=200202&bbsId=&cl1Cd=&cl2Cd=&cl3Cd=&pageIndex=1&paramDeptname=&viewType=&selectDeptname=&searchCnd=22&searchWrd=,51
소비자보호실태평가는 어떤 제도인가요?,"금융감독원은 금융회사의 민원예방 노력 유도 등을 위해 2002년부터 「민원발생평가제도」를 운영
*
해왔습니다.
* 금감원이 처리한 민원건수를 기초로 금융회사를 1∼5등급으로 평가하고 대외에 공표(’14년은 81개사 평가)
그러나 민원건수 위주의 평가만으로는 금융회사의 소비자보호 수준을 평가하고, 금융회사의 자율적 개선노력을 유도하는데 한계가 있어 제도 개선의 필요성이 지속적으로 제기되어 왔습니다.
이에 따라 기존 민원발생평가제도를 대신하여 금융회사의 다양한 소비자보호 활동을 종합적으로 평가할 수 있는 「금융소비자보호 실태평가제도」를 도입·시행
('16.4월 시행)
하게 되었습니다.
소비자보호실태평가제도는
금융소비자에게는 거래 금융회사 선택에 필요한 유용한 정보를 제공하는 한편, 금융회사에게는 소비자보호 중심의 경영문화 확산을 유도하는데 중점을 두고 있습니다.",https://www.fss.or.kr/fss/bbs/B0000172/view.do?nttId=49734&menuNo=200202&viewType=&searchCnd=22&searchWrd=&pageIndex=1,https://www.fss.or.kr/fss/bbs/B0000172/list.do?menuNo=200202&bbsId=&cl1Cd=&cl2Cd=&cl3Cd=&pageIndex=1&paramDeptname=&viewType=&selectDeptname=&searchCnd=22&searchWrd=,51
금융감독원의 민원대상 금융회사가 궁금합니다.,"금융감독원은 은행, 금융투자업자, 보험회사, 여신전문금융회사, 상호저축은행 등 금융기관에 대한 민원을 처리하고 있습니다.
금융감독원의 민원대상 금융기관 조회방법은 다음과 같습니다.
1. 금융감독원 홈페이지 → e-금융민원센터 → 민원안내 → 금융민원신청 안내 → 유의사항
2.
http://www.fcsc.kr/D/fu_d_01_02.jsp
→  유의사항
참고로, 금융감독원의 민원대상 금융기관이 아닌 경우 타 부처 등으로 민원이 이송될 수 있음을 알려드립니다.",https://www.fss.or.kr/fss/bbs/B0000172/view.do?nttId=49733&menuNo=200202&viewType=&searchCnd=22&searchWrd=&pageIndex=1,https://www.fss.or.kr/fss/bbs/B0000172/list.do?menuNo=200202&bbsId=&cl1Cd=&cl2Cd=&cl3Cd=&pageIndex=1&paramDeptname=&viewType=&selectDeptname=&searchCnd=22&searchWrd=,51
내 금융계좌를 한번에 조회할 수 있는 사이트는 없나요?,"‘내 계좌 한눈에’ 서비스를 통하여 본인의 주요 금융계좌 정보를 한번에 조회할 수 있습니다!
금융소비자정보포털 ‘파인’(fine.fss.or.kr) 또는 ’내 계좌 한눈에‘ 홈페이지 (
www.accountinfo.or.kr)
를
통해 9시부터 22시까지 이용가능하며(연중무휴), 은행·상호금융
계좌, 보험 계약, 대부업체를 제외한 제도권 금융회사의 대출정보를 일괄조회 할 수 있습니다.",https://www.fss.or.kr/fss/bbs/B0000172/view.do?nttId=49732&menuNo=200202&viewType=&searchCnd=22&searchWrd=&pageIndex=1,https://www.fss.or.kr/fss/bbs/B0000172/list.do?menuNo=200202&bbsId=&cl1Cd=&cl2Cd=&cl3Cd=&pageIndex=1&paramDeptname=&viewType=&selectDeptname=&searchCnd=22&searchWrd=,51
어려운 금융용어 등을 쉽게 찾아볼 수 있는 사이트는 없나요?,"금융감독원은 금융소비자의 전문적인 금융용어에 대한 이해도를 제고하기 위해 관련 제도의 배경, 이슈 등을 종합적으로 반영해 작성한 ‘
금융용어사전
’을 오픈하였습니다.
‘금융용어사전’에는 핀테크 발달을 반영한 인터넷 전문은행, P2P(Peer to Peer) 대출, 로보어드바이저, 크라우드펀딩 등 전문 용어를 비롯한 533개 용어를 상세히 설명하고 있습니다.
금융감독원 홈페이지 및 ‘파인(FINE:fine.fss.or.kr)'의 금융용어사전’ 코너에서 찾아보실 수
있으며, 알고 싶은 용어명을 정확히 입력하지 않더라고 일부 단어만으로도 검색이 가능합니다.",https://www.fss.or.kr/fss/bbs/B0000172/view.do?nttId=49731&menuNo=200202&viewType=&searchCnd=22&searchWrd=&pageIndex=1,https://www.fss.or.kr/fss/bbs/B0000172/list.do?menuNo=200202&bbsId=&cl1Cd=&cl2Cd=&cl3Cd=&pageIndex=1&paramDeptname=&viewType=&selectDeptname=&searchCnd=22&searchWrd=,51
정기예금 및 적금 금리를 한눈에 비교해 볼 수 있는 곳은 없나요?,"금융감독원은 소비자의 금융상품 선택에 실질적인 도움이 될 수 있도록,
금융상품 통합 비교공시시스템 ‘금융상품한눈에’
를 오픈하였습니다.
예·적금, 대출 등 금융상품을 통합 비교공시하고 있으며,
실손보험, 자동차보험 등은 협회사이트(보험다모아)를 연결하여 제공하고 있습니다.
(다만 본 사이트의 금융상품 정보는 매월 20일 정기적으로 공시하고 있으며, 최신정보 제공을 위해 노력하고 있으나 금융상품의 금리 등 거래조건이 수시로 변경될 수 있으므로 거래전 반드시 해당 금융회사에 문의 후 구입을 결정하시기 바랍니다.)
* 홈페이지 주소 :
http://finlife.fss.or.kr",https://www.fss.or.kr/fss/bbs/B0000172/view.do?nttId=49730&menuNo=200202&viewType=&searchCnd=22&searchWrd=&pageIndex=1,https://www.fss.or.kr/fss/bbs/B0000172/list.do?menuNo=200202&bbsId=&cl1Cd=&cl2Cd=&cl3Cd=&pageIndex=1&paramDeptname=&viewType=&selectDeptname=&searchCnd=22&searchWrd=,51
「보이는 ARS」는 어떻게 이용할 수 있나요?,"금융감독원은
금감원 콜센터(☎1332)의 음성
ARS
안내
내용
을
스
마트폰
화면
을
통해
한 번에 확
인
할
수 있는
｢
보이는 1332｣ 서
비스
를
시
행중에 있습니다. 동 서비스 이용방법은 첨부파일을 참고하여 주시기 바랍니다.",https://www.fss.or.kr/fss/bbs/B0000172/view.do?nttId=49729&menuNo=200202&viewType=&searchCnd=22&searchWrd=&pageIndex=1,https://www.fss.or.kr/fss/bbs/B0000172/list.do?menuNo=200202&bbsId=&cl1Cd=&cl2Cd=&cl3Cd=&pageIndex=1&paramDeptname=&viewType=&selectDeptname=&searchCnd=22&searchWrd=,51
대차료 지급기준 참고(예시),"자동차보험 대차료 지급기준 개선
*
내용을 반영한 FAQ를 게시하오니 참고하시기 바랍니다.
* '22.9.29. 금융감독원 보도자료 ""현행 내연기관 중심의 자동차보험 대차료 지급기준을 친환경차 보급 확대 등 환경변화에 맞게 개선합니다
(
'22.10.11.부터 시행예정
)
""
참조",https://www.fss.or.kr/fss/bbs/B0000172/view.do?nttId=49737&menuNo=200202&viewType=&searchCnd=22&searchWrd=&pageIndex=1,https://www.fss.or.kr/fss/bbs/B0000172/list.do?menuNo=200202&bbsId=&cl1Cd=&cl2Cd=&cl3Cd=&pageIndex=1&paramDeptname=&viewType=&selectDeptname=&searchCnd=22&searchWrd=,52
소비자보호실태평가 결과는 어디서 확인할 수 있나요?,"소비자보호실태평가 결과는 금융감독원 홈페이지
(www.fss.or.kr
)
또는 개별 금융기관 및 협회 홈페이지
*
등을 통해 확인하실 수 있습니다.
※ 금융 권역별 협회 홈페이지 목록
은      행 : 전국은행연합회(www.kfb.or.kr)
생명보험 : 생명보험협회(www.klia.or.kr)
손해보험 : 손해보험협회(www.knia.or.kr)
카      드 : 여신금융협회(www.crefia.or.kr)
저축은행 : 저축은행중앙회(www.fsb.or.kr)
금융투자 : 금융투자협회(www.kofia.or.kr)",https://www.fss.or.kr/fss/bbs/B0000172/view.do?nttId=49736&menuNo=200202&viewType=&searchCnd=22&searchWrd=&pageIndex=1,https://www.fss.or.kr/fss/bbs/B0000172/list.do?menuNo=200202&bbsId=&cl1Cd=&cl2Cd=&cl3Cd=&pageIndex=1&paramDeptname=&viewType=&selectDeptname=&searchCnd=22&searchWrd=,52
소비자보호실태평가의 평가방법이 궁금합니다.,"「금융소비자보호 모범규준」에 명기된 소비자보호 사항의 이행여부 점검을 위해 계량 5개, 비계량 5개 등 총 10개 부문으로 구성하여 각 부문별로 평가하고 있습니다.
자세한 내용은 첨부파일을 참고해주시길 바랍니다.",https://www.fss.or.kr/fss/bbs/B0000172/view.do?nttId=49735&menuNo=200202&viewType=&searchCnd=22&searchWrd=&pageIndex=1,https://www.fss.or.kr/fss/bbs/B0000172/list.do?menuNo=200202&bbsId=&cl1Cd=&cl2Cd=&cl3Cd=&pageIndex=1&paramDeptname=&viewType=&selectDeptname=&searchCnd=22&searchWrd=,52
소비자보호실태평가는 어떤 제도인가요?,"금융감독원은 금융회사의 민원예방 노력 유도 등을 위해 2002년부터 「민원발생평가제도」를 운영
*
해왔습니다.
* 금감원이 처리한 민원건수를 기초로 금융회사를 1∼5등급으로 평가하고 대외에 공표(’14년은 81개사 평가)
그러나 민원건수 위주의 평가만으로는 금융회사의 소비자보호 수준을 평가하고, 금융회사의 자율적 개선노력을 유도하는데 한계가 있어 제도 개선의 필요성이 지속적으로 제기되어 왔습니다.
이에 따라 기존 민원발생평가제도를 대신하여 금융회사의 다양한 소비자보호 활동을 종합적으로 평가할 수 있는 「금융소비자보호 실태평가제도」를 도입·시행
('16.4월 시행)
하게 되었습니다.
소비자보호실태평가제도는
금융소비자에게는 거래 금융회사 선택에 필요한 유용한 정보를 제공하는 한편, 금융회사에게는 소비자보호 중심의 경영문화 확산을 유도하는데 중점을 두고 있습니다.",https://www.fss.or.kr/fss/bbs/B0000172/view.do?nttId=49734&menuNo=200202&viewType=&searchCnd=22&searchWrd=&pageIndex=1,https://www.fss.or.kr/fss/bbs/B0000172/list.do?menuNo=200202&bbsId=&cl1Cd=&cl2Cd=&cl3Cd=&pageIndex=1&paramDeptname=&viewType=&selectDeptname=&searchCnd=22&searchWrd=,52
금융감독원의 민원대상 금융회사가 궁금합니다.,"금융감독원은 은행, 금융투자업자, 보험회사, 여신전문금융회사, 상호저축은행 등 금융기관에 대한 민원을 처리하고 있습니다.
금융감독원의 민원대상 금융기관 조회방법은 다음과 같습니다.
1. 금융감독원 홈페이지 → e-금융민원센터 → 민원안내 → 금융민원신청 안내 → 유의사항
2.
http://www.fcsc.kr/D/fu_d_01_02.jsp
→  유의사항
참고로, 금융감독원의 민원대상 금융기관이 아닌 경우 타 부처 등으로 민원이 이송될 수 있음을 알려드립니다.",https://www.fss.or.kr/fss/bbs/B0000172/view.do?nttId=49733&menuNo=200202&viewType=&searchCnd=22&searchWrd=&pageIndex=1,https://www.fss.or.kr/fss/bbs/B0000172/list.do?menuNo=200202&bbsId=&cl1Cd=&cl2Cd=&cl3Cd=&pageIndex=1&paramDeptname=&viewType=&selectDeptname=&searchCnd=22&searchWrd=,52
내 금융계좌를 한번에 조회할 수 있는 사이트는 없나요?,"‘내 계좌 한눈에’ 서비스를 통하여 본인의 주요 금융계좌 정보를 한번에 조회할 수 있습니다!
금융소비자정보포털 ‘파인’(fine.fss.or.kr) 또는 ’내 계좌 한눈에‘ 홈페이지 (
www.accountinfo.or.kr)
를
통해 9시부터 22시까지 이용가능하며(연중무휴), 은행·상호금융
계좌, 보험 계약, 대부업체를 제외한 제도권 금융회사의 대출정보를 일괄조회 할 수 있습니다.",https://www.fss.or.kr/fss/bbs/B0000172/view.do?nttId=49732&menuNo=200202&viewType=&searchCnd=22&searchWrd=&pageIndex=1,https://www.fss.or.kr/fss/bbs/B0000172/list.do?menuNo=200202&bbsId=&cl1Cd=&cl2Cd=&cl3Cd=&pageIndex=1&paramDeptname=&viewType=&selectDeptname=&searchCnd=22&searchWrd=,52
어려운 금융용어 등을 쉽게 찾아볼 수 있는 사이트는 없나요?,"금융감독원은 금융소비자의 전문적인 금융용어에 대한 이해도를 제고하기 위해 관련 제도의 배경, 이슈 등을 종합적으로 반영해 작성한 ‘
금융용어사전
’을 오픈하였습니다.
‘금융용어사전’에는 핀테크 발달을 반영한 인터넷 전문은행, P2P(Peer to Peer) 대출, 로보어드바이저, 크라우드펀딩 등 전문 용어를 비롯한 533개 용어를 상세히 설명하고 있습니다.
금융감독원 홈페이지 및 ‘파인(FINE:fine.fss.or.kr)'의 금융용어사전’ 코너에서 찾아보실 수
있으며, 알고 싶은 용어명을 정확히 입력하지 않더라고 일부 단어만으로도 검색이 가능합니다.",https://www.fss.or.kr/fss/bbs/B0000172/view.do?nttId=49731&menuNo=200202&viewType=&searchCnd=22&searchWrd=&pageIndex=1,https://www.fss.or.kr/fss/bbs/B0000172/list.do?menuNo=200202&bbsId=&cl1Cd=&cl2Cd=&cl3Cd=&pageIndex=1&paramDeptname=&viewType=&selectDeptname=&searchCnd=22&searchWrd=,52
정기예금 및 적금 금리를 한눈에 비교해 볼 수 있는 곳은 없나요?,"금융감독원은 소비자의 금융상품 선택에 실질적인 도움이 될 수 있도록,
금융상품 통합 비교공시시스템 ‘금융상품한눈에’
를 오픈하였습니다.
예·적금, 대출 등 금융상품을 통합 비교공시하고 있으며,
실손보험, 자동차보험 등은 협회사이트(보험다모아)를 연결하여 제공하고 있습니다.
(다만 본 사이트의 금융상품 정보는 매월 20일 정기적으로 공시하고 있으며, 최신정보 제공을 위해 노력하고 있으나 금융상품의 금리 등 거래조건이 수시로 변경될 수 있으므로 거래전 반드시 해당 금융회사에 문의 후 구입을 결정하시기 바랍니다.)
* 홈페이지 주소 :
http://finlife.fss.or.kr",https://www.fss.or.kr/fss/bbs/B0000172/view.do?nttId=49730&menuNo=200202&viewType=&searchCnd=22&searchWrd=&pageIndex=1,https://www.fss.or.kr/fss/bbs/B0000172/list.do?menuNo=200202&bbsId=&cl1Cd=&cl2Cd=&cl3Cd=&pageIndex=1&paramDeptname=&viewType=&selectDeptname=&searchCnd=22&searchWrd=,52
「보이는 ARS」는 어떻게 이용할 수 있나요?,"금융감독원은
금감원 콜센터(☎1332)의 음성
ARS
안내
내용
을
스
마트폰
화면
을
통해
한 번에 확
인
할
수 있는
｢
보이는 1332｣ 서
비스
를
시
행중에 있습니다. 동 서비스 이용방법은 첨부파일을 참고하여 주시기 바랍니다.",https://www.fss.or.kr/fss/bbs/B0000172/view.do?nttId=49729&menuNo=200202&viewType=&searchCnd=22&searchWrd=&pageIndex=1,https://www.fss.or.kr/fss/bbs/B0000172/list.do?menuNo=200202&bbsId=&cl1Cd=&cl2Cd=&cl3Cd=&pageIndex=1&paramDeptname=&viewType=&selectDeptname=&searchCnd=22&searchWrd=,52
대차료 지급기준 참고(예시),"자동차보험 대차료 지급기준 개선
*
내용을 반영한 FAQ를 게시하오니 참고하시기 바랍니다.
* '22.9.29. 금융감독원 보도자료 ""현행 내연기관 중심의 자동차보험 대차료 지급기준을 친환경차 보급 확대 등 환경변화에 맞게 개선합니다
(
'22.10.11.부터 시행예정
)
""
참조",https://www.fss.or.kr/fss/bbs/B0000172/view.do?nttId=49737&menuNo=200202&viewType=&searchCnd=22&searchWrd=&pageIndex=1,https://www.fss.or.kr/fss/bbs/B0000172/list.do?menuNo=200202&bbsId=&cl1Cd=&cl2Cd=&cl3Cd=&pageIndex=1&paramDeptname=&viewType=&selectDeptname=&searchCnd=22&searchWrd=,53
소비자보호실태평가 결과는 어디서 확인할 수 있나요?,"소비자보호실태평가 결과는 금융감독원 홈페이지
(www.fss.or.kr
)
또는 개별 금융기관 및 협회 홈페이지
*
등을 통해 확인하실 수 있습니다.
※ 금융 권역별 협회 홈페이지 목록
은      행 : 전국은행연합회(www.kfb.or.kr)
생명보험 : 생명보험협회(www.klia.or.kr)
손해보험 : 손해보험협회(www.knia.or.kr)
카      드 : 여신금융협회(www.crefia.or.kr)
저축은행 : 저축은행중앙회(www.fsb.or.kr)
금융투자 : 금융투자협회(www.kofia.or.kr)",https://www.fss.or.kr/fss/bbs/B0000172/view.do?nttId=49736&menuNo=200202&viewType=&searchCnd=22&searchWrd=&pageIndex=1,https://www.fss.or.kr/fss/bbs/B0000172/list.do?menuNo=200202&bbsId=&cl1Cd=&cl2Cd=&cl3Cd=&pageIndex=1&paramDeptname=&viewType=&selectDeptname=&searchCnd=22&searchWrd=,53
소비자보호실태평가의 평가방법이 궁금합니다.,"「금융소비자보호 모범규준」에 명기된 소비자보호 사항의 이행여부 점검을 위해 계량 5개, 비계량 5개 등 총 10개 부문으로 구성하여 각 부문별로 평가하고 있습니다.
자세한 내용은 첨부파일을 참고해주시길 바랍니다.",https://www.fss.or.kr/fss/bbs/B0000172/view.do?nttId=49735&menuNo=200202&viewType=&searchCnd=22&searchWrd=&pageIndex=1,https://www.fss.or.kr/fss/bbs/B0000172/list.do?menuNo=200202&bbsId=&cl1Cd=&cl2Cd=&cl3Cd=&pageIndex=1&paramDeptname=&viewType=&selectDeptname=&searchCnd=22&searchWrd=,53
소비자보호실태평가는 어떤 제도인가요?,"금융감독원은 금융회사의 민원예방 노력 유도 등을 위해 2002년부터 「민원발생평가제도」를 운영
*
해왔습니다.
* 금감원이 처리한 민원건수를 기초로 금융회사를 1∼5등급으로 평가하고 대외에 공표(’14년은 81개사 평가)
그러나 민원건수 위주의 평가만으로는 금융회사의 소비자보호 수준을 평가하고, 금융회사의 자율적 개선노력을 유도하는데 한계가 있어 제도 개선의 필요성이 지속적으로 제기되어 왔습니다.
이에 따라 기존 민원발생평가제도를 대신하여 금융회사의 다양한 소비자보호 활동을 종합적으로 평가할 수 있는 「금융소비자보호 실태평가제도」를 도입·시행
('16.4월 시행)
하게 되었습니다.
소비자보호실태평가제도는
금융소비자에게는 거래 금융회사 선택에 필요한 유용한 정보를 제공하는 한편, 금융회사에게는 소비자보호 중심의 경영문화 확산을 유도하는데 중점을 두고 있습니다.",https://www.fss.or.kr/fss/bbs/B0000172/view.do?nttId=49734&menuNo=200202&viewType=&searchCnd=22&searchWrd=&pageIndex=1,https://www.fss.or.kr/fss/bbs/B0000172/list.do?menuNo=200202&bbsId=&cl1Cd=&cl2Cd=&cl3Cd=&pageIndex=1&paramDeptname=&viewType=&selectDeptname=&searchCnd=22&searchWrd=,53
금융감독원의 민원대상 금융회사가 궁금합니다.,"금융감독원은 은행, 금융투자업자, 보험회사, 여신전문금융회사, 상호저축은행 등 금융기관에 대한 민원을 처리하고 있습니다.
금융감독원의 민원대상 금융기관 조회방법은 다음과 같습니다.
1. 금융감독원 홈페이지 → e-금융민원센터 → 민원안내 → 금융민원신청 안내 → 유의사항
2.
http://www.fcsc.kr/D/fu_d_01_02.jsp
→  유의사항
참고로, 금융감독원의 민원대상 금융기관이 아닌 경우 타 부처 등으로 민원이 이송될 수 있음을 알려드립니다.",https://www.fss.or.kr/fss/bbs/B0000172/view.do?nttId=49733&menuNo=200202&viewType=&searchCnd=22&searchWrd=&pageIndex=1,https://www.fss.or.kr/fss/bbs/B0000172/list.do?menuNo=200202&bbsId=&cl1Cd=&cl2Cd=&cl3Cd=&pageIndex=1&paramDeptname=&viewType=&selectDeptname=&searchCnd=22&searchWrd=,53
내 금융계좌를 한번에 조회할 수 있는 사이트는 없나요?,"‘내 계좌 한눈에’ 서비스를 통하여 본인의 주요 금융계좌 정보를 한번에 조회할 수 있습니다!
금융소비자정보포털 ‘파인’(fine.fss.or.kr) 또는 ’내 계좌 한눈에‘ 홈페이지 (
www.accountinfo.or.kr)
를
통해 9시부터 22시까지 이용가능하며(연중무휴), 은행·상호금융
계좌, 보험 계약, 대부업체를 제외한 제도권 금융회사의 대출정보를 일괄조회 할 수 있습니다.",https://www.fss.or.kr/fss/bbs/B0000172/view.do?nttId=49732&menuNo=200202&viewType=&searchCnd=22&searchWrd=&pageIndex=1,https://www.fss.or.kr/fss/bbs/B0000172/list.do?menuNo=200202&bbsId=&cl1Cd=&cl2Cd=&cl3Cd=&pageIndex=1&paramDeptname=&viewType=&selectDeptname=&searchCnd=22&searchWrd=,53
어려운 금융용어 등을 쉽게 찾아볼 수 있는 사이트는 없나요?,"금융감독원은 금융소비자의 전문적인 금융용어에 대한 이해도를 제고하기 위해 관련 제도의 배경, 이슈 등을 종합적으로 반영해 작성한 ‘
금융용어사전
’을 오픈하였습니다.
‘금융용어사전’에는 핀테크 발달을 반영한 인터넷 전문은행, P2P(Peer to Peer) 대출, 로보어드바이저, 크라우드펀딩 등 전문 용어를 비롯한 533개 용어를 상세히 설명하고 있습니다.
금융감독원 홈페이지 및 ‘파인(FINE:fine.fss.or.kr)'의 금융용어사전’ 코너에서 찾아보실 수
있으며, 알고 싶은 용어명을 정확히 입력하지 않더라고 일부 단어만으로도 검색이 가능합니다.",https://www.fss.or.kr/fss/bbs/B0000172/view.do?nttId=49731&menuNo=200202&viewType=&searchCnd=22&searchWrd=&pageIndex=1,https://www.fss.or.kr/fss/bbs/B0000172/list.do?menuNo=200202&bbsId=&cl1Cd=&cl2Cd=&cl3Cd=&pageIndex=1&paramDeptname=&viewType=&selectDeptname=&searchCnd=22&searchWrd=,53
정기예금 및 적금 금리를 한눈에 비교해 볼 수 있는 곳은 없나요?,"금융감독원은 소비자의 금융상품 선택에 실질적인 도움이 될 수 있도록,
금융상품 통합 비교공시시스템 ‘금융상품한눈에’
를 오픈하였습니다.
예·적금, 대출 등 금융상품을 통합 비교공시하고 있으며,
실손보험, 자동차보험 등은 협회사이트(보험다모아)를 연결하여 제공하고 있습니다.
(다만 본 사이트의 금융상품 정보는 매월 20일 정기적으로 공시하고 있으며, 최신정보 제공을 위해 노력하고 있으나 금융상품의 금리 등 거래조건이 수시로 변경될 수 있으므로 거래전 반드시 해당 금융회사에 문의 후 구입을 결정하시기 바랍니다.)
* 홈페이지 주소 :
http://finlife.fss.or.kr",https://www.fss.or.kr/fss/bbs/B0000172/view.do?nttId=49730&menuNo=200202&viewType=&searchCnd=22&searchWrd=&pageIndex=1,https://www.fss.or.kr/fss/bbs/B0000172/list.do?menuNo=200202&bbsId=&cl1Cd=&cl2Cd=&cl3Cd=&pageIndex=1&paramDeptname=&viewType=&selectDeptname=&searchCnd=22&searchWrd=,53
「보이는 ARS」는 어떻게 이용할 수 있나요?,"금융감독원은
금감원 콜센터(☎1332)의 음성
ARS
안내
내용
을
스
마트폰
화면
을
통해
한 번에 확
인
할
수 있는
｢
보이는 1332｣ 서
비스
를
시
행중에 있습니다. 동 서비스 이용방법은 첨부파일을 참고하여 주시기 바랍니다.",https://www.fss.or.kr/fss/bbs/B0000172/view.do?nttId=49729&menuNo=200202&viewType=&searchCnd=22&searchWrd=&pageIndex=1,https://www.fss.or.kr/fss/bbs/B0000172/list.do?menuNo=200202&bbsId=&cl1Cd=&cl2Cd=&cl3Cd=&pageIndex=1&paramDeptname=&viewType=&selectDeptname=&searchCnd=22&searchWrd=,53
대차료 지급기준 참고(예시),"자동차보험 대차료 지급기준 개선
*
내용을 반영한 FAQ를 게시하오니 참고하시기 바랍니다.
* '22.9.29. 금융감독원 보도자료 ""현행 내연기관 중심의 자동차보험 대차료 지급기준을 친환경차 보급 확대 등 환경변화에 맞게 개선합니다
(
'22.10.11.부터 시행예정
)
""
참조",https://www.fss.or.kr/fss/bbs/B0000172/view.do?nttId=49737&menuNo=200202&viewType=&searchCnd=22&searchWrd=&pageIndex=1,https://www.fss.or.kr/fss/bbs/B0000172/list.do?menuNo=200202&bbsId=&cl1Cd=&cl2Cd=&cl3Cd=&pageIndex=1&paramDeptname=&viewType=&selectDeptname=&searchCnd=22&searchWrd=,54
소비자보호실태평가 결과는 어디서 확인할 수 있나요?,"소비자보호실태평가 결과는 금융감독원 홈페이지
(www.fss.or.kr
)
또는 개별 금융기관 및 협회 홈페이지
*
등을 통해 확인하실 수 있습니다.
※ 금융 권역별 협회 홈페이지 목록
은      행 : 전국은행연합회(www.kfb.or.kr)
생명보험 : 생명보험협회(www.klia.or.kr)
손해보험 : 손해보험협회(www.knia.or.kr)
카      드 : 여신금융협회(www.crefia.or.kr)
저축은행 : 저축은행중앙회(www.fsb.or.kr)
금융투자 : 금융투자협회(www.kofia.or.kr)",https://www.fss.or.kr/fss/bbs/B0000172/view.do?nttId=49736&menuNo=200202&viewType=&searchCnd=22&searchWrd=&pageIndex=1,https://www.fss.or.kr/fss/bbs/B0000172/list.do?menuNo=200202&bbsId=&cl1Cd=&cl2Cd=&cl3Cd=&pageIndex=1&paramDeptname=&viewType=&selectDeptname=&searchCnd=22&searchWrd=,54
소비자보호실태평가의 평가방법이 궁금합니다.,"「금융소비자보호 모범규준」에 명기된 소비자보호 사항의 이행여부 점검을 위해 계량 5개, 비계량 5개 등 총 10개 부문으로 구성하여 각 부문별로 평가하고 있습니다.
자세한 내용은 첨부파일을 참고해주시길 바랍니다.",https://www.fss.or.kr/fss/bbs/B0000172/view.do?nttId=49735&menuNo=200202&viewType=&searchCnd=22&searchWrd=&pageIndex=1,https://www.fss.or.kr/fss/bbs/B0000172/list.do?menuNo=200202&bbsId=&cl1Cd=&cl2Cd=&cl3Cd=&pageIndex=1&paramDeptname=&viewType=&selectDeptname=&searchCnd=22&searchWrd=,54
소비자보호실태평가는 어떤 제도인가요?,"금융감독원은 금융회사의 민원예방 노력 유도 등을 위해 2002년부터 「민원발생평가제도」를 운영
*
해왔습니다.
* 금감원이 처리한 민원건수를 기초로 금융회사를 1∼5등급으로 평가하고 대외에 공표(’14년은 81개사 평가)
그러나 민원건수 위주의 평가만으로는 금융회사의 소비자보호 수준을 평가하고, 금융회사의 자율적 개선노력을 유도하는데 한계가 있어 제도 개선의 필요성이 지속적으로 제기되어 왔습니다.
이에 따라 기존 민원발생평가제도를 대신하여 금융회사의 다양한 소비자보호 활동을 종합적으로 평가할 수 있는 「금융소비자보호 실태평가제도」를 도입·시행
('16.4월 시행)
하게 되었습니다.
소비자보호실태평가제도는
금융소비자에게는 거래 금융회사 선택에 필요한 유용한 정보를 제공하는 한편, 금융회사에게는 소비자보호 중심의 경영문화 확산을 유도하는데 중점을 두고 있습니다.",https://www.fss.or.kr/fss/bbs/B0000172/view.do?nttId=49734&menuNo=200202&viewType=&searchCnd=22&searchWrd=&pageIndex=1,https://www.fss.or.kr/fss/bbs/B0000172/list.do?menuNo=200202&bbsId=&cl1Cd=&cl2Cd=&cl3Cd=&pageIndex=1&paramDeptname=&viewType=&selectDeptname=&searchCnd=22&searchWrd=,54
금융감독원의 민원대상 금융회사가 궁금합니다.,"금융감독원은 은행, 금융투자업자, 보험회사, 여신전문금융회사, 상호저축은행 등 금융기관에 대한 민원을 처리하고 있습니다.
금융감독원의 민원대상 금융기관 조회방법은 다음과 같습니다.
1. 금융감독원 홈페이지 → e-금융민원센터 → 민원안내 → 금융민원신청 안내 → 유의사항
2.
http://www.fcsc.kr/D/fu_d_01_02.jsp
→  유의사항
참고로, 금융감독원의 민원대상 금융기관이 아닌 경우 타 부처 등으로 민원이 이송될 수 있음을 알려드립니다.",https://www.fss.or.kr/fss/bbs/B0000172/view.do?nttId=49733&menuNo=200202&viewType=&searchCnd=22&searchWrd=&pageIndex=1,https://www.fss.or.kr/fss/bbs/B0000172/list.do?menuNo=200202&bbsId=&cl1Cd=&cl2Cd=&cl3Cd=&pageIndex=1&paramDeptname=&viewType=&selectDeptname=&searchCnd=22&searchWrd=,54
내 금융계좌를 한번에 조회할 수 있는 사이트는 없나요?,"‘내 계좌 한눈에’ 서비스를 통하여 본인의 주요 금융계좌 정보를 한번에 조회할 수 있습니다!
금융소비자정보포털 ‘파인’(fine.fss.or.kr) 또는 ’내 계좌 한눈에‘ 홈페이지 (
www.accountinfo.or.kr)
를
통해 9시부터 22시까지 이용가능하며(연중무휴), 은행·상호금융
계좌, 보험 계약, 대부업체를 제외한 제도권 금융회사의 대출정보를 일괄조회 할 수 있습니다.",https://www.fss.or.kr/fss/bbs/B0000172/view.do?nttId=49732&menuNo=200202&viewType=&searchCnd=22&searchWrd=&pageIndex=1,https://www.fss.or.kr/fss/bbs/B0000172/list.do?menuNo=200202&bbsId=&cl1Cd=&cl2Cd=&cl3Cd=&pageIndex=1&paramDeptname=&viewType=&selectDeptname=&searchCnd=22&searchWrd=,54
어려운 금융용어 등을 쉽게 찾아볼 수 있는 사이트는 없나요?,"금융감독원은 금융소비자의 전문적인 금융용어에 대한 이해도를 제고하기 위해 관련 제도의 배경, 이슈 등을 종합적으로 반영해 작성한 ‘
금융용어사전
’을 오픈하였습니다.
‘금융용어사전’에는 핀테크 발달을 반영한 인터넷 전문은행, P2P(Peer to Peer) 대출, 로보어드바이저, 크라우드펀딩 등 전문 용어를 비롯한 533개 용어를 상세히 설명하고 있습니다.
금융감독원 홈페이지 및 ‘파인(FINE:fine.fss.or.kr)'의 금융용어사전’ 코너에서 찾아보실 수
있으며, 알고 싶은 용어명을 정확히 입력하지 않더라고 일부 단어만으로도 검색이 가능합니다.",https://www.fss.or.kr/fss/bbs/B0000172/view.do?nttId=49731&menuNo=200202&viewType=&searchCnd=22&searchWrd=&pageIndex=1,https://www.fss.or.kr/fss/bbs/B0000172/list.do?menuNo=200202&bbsId=&cl1Cd=&cl2Cd=&cl3Cd=&pageIndex=1&paramDeptname=&viewType=&selectDeptname=&searchCnd=22&searchWrd=,54
정기예금 및 적금 금리를 한눈에 비교해 볼 수 있는 곳은 없나요?,"금융감독원은 소비자의 금융상품 선택에 실질적인 도움이 될 수 있도록,
금융상품 통합 비교공시시스템 ‘금융상품한눈에’
를 오픈하였습니다.
예·적금, 대출 등 금융상품을 통합 비교공시하고 있으며,
실손보험, 자동차보험 등은 협회사이트(보험다모아)를 연결하여 제공하고 있습니다.
(다만 본 사이트의 금융상품 정보는 매월 20일 정기적으로 공시하고 있으며, 최신정보 제공을 위해 노력하고 있으나 금융상품의 금리 등 거래조건이 수시로 변경될 수 있으므로 거래전 반드시 해당 금융회사에 문의 후 구입을 결정하시기 바랍니다.)
* 홈페이지 주소 :
http://finlife.fss.or.kr",https://www.fss.or.kr/fss/bbs/B0000172/view.do?nttId=49730&menuNo=200202&viewType=&searchCnd=22&searchWrd=&pageIndex=1,https://www.fss.or.kr/fss/bbs/B0000172/list.do?menuNo=200202&bbsId=&cl1Cd=&cl2Cd=&cl3Cd=&pageIndex=1&paramDeptname=&viewType=&selectDeptname=&searchCnd=22&searchWrd=,54
「보이는 ARS」는 어떻게 이용할 수 있나요?,"금융감독원은
금감원 콜센터(☎1332)의 음성
ARS
안내
내용
을
스
마트폰
화면
을
통해
한 번에 확
인
할
수 있는
｢
보이는 1332｣ 서
비스
를
시
행중에 있습니다. 동 서비스 이용방법은 첨부파일을 참고하여 주시기 바랍니다.",https://www.fss.or.kr/fss/bbs/B0000172/view.do?nttId=49729&menuNo=200202&viewType=&searchCnd=22&searchWrd=&pageIndex=1,https://www.fss.or.kr/fss/bbs/B0000172/list.do?menuNo=200202&bbsId=&cl1Cd=&cl2Cd=&cl3Cd=&pageIndex=1&paramDeptname=&viewType=&selectDeptname=&searchCnd=22&searchWrd=,54
대차료 지급기준 참고(예시),"자동차보험 대차료 지급기준 개선
*
내용을 반영한 FAQ를 게시하오니 참고하시기 바랍니다.
* '22.9.29. 금융감독원 보도자료 ""현행 내연기관 중심의 자동차보험 대차료 지급기준을 친환경차 보급 확대 등 환경변화에 맞게 개선합니다
(
'22.10.11.부터 시행예정
)
""
참조",https://www.fss.or.kr/fss/bbs/B0000172/view.do?nttId=49737&menuNo=200202&viewType=&searchCnd=22&searchWrd=&pageIndex=1,https://www.fss.or.kr/fss/bbs/B0000172/list.do?menuNo=200202&bbsId=&cl1Cd=&cl2Cd=&cl3Cd=&pageIndex=1&paramDeptname=&viewType=&selectDeptname=&searchCnd=22&searchWrd=,55
소비자보호실태평가 결과는 어디서 확인할 수 있나요?,"소비자보호실태평가 결과는 금융감독원 홈페이지
(www.fss.or.kr
)
또는 개별 금융기관 및 협회 홈페이지
*
등을 통해 확인하실 수 있습니다.
※ 금융 권역별 협회 홈페이지 목록
은      행 : 전국은행연합회(www.kfb.or.kr)
생명보험 : 생명보험협회(www.klia.or.kr)
손해보험 : 손해보험협회(www.knia.or.kr)
카      드 : 여신금융협회(www.crefia.or.kr)
저축은행 : 저축은행중앙회(www.fsb.or.kr)
금융투자 : 금융투자협회(www.kofia.or.kr)",https://www.fss.or.kr/fss/bbs/B0000172/view.do?nttId=49736&menuNo=200202&viewType=&searchCnd=22&searchWrd=&pageIndex=1,https://www.fss.or.kr/fss/bbs/B0000172/list.do?menuNo=200202&bbsId=&cl1Cd=&cl2Cd=&cl3Cd=&pageIndex=1&paramDeptname=&viewType=&selectDeptname=&searchCnd=22&searchWrd=,55
소비자보호실태평가의 평가방법이 궁금합니다.,"「금융소비자보호 모범규준」에 명기된 소비자보호 사항의 이행여부 점검을 위해 계량 5개, 비계량 5개 등 총 10개 부문으로 구성하여 각 부문별로 평가하고 있습니다.
자세한 내용은 첨부파일을 참고해주시길 바랍니다.",https://www.fss.or.kr/fss/bbs/B0000172/view.do?nttId=49735&menuNo=200202&viewType=&searchCnd=22&searchWrd=&pageIndex=1,https://www.fss.or.kr/fss/bbs/B0000172/list.do?menuNo=200202&bbsId=&cl1Cd=&cl2Cd=&cl3Cd=&pageIndex=1&paramDeptname=&viewType=&selectDeptname=&searchCnd=22&searchWrd=,55
소비자보호실태평가는 어떤 제도인가요?,"금융감독원은 금융회사의 민원예방 노력 유도 등을 위해 2002년부터 「민원발생평가제도」를 운영
*
해왔습니다.
* 금감원이 처리한 민원건수를 기초로 금융회사를 1∼5등급으로 평가하고 대외에 공표(’14년은 81개사 평가)
그러나 민원건수 위주의 평가만으로는 금융회사의 소비자보호 수준을 평가하고, 금융회사의 자율적 개선노력을 유도하는데 한계가 있어 제도 개선의 필요성이 지속적으로 제기되어 왔습니다.
이에 따라 기존 민원발생평가제도를 대신하여 금융회사의 다양한 소비자보호 활동을 종합적으로 평가할 수 있는 「금융소비자보호 실태평가제도」를 도입·시행
('16.4월 시행)
하게 되었습니다.
소비자보호실태평가제도는
금융소비자에게는 거래 금융회사 선택에 필요한 유용한 정보를 제공하는 한편, 금융회사에게는 소비자보호 중심의 경영문화 확산을 유도하는데 중점을 두고 있습니다.",https://www.fss.or.kr/fss/bbs/B0000172/view.do?nttId=49734&menuNo=200202&viewType=&searchCnd=22&searchWrd=&pageIndex=1,https://www.fss.or.kr/fss/bbs/B0000172/list.do?menuNo=200202&bbsId=&cl1Cd=&cl2Cd=&cl3Cd=&pageIndex=1&paramDeptname=&viewType=&selectDeptname=&searchCnd=22&searchWrd=,55
금융감독원의 민원대상 금융회사가 궁금합니다.,"금융감독원은 은행, 금융투자업자, 보험회사, 여신전문금융회사, 상호저축은행 등 금융기관에 대한 민원을 처리하고 있습니다.
금융감독원의 민원대상 금융기관 조회방법은 다음과 같습니다.
1. 금융감독원 홈페이지 → e-금융민원센터 → 민원안내 → 금융민원신청 안내 → 유의사항
2.
http://www.fcsc.kr/D/fu_d_01_02.jsp
→  유의사항
참고로, 금융감독원의 민원대상 금융기관이 아닌 경우 타 부처 등으로 민원이 이송될 수 있음을 알려드립니다.",https://www.fss.or.kr/fss/bbs/B0000172/view.do?nttId=49733&menuNo=200202&viewType=&searchCnd=22&searchWrd=&pageIndex=1,https://www.fss.or.kr/fss/bbs/B0000172/list.do?menuNo=200202&bbsId=&cl1Cd=&cl2Cd=&cl3Cd=&pageIndex=1&paramDeptname=&viewType=&selectDeptname=&searchCnd=22&searchWrd=,55
내 금융계좌를 한번에 조회할 수 있는 사이트는 없나요?,"‘내 계좌 한눈에’ 서비스를 통하여 본인의 주요 금융계좌 정보를 한번에 조회할 수 있습니다!
금융소비자정보포털 ‘파인’(fine.fss.or.kr) 또는 ’내 계좌 한눈에‘ 홈페이지 (
www.accountinfo.or.kr)
를
통해 9시부터 22시까지 이용가능하며(연중무휴), 은행·상호금융
계좌, 보험 계약, 대부업체를 제외한 제도권 금융회사의 대출정보를 일괄조회 할 수 있습니다.",https://www.fss.or.kr/fss/bbs/B0000172/view.do?nttId=49732&menuNo=200202&viewType=&searchCnd=22&searchWrd=&pageIndex=1,https://www.fss.or.kr/fss/bbs/B0000172/list.do?menuNo=200202&bbsId=&cl1Cd=&cl2Cd=&cl3Cd=&pageIndex=1&paramDeptname=&viewType=&selectDeptname=&searchCnd=22&searchWrd=,55
어려운 금융용어 등을 쉽게 찾아볼 수 있는 사이트는 없나요?,"금융감독원은 금융소비자의 전문적인 금융용어에 대한 이해도를 제고하기 위해 관련 제도의 배경, 이슈 등을 종합적으로 반영해 작성한 ‘
금융용어사전
’을 오픈하였습니다.
‘금융용어사전’에는 핀테크 발달을 반영한 인터넷 전문은행, P2P(Peer to Peer) 대출, 로보어드바이저, 크라우드펀딩 등 전문 용어를 비롯한 533개 용어를 상세히 설명하고 있습니다.
금융감독원 홈페이지 및 ‘파인(FINE:fine.fss.or.kr)'의 금융용어사전’ 코너에서 찾아보실 수
있으며, 알고 싶은 용어명을 정확히 입력하지 않더라고 일부 단어만으로도 검색이 가능합니다.",https://www.fss.or.kr/fss/bbs/B0000172/view.do?nttId=49731&menuNo=200202&viewType=&searchCnd=22&searchWrd=&pageIndex=1,https://www.fss.or.kr/fss/bbs/B0000172/list.do?menuNo=200202&bbsId=&cl1Cd=&cl2Cd=&cl3Cd=&pageIndex=1&paramDeptname=&viewType=&selectDeptname=&searchCnd=22&searchWrd=,55
정기예금 및 적금 금리를 한눈에 비교해 볼 수 있는 곳은 없나요?,"금융감독원은 소비자의 금융상품 선택에 실질적인 도움이 될 수 있도록,
금융상품 통합 비교공시시스템 ‘금융상품한눈에’
를 오픈하였습니다.
예·적금, 대출 등 금융상품을 통합 비교공시하고 있으며,
실손보험, 자동차보험 등은 협회사이트(보험다모아)를 연결하여 제공하고 있습니다.
(다만 본 사이트의 금융상품 정보는 매월 20일 정기적으로 공시하고 있으며, 최신정보 제공을 위해 노력하고 있으나 금융상품의 금리 등 거래조건이 수시로 변경될 수 있으므로 거래전 반드시 해당 금융회사에 문의 후 구입을 결정하시기 바랍니다.)
* 홈페이지 주소 :
http://finlife.fss.or.kr",https://www.fss.or.kr/fss/bbs/B0000172/view.do?nttId=49730&menuNo=200202&viewType=&searchCnd=22&searchWrd=&pageIndex=1,https://www.fss.or.kr/fss/bbs/B0000172/list.do?menuNo=200202&bbsId=&cl1Cd=&cl2Cd=&cl3Cd=&pageIndex=1&paramDeptname=&viewType=&selectDeptname=&searchCnd=22&searchWrd=,55
「보이는 ARS」는 어떻게 이용할 수 있나요?,"금융감독원은
금감원 콜센터(☎1332)의 음성
ARS
안내
내용
을
스
마트폰
화면
을
통해
한 번에 확
인
할
수 있는
｢
보이는 1332｣ 서
비스
를
시
행중에 있습니다. 동 서비스 이용방법은 첨부파일을 참고하여 주시기 바랍니다.",https://www.fss.or.kr/fss/bbs/B0000172/view.do?nttId=49729&menuNo=200202&viewType=&searchCnd=22&searchWrd=&pageIndex=1,https://www.fss.or.kr/fss/bbs/B0000172/list.do?menuNo=200202&bbsId=&cl1Cd=&cl2Cd=&cl3Cd=&pageIndex=1&paramDeptname=&viewType=&selectDeptname=&searchCnd=22&searchWrd=,55
대차료 지급기준 참고(예시),"자동차보험 대차료 지급기준 개선
*
내용을 반영한 FAQ를 게시하오니 참고하시기 바랍니다.
* '22.9.29. 금융감독원 보도자료 ""현행 내연기관 중심의 자동차보험 대차료 지급기준을 친환경차 보급 확대 등 환경변화에 맞게 개선합니다
(
'22.10.11.부터 시행예정
)
""
참조",https://www.fss.or.kr/fss/bbs/B0000172/view.do?nttId=49737&menuNo=200202&viewType=&searchCnd=22&searchWrd=&pageIndex=1,https://www.fss.or.kr/fss/bbs/B0000172/list.do?menuNo=200202&bbsId=&cl1Cd=&cl2Cd=&cl3Cd=&pageIndex=1&paramDeptname=&viewType=&selectDeptname=&searchCnd=22&searchWrd=,56
소비자보호실태평가 결과는 어디서 확인할 수 있나요?,"소비자보호실태평가 결과는 금융감독원 홈페이지
(www.fss.or.kr
)
또는 개별 금융기관 및 협회 홈페이지
*
등을 통해 확인하실 수 있습니다.
※ 금융 권역별 협회 홈페이지 목록
은      행 : 전국은행연합회(www.kfb.or.kr)
생명보험 : 생명보험협회(www.klia.or.kr)
손해보험 : 손해보험협회(www.knia.or.kr)
카      드 : 여신금융협회(www.crefia.or.kr)
저축은행 : 저축은행중앙회(www.fsb.or.kr)
금융투자 : 금융투자협회(www.kofia.or.kr)",https://www.fss.or.kr/fss/bbs/B0000172/view.do?nttId=49736&menuNo=200202&viewType=&searchCnd=22&searchWrd=&pageIndex=1,https://www.fss.or.kr/fss/bbs/B0000172/list.do?menuNo=200202&bbsId=&cl1Cd=&cl2Cd=&cl3Cd=&pageIndex=1&paramDeptname=&viewType=&selectDeptname=&searchCnd=22&searchWrd=,56
소비자보호실태평가의 평가방법이 궁금합니다.,"「금융소비자보호 모범규준」에 명기된 소비자보호 사항의 이행여부 점검을 위해 계량 5개, 비계량 5개 등 총 10개 부문으로 구성하여 각 부문별로 평가하고 있습니다.
자세한 내용은 첨부파일을 참고해주시길 바랍니다.",https://www.fss.or.kr/fss/bbs/B0000172/view.do?nttId=49735&menuNo=200202&viewType=&searchCnd=22&searchWrd=&pageIndex=1,https://www.fss.or.kr/fss/bbs/B0000172/list.do?menuNo=200202&bbsId=&cl1Cd=&cl2Cd=&cl3Cd=&pageIndex=1&paramDeptname=&viewType=&selectDeptname=&searchCnd=22&searchWrd=,56
소비자보호실태평가는 어떤 제도인가요?,"금융감독원은 금융회사의 민원예방 노력 유도 등을 위해 2002년부터 「민원발생평가제도」를 운영
*
해왔습니다.
* 금감원이 처리한 민원건수를 기초로 금융회사를 1∼5등급으로 평가하고 대외에 공표(’14년은 81개사 평가)
그러나 민원건수 위주의 평가만으로는 금융회사의 소비자보호 수준을 평가하고, 금융회사의 자율적 개선노력을 유도하는데 한계가 있어 제도 개선의 필요성이 지속적으로 제기되어 왔습니다.
이에 따라 기존 민원발생평가제도를 대신하여 금융회사의 다양한 소비자보호 활동을 종합적으로 평가할 수 있는 「금융소비자보호 실태평가제도」를 도입·시행
('16.4월 시행)
하게 되었습니다.
소비자보호실태평가제도는
금융소비자에게는 거래 금융회사 선택에 필요한 유용한 정보를 제공하는 한편, 금융회사에게는 소비자보호 중심의 경영문화 확산을 유도하는데 중점을 두고 있습니다.",https://www.fss.or.kr/fss/bbs/B0000172/view.do?nttId=49734&menuNo=200202&viewType=&searchCnd=22&searchWrd=&pageIndex=1,https://www.fss.or.kr/fss/bbs/B0000172/list.do?menuNo=200202&bbsId=&cl1Cd=&cl2Cd=&cl3Cd=&pageIndex=1&paramDeptname=&viewType=&selectDeptname=&searchCnd=22&searchWrd=,56
금융감독원의 민원대상 금융회사가 궁금합니다.,"금융감독원은 은행, 금융투자업자, 보험회사, 여신전문금융회사, 상호저축은행 등 금융기관에 대한 민원을 처리하고 있습니다.
금융감독원의 민원대상 금융기관 조회방법은 다음과 같습니다.
1. 금융감독원 홈페이지 → e-금융민원센터 → 민원안내 → 금융민원신청 안내 → 유의사항
2.
http://www.fcsc.kr/D/fu_d_01_02.jsp
→  유의사항
참고로, 금융감독원의 민원대상 금융기관이 아닌 경우 타 부처 등으로 민원이 이송될 수 있음을 알려드립니다.",https://www.fss.or.kr/fss/bbs/B0000172/view.do?nttId=49733&menuNo=200202&viewType=&searchCnd=22&searchWrd=&pageIndex=1,https://www.fss.or.kr/fss/bbs/B0000172/list.do?menuNo=200202&bbsId=&cl1Cd=&cl2Cd=&cl3Cd=&pageIndex=1&paramDeptname=&viewType=&selectDeptname=&searchCnd=22&searchWrd=,56
내 금융계좌를 한번에 조회할 수 있는 사이트는 없나요?,"‘내 계좌 한눈에’ 서비스를 통하여 본인의 주요 금융계좌 정보를 한번에 조회할 수 있습니다!
금융소비자정보포털 ‘파인’(fine.fss.or.kr) 또는 ’내 계좌 한눈에‘ 홈페이지 (
www.accountinfo.or.kr)
를
통해 9시부터 22시까지 이용가능하며(연중무휴), 은행·상호금융
계좌, 보험 계약, 대부업체를 제외한 제도권 금융회사의 대출정보를 일괄조회 할 수 있습니다.",https://www.fss.or.kr/fss/bbs/B0000172/view.do?nttId=49732&menuNo=200202&viewType=&searchCnd=22&searchWrd=&pageIndex=1,https://www.fss.or.kr/fss/bbs/B0000172/list.do?menuNo=200202&bbsId=&cl1Cd=&cl2Cd=&cl3Cd=&pageIndex=1&paramDeptname=&viewType=&selectDeptname=&searchCnd=22&searchWrd=,56
어려운 금융용어 등을 쉽게 찾아볼 수 있는 사이트는 없나요?,"금융감독원은 금융소비자의 전문적인 금융용어에 대한 이해도를 제고하기 위해 관련 제도의 배경, 이슈 등을 종합적으로 반영해 작성한 ‘
금융용어사전
’을 오픈하였습니다.
‘금융용어사전’에는 핀테크 발달을 반영한 인터넷 전문은행, P2P(Peer to Peer) 대출, 로보어드바이저, 크라우드펀딩 등 전문 용어를 비롯한 533개 용어를 상세히 설명하고 있습니다.
금융감독원 홈페이지 및 ‘파인(FINE:fine.fss.or.kr)'의 금융용어사전’ 코너에서 찾아보실 수
있으며, 알고 싶은 용어명을 정확히 입력하지 않더라고 일부 단어만으로도 검색이 가능합니다.",https://www.fss.or.kr/fss/bbs/B0000172/view.do?nttId=49731&menuNo=200202&viewType=&searchCnd=22&searchWrd=&pageIndex=1,https://www.fss.or.kr/fss/bbs/B0000172/list.do?menuNo=200202&bbsId=&cl1Cd=&cl2Cd=&cl3Cd=&pageIndex=1&paramDeptname=&viewType=&selectDeptname=&searchCnd=22&searchWrd=,56
정기예금 및 적금 금리를 한눈에 비교해 볼 수 있는 곳은 없나요?,"금융감독원은 소비자의 금융상품 선택에 실질적인 도움이 될 수 있도록,
금융상품 통합 비교공시시스템 ‘금융상품한눈에’
를 오픈하였습니다.
예·적금, 대출 등 금융상품을 통합 비교공시하고 있으며,
실손보험, 자동차보험 등은 협회사이트(보험다모아)를 연결하여 제공하고 있습니다.
(다만 본 사이트의 금융상품 정보는 매월 20일 정기적으로 공시하고 있으며, 최신정보 제공을 위해 노력하고 있으나 금융상품의 금리 등 거래조건이 수시로 변경될 수 있으므로 거래전 반드시 해당 금융회사에 문의 후 구입을 결정하시기 바랍니다.)
* 홈페이지 주소 :
http://finlife.fss.or.kr",https://www.fss.or.kr/fss/bbs/B0000172/view.do?nttId=49730&menuNo=200202&viewType=&searchCnd=22&searchWrd=&pageIndex=1,https://www.fss.or.kr/fss/bbs/B0000172/list.do?menuNo=200202&bbsId=&cl1Cd=&cl2Cd=&cl3Cd=&pageIndex=1&paramDeptname=&viewType=&selectDeptname=&searchCnd=22&searchWrd=,56
「보이는 ARS」는 어떻게 이용할 수 있나요?,"금융감독원은
금감원 콜센터(☎1332)의 음성
ARS
안내
내용
을
스
마트폰
화면
을
통해
한 번에 확
인
할
수 있는
｢
보이는 1332｣ 서
비스
를
시
행중에 있습니다. 동 서비스 이용방법은 첨부파일을 참고하여 주시기 바랍니다.",https://www.fss.or.kr/fss/bbs/B0000172/view.do?nttId=49729&menuNo=200202&viewType=&searchCnd=22&searchWrd=&pageIndex=1,https://www.fss.or.kr/fss/bbs/B0000172/list.do?menuNo=200202&bbsId=&cl1Cd=&cl2Cd=&cl3Cd=&pageIndex=1&paramDeptname=&viewType=&selectDeptname=&searchCnd=22&searchWrd=,56
대차료 지급기준 참고(예시),"자동차보험 대차료 지급기준 개선
*
내용을 반영한 FAQ를 게시하오니 참고하시기 바랍니다.
* '22.9.29. 금융감독원 보도자료 ""현행 내연기관 중심의 자동차보험 대차료 지급기준을 친환경차 보급 확대 등 환경변화에 맞게 개선합니다
(
'22.10.11.부터 시행예정
)
""
참조",https://www.fss.or.kr/fss/bbs/B0000172/view.do?nttId=49737&menuNo=200202&viewType=&searchCnd=22&searchWrd=&pageIndex=1,https://www.fss.or.kr/fss/bbs/B0000172/list.do?menuNo=200202&bbsId=&cl1Cd=&cl2Cd=&cl3Cd=&pageIndex=1&paramDeptname=&viewType=&selectDeptname=&searchCnd=22&searchWrd=,57
소비자보호실태평가 결과는 어디서 확인할 수 있나요?,"소비자보호실태평가 결과는 금융감독원 홈페이지
(www.fss.or.kr
)
또는 개별 금융기관 및 협회 홈페이지
*
등을 통해 확인하실 수 있습니다.
※ 금융 권역별 협회 홈페이지 목록
은      행 : 전국은행연합회(www.kfb.or.kr)
생명보험 : 생명보험협회(www.klia.or.kr)
손해보험 : 손해보험협회(www.knia.or.kr)
카      드 : 여신금융협회(www.crefia.or.kr)
저축은행 : 저축은행중앙회(www.fsb.or.kr)
금융투자 : 금융투자협회(www.kofia.or.kr)",https://www.fss.or.kr/fss/bbs/B0000172/view.do?nttId=49736&menuNo=200202&viewType=&searchCnd=22&searchWrd=&pageIndex=1,https://www.fss.or.kr/fss/bbs/B0000172/list.do?menuNo=200202&bbsId=&cl1Cd=&cl2Cd=&cl3Cd=&pageIndex=1&paramDeptname=&viewType=&selectDeptname=&searchCnd=22&searchWrd=,57
소비자보호실태평가의 평가방법이 궁금합니다.,"「금융소비자보호 모범규준」에 명기된 소비자보호 사항의 이행여부 점검을 위해 계량 5개, 비계량 5개 등 총 10개 부문으로 구성하여 각 부문별로 평가하고 있습니다.
자세한 내용은 첨부파일을 참고해주시길 바랍니다.",https://www.fss.or.kr/fss/bbs/B0000172/view.do?nttId=49735&menuNo=200202&viewType=&searchCnd=22&searchWrd=&pageIndex=1,https://www.fss.or.kr/fss/bbs/B0000172/list.do?menuNo=200202&bbsId=&cl1Cd=&cl2Cd=&cl3Cd=&pageIndex=1&paramDeptname=&viewType=&selectDeptname=&searchCnd=22&searchWrd=,57
소비자보호실태평가는 어떤 제도인가요?,"금융감독원은 금융회사의 민원예방 노력 유도 등을 위해 2002년부터 「민원발생평가제도」를 운영
*
해왔습니다.
* 금감원이 처리한 민원건수를 기초로 금융회사를 1∼5등급으로 평가하고 대외에 공표(’14년은 81개사 평가)
그러나 민원건수 위주의 평가만으로는 금융회사의 소비자보호 수준을 평가하고, 금융회사의 자율적 개선노력을 유도하는데 한계가 있어 제도 개선의 필요성이 지속적으로 제기되어 왔습니다.
이에 따라 기존 민원발생평가제도를 대신하여 금융회사의 다양한 소비자보호 활동을 종합적으로 평가할 수 있는 「금융소비자보호 실태평가제도」를 도입·시행
('16.4월 시행)
하게 되었습니다.
소비자보호실태평가제도는
금융소비자에게는 거래 금융회사 선택에 필요한 유용한 정보를 제공하는 한편, 금융회사에게는 소비자보호 중심의 경영문화 확산을 유도하는데 중점을 두고 있습니다.",https://www.fss.or.kr/fss/bbs/B0000172/view.do?nttId=49734&menuNo=200202&viewType=&searchCnd=22&searchWrd=&pageIndex=1,https://www.fss.or.kr/fss/bbs/B0000172/list.do?menuNo=200202&bbsId=&cl1Cd=&cl2Cd=&cl3Cd=&pageIndex=1&paramDeptname=&viewType=&selectDeptname=&searchCnd=22&searchWrd=,57
금융감독원의 민원대상 금융회사가 궁금합니다.,"금융감독원은 은행, 금융투자업자, 보험회사, 여신전문금융회사, 상호저축은행 등 금융기관에 대한 민원을 처리하고 있습니다.
금융감독원의 민원대상 금융기관 조회방법은 다음과 같습니다.
1. 금융감독원 홈페이지 → e-금융민원센터 → 민원안내 → 금융민원신청 안내 → 유의사항
2.
http://www.fcsc.kr/D/fu_d_01_02.jsp
→  유의사항
참고로, 금융감독원의 민원대상 금융기관이 아닌 경우 타 부처 등으로 민원이 이송될 수 있음을 알려드립니다.",https://www.fss.or.kr/fss/bbs/B0000172/view.do?nttId=49733&menuNo=200202&viewType=&searchCnd=22&searchWrd=&pageIndex=1,https://www.fss.or.kr/fss/bbs/B0000172/list.do?menuNo=200202&bbsId=&cl1Cd=&cl2Cd=&cl3Cd=&pageIndex=1&paramDeptname=&viewType=&selectDeptname=&searchCnd=22&searchWrd=,57
내 금융계좌를 한번에 조회할 수 있는 사이트는 없나요?,"‘내 계좌 한눈에’ 서비스를 통하여 본인의 주요 금융계좌 정보를 한번에 조회할 수 있습니다!
금융소비자정보포털 ‘파인’(fine.fss.or.kr) 또는 ’내 계좌 한눈에‘ 홈페이지 (
www.accountinfo.or.kr)
를
통해 9시부터 22시까지 이용가능하며(연중무휴), 은행·상호금융
계좌, 보험 계약, 대부업체를 제외한 제도권 금융회사의 대출정보를 일괄조회 할 수 있습니다.",https://www.fss.or.kr/fss/bbs/B0000172/view.do?nttId=49732&menuNo=200202&viewType=&searchCnd=22&searchWrd=&pageIndex=1,https://www.fss.or.kr/fss/bbs/B0000172/list.do?menuNo=200202&bbsId=&cl1Cd=&cl2Cd=&cl3Cd=&pageIndex=1&paramDeptname=&viewType=&selectDeptname=&searchCnd=22&searchWrd=,57
어려운 금융용어 등을 쉽게 찾아볼 수 있는 사이트는 없나요?,"금융감독원은 금융소비자의 전문적인 금융용어에 대한 이해도를 제고하기 위해 관련 제도의 배경, 이슈 등을 종합적으로 반영해 작성한 ‘
금융용어사전
’을 오픈하였습니다.
‘금융용어사전’에는 핀테크 발달을 반영한 인터넷 전문은행, P2P(Peer to Peer) 대출, 로보어드바이저, 크라우드펀딩 등 전문 용어를 비롯한 533개 용어를 상세히 설명하고 있습니다.
금융감독원 홈페이지 및 ‘파인(FINE:fine.fss.or.kr)'의 금융용어사전’ 코너에서 찾아보실 수
있으며, 알고 싶은 용어명을 정확히 입력하지 않더라고 일부 단어만으로도 검색이 가능합니다.",https://www.fss.or.kr/fss/bbs/B0000172/view.do?nttId=49731&menuNo=200202&viewType=&searchCnd=22&searchWrd=&pageIndex=1,https://www.fss.or.kr/fss/bbs/B0000172/list.do?menuNo=200202&bbsId=&cl1Cd=&cl2Cd=&cl3Cd=&pageIndex=1&paramDeptname=&viewType=&selectDeptname=&searchCnd=22&searchWrd=,57
정기예금 및 적금 금리를 한눈에 비교해 볼 수 있는 곳은 없나요?,"금융감독원은 소비자의 금융상품 선택에 실질적인 도움이 될 수 있도록,
금융상품 통합 비교공시시스템 ‘금융상품한눈에’
를 오픈하였습니다.
예·적금, 대출 등 금융상품을 통합 비교공시하고 있으며,
실손보험, 자동차보험 등은 협회사이트(보험다모아)를 연결하여 제공하고 있습니다.
(다만 본 사이트의 금융상품 정보는 매월 20일 정기적으로 공시하고 있으며, 최신정보 제공을 위해 노력하고 있으나 금융상품의 금리 등 거래조건이 수시로 변경될 수 있으므로 거래전 반드시 해당 금융회사에 문의 후 구입을 결정하시기 바랍니다.)
* 홈페이지 주소 :
http://finlife.fss.or.kr",https://www.fss.or.kr/fss/bbs/B0000172/view.do?nttId=49730&menuNo=200202&viewType=&searchCnd=22&searchWrd=&pageIndex=1,https://www.fss.or.kr/fss/bbs/B0000172/list.do?menuNo=200202&bbsId=&cl1Cd=&cl2Cd=&cl3Cd=&pageIndex=1&paramDeptname=&viewType=&selectDeptname=&searchCnd=22&searchWrd=,57
「보이는 ARS」는 어떻게 이용할 수 있나요?,"금융감독원은
금감원 콜센터(☎1332)의 음성
ARS
안내
내용
을
스
마트폰
화면
을
통해
한 번에 확
인
할
수 있는
｢
보이는 1332｣ 서
비스
를
시
행중에 있습니다. 동 서비스 이용방법은 첨부파일을 참고하여 주시기 바랍니다.",https://www.fss.or.kr/fss/bbs/B0000172/view.do?nttId=49729&menuNo=200202&viewType=&searchCnd=22&searchWrd=&pageIndex=1,https://www.fss.or.kr/fss/bbs/B0000172/list.do?menuNo=200202&bbsId=&cl1Cd=&cl2Cd=&cl3Cd=&pageIndex=1&paramDeptname=&viewType=&selectDeptname=&searchCnd=22&searchWrd=,57
대차료 지급기준 참고(예시),"자동차보험 대차료 지급기준 개선
*
내용을 반영한 FAQ를 게시하오니 참고하시기 바랍니다.
* '22.9.29. 금융감독원 보도자료 ""현행 내연기관 중심의 자동차보험 대차료 지급기준을 친환경차 보급 확대 등 환경변화에 맞게 개선합니다
(
'22.10.11.부터 시행예정
)
""
참조",https://www.fss.or.kr/fss/bbs/B0000172/view.do?nttId=49737&menuNo=200202&viewType=&searchCnd=22&searchWrd=&pageIndex=1,https://www.fss.or.kr/fss/bbs/B0000172/list.do?menuNo=200202&bbsId=&cl1Cd=&cl2Cd=&cl3Cd=&pageIndex=1&paramDeptname=&viewType=&selectDeptname=&searchCnd=22&searchWrd=,58
소비자보호실태평가 결과는 어디서 확인할 수 있나요?,"소비자보호실태평가 결과는 금융감독원 홈페이지
(www.fss.or.kr
)
또는 개별 금융기관 및 협회 홈페이지
*
등을 통해 확인하실 수 있습니다.
※ 금융 권역별 협회 홈페이지 목록
은      행 : 전국은행연합회(www.kfb.or.kr)
생명보험 : 생명보험협회(www.klia.or.kr)
손해보험 : 손해보험협회(www.knia.or.kr)
카      드 : 여신금융협회(www.crefia.or.kr)
저축은행 : 저축은행중앙회(www.fsb.or.kr)
금융투자 : 금융투자협회(www.kofia.or.kr)",https://www.fss.or.kr/fss/bbs/B0000172/view.do?nttId=49736&menuNo=200202&viewType=&searchCnd=22&searchWrd=&pageIndex=1,https://www.fss.or.kr/fss/bbs/B0000172/list.do?menuNo=200202&bbsId=&cl1Cd=&cl2Cd=&cl3Cd=&pageIndex=1&paramDeptname=&viewType=&selectDeptname=&searchCnd=22&searchWrd=,58
소비자보호실태평가의 평가방법이 궁금합니다.,"「금융소비자보호 모범규준」에 명기된 소비자보호 사항의 이행여부 점검을 위해 계량 5개, 비계량 5개 등 총 10개 부문으로 구성하여 각 부문별로 평가하고 있습니다.
자세한 내용은 첨부파일을 참고해주시길 바랍니다.",https://www.fss.or.kr/fss/bbs/B0000172/view.do?nttId=49735&menuNo=200202&viewType=&searchCnd=22&searchWrd=&pageIndex=1,https://www.fss.or.kr/fss/bbs/B0000172/list.do?menuNo=200202&bbsId=&cl1Cd=&cl2Cd=&cl3Cd=&pageIndex=1&paramDeptname=&viewType=&selectDeptname=&searchCnd=22&searchWrd=,58
소비자보호실태평가는 어떤 제도인가요?,"금융감독원은 금융회사의 민원예방 노력 유도 등을 위해 2002년부터 「민원발생평가제도」를 운영
*
해왔습니다.
* 금감원이 처리한 민원건수를 기초로 금융회사를 1∼5등급으로 평가하고 대외에 공표(’14년은 81개사 평가)
그러나 민원건수 위주의 평가만으로는 금융회사의 소비자보호 수준을 평가하고, 금융회사의 자율적 개선노력을 유도하는데 한계가 있어 제도 개선의 필요성이 지속적으로 제기되어 왔습니다.
이에 따라 기존 민원발생평가제도를 대신하여 금융회사의 다양한 소비자보호 활동을 종합적으로 평가할 수 있는 「금융소비자보호 실태평가제도」를 도입·시행
('16.4월 시행)
하게 되었습니다.
소비자보호실태평가제도는
금융소비자에게는 거래 금융회사 선택에 필요한 유용한 정보를 제공하는 한편, 금융회사에게는 소비자보호 중심의 경영문화 확산을 유도하는데 중점을 두고 있습니다.",https://www.fss.or.kr/fss/bbs/B0000172/view.do?nttId=49734&menuNo=200202&viewType=&searchCnd=22&searchWrd=&pageIndex=1,https://www.fss.or.kr/fss/bbs/B0000172/list.do?menuNo=200202&bbsId=&cl1Cd=&cl2Cd=&cl3Cd=&pageIndex=1&paramDeptname=&viewType=&selectDeptname=&searchCnd=22&searchWrd=,58
금융감독원의 민원대상 금융회사가 궁금합니다.,"금융감독원은 은행, 금융투자업자, 보험회사, 여신전문금융회사, 상호저축은행 등 금융기관에 대한 민원을 처리하고 있습니다.
금융감독원의 민원대상 금융기관 조회방법은 다음과 같습니다.
1. 금융감독원 홈페이지 → e-금융민원센터 → 민원안내 → 금융민원신청 안내 → 유의사항
2.
http://www.fcsc.kr/D/fu_d_01_02.jsp
→  유의사항
참고로, 금융감독원의 민원대상 금융기관이 아닌 경우 타 부처 등으로 민원이 이송될 수 있음을 알려드립니다.",https://www.fss.or.kr/fss/bbs/B0000172/view.do?nttId=49733&menuNo=200202&viewType=&searchCnd=22&searchWrd=&pageIndex=1,https://www.fss.or.kr/fss/bbs/B0000172/list.do?menuNo=200202&bbsId=&cl1Cd=&cl2Cd=&cl3Cd=&pageIndex=1&paramDeptname=&viewType=&selectDeptname=&searchCnd=22&searchWrd=,58
내 금융계좌를 한번에 조회할 수 있는 사이트는 없나요?,"‘내 계좌 한눈에’ 서비스를 통하여 본인의 주요 금융계좌 정보를 한번에 조회할 수 있습니다!
금융소비자정보포털 ‘파인’(fine.fss.or.kr) 또는 ’내 계좌 한눈에‘ 홈페이지 (
www.accountinfo.or.kr)
를
통해 9시부터 22시까지 이용가능하며(연중무휴), 은행·상호금융
계좌, 보험 계약, 대부업체를 제외한 제도권 금융회사의 대출정보를 일괄조회 할 수 있습니다.",https://www.fss.or.kr/fss/bbs/B0000172/view.do?nttId=49732&menuNo=200202&viewType=&searchCnd=22&searchWrd=&pageIndex=1,https://www.fss.or.kr/fss/bbs/B0000172/list.do?menuNo=200202&bbsId=&cl1Cd=&cl2Cd=&cl3Cd=&pageIndex=1&paramDeptname=&viewType=&selectDeptname=&searchCnd=22&searchWrd=,58
어려운 금융용어 등을 쉽게 찾아볼 수 있는 사이트는 없나요?,"금융감독원은 금융소비자의 전문적인 금융용어에 대한 이해도를 제고하기 위해 관련 제도의 배경, 이슈 등을 종합적으로 반영해 작성한 ‘
금융용어사전
’을 오픈하였습니다.
‘금융용어사전’에는 핀테크 발달을 반영한 인터넷 전문은행, P2P(Peer to Peer) 대출, 로보어드바이저, 크라우드펀딩 등 전문 용어를 비롯한 533개 용어를 상세히 설명하고 있습니다.
금융감독원 홈페이지 및 ‘파인(FINE:fine.fss.or.kr)'의 금융용어사전’ 코너에서 찾아보실 수
있으며, 알고 싶은 용어명을 정확히 입력하지 않더라고 일부 단어만으로도 검색이 가능합니다.",https://www.fss.or.kr/fss/bbs/B0000172/view.do?nttId=49731&menuNo=200202&viewType=&searchCnd=22&searchWrd=&pageIndex=1,https://www.fss.or.kr/fss/bbs/B0000172/list.do?menuNo=200202&bbsId=&cl1Cd=&cl2Cd=&cl3Cd=&pageIndex=1&paramDeptname=&viewType=&selectDeptname=&searchCnd=22&searchWrd=,58
정기예금 및 적금 금리를 한눈에 비교해 볼 수 있는 곳은 없나요?,"금융감독원은 소비자의 금융상품 선택에 실질적인 도움이 될 수 있도록,
금융상품 통합 비교공시시스템 ‘금융상품한눈에’
를 오픈하였습니다.
예·적금, 대출 등 금융상품을 통합 비교공시하고 있으며,
실손보험, 자동차보험 등은 협회사이트(보험다모아)를 연결하여 제공하고 있습니다.
(다만 본 사이트의 금융상품 정보는 매월 20일 정기적으로 공시하고 있으며, 최신정보 제공을 위해 노력하고 있으나 금융상품의 금리 등 거래조건이 수시로 변경될 수 있으므로 거래전 반드시 해당 금융회사에 문의 후 구입을 결정하시기 바랍니다.)
* 홈페이지 주소 :
http://finlife.fss.or.kr",https://www.fss.or.kr/fss/bbs/B0000172/view.do?nttId=49730&menuNo=200202&viewType=&searchCnd=22&searchWrd=&pageIndex=1,https://www.fss.or.kr/fss/bbs/B0000172/list.do?menuNo=200202&bbsId=&cl1Cd=&cl2Cd=&cl3Cd=&pageIndex=1&paramDeptname=&viewType=&selectDeptname=&searchCnd=22&searchWrd=,58
「보이는 ARS」는 어떻게 이용할 수 있나요?,"금융감독원은
금감원 콜센터(☎1332)의 음성
ARS
안내
내용
을
스
마트폰
화면
을
통해
한 번에 확
인
할
수 있는
｢
보이는 1332｣ 서
비스
를
시
행중에 있습니다. 동 서비스 이용방법은 첨부파일을 참고하여 주시기 바랍니다.",https://www.fss.or.kr/fss/bbs/B0000172/view.do?nttId=49729&menuNo=200202&viewType=&searchCnd=22&searchWrd=&pageIndex=1,https://www.fss.or.kr/fss/bbs/B0000172/list.do?menuNo=200202&bbsId=&cl1Cd=&cl2Cd=&cl3Cd=&pageIndex=1&paramDeptname=&viewType=&selectDeptname=&searchCnd=22&searchWrd=,58
대차료 지급기준 참고(예시),"자동차보험 대차료 지급기준 개선
*
내용을 반영한 FAQ를 게시하오니 참고하시기 바랍니다.
* '22.9.29. 금융감독원 보도자료 ""현행 내연기관 중심의 자동차보험 대차료 지급기준을 친환경차 보급 확대 등 환경변화에 맞게 개선합니다
(
'22.10.11.부터 시행예정
)
""
참조",https://www.fss.or.kr/fss/bbs/B0000172/view.do?nttId=49737&menuNo=200202&viewType=&searchCnd=22&searchWrd=&pageIndex=1,https://www.fss.or.kr/fss/bbs/B0000172/list.do?menuNo=200202&bbsId=&cl1Cd=&cl2Cd=&cl3Cd=&pageIndex=1&paramDeptname=&viewType=&selectDeptname=&searchCnd=22&searchWrd=,59
소비자보호실태평가 결과는 어디서 확인할 수 있나요?,"소비자보호실태평가 결과는 금융감독원 홈페이지
(www.fss.or.kr
)
또는 개별 금융기관 및 협회 홈페이지
*
등을 통해 확인하실 수 있습니다.
※ 금융 권역별 협회 홈페이지 목록
은      행 : 전국은행연합회(www.kfb.or.kr)
생명보험 : 생명보험협회(www.klia.or.kr)
손해보험 : 손해보험협회(www.knia.or.kr)
카      드 : 여신금융협회(www.crefia.or.kr)
저축은행 : 저축은행중앙회(www.fsb.or.kr)
금융투자 : 금융투자협회(www.kofia.or.kr)",https://www.fss.or.kr/fss/bbs/B0000172/view.do?nttId=49736&menuNo=200202&viewType=&searchCnd=22&searchWrd=&pageIndex=1,https://www.fss.or.kr/fss/bbs/B0000172/list.do?menuNo=200202&bbsId=&cl1Cd=&cl2Cd=&cl3Cd=&pageIndex=1&paramDeptname=&viewType=&selectDeptname=&searchCnd=22&searchWrd=,59
소비자보호실태평가의 평가방법이 궁금합니다.,"「금융소비자보호 모범규준」에 명기된 소비자보호 사항의 이행여부 점검을 위해 계량 5개, 비계량 5개 등 총 10개 부문으로 구성하여 각 부문별로 평가하고 있습니다.
자세한 내용은 첨부파일을 참고해주시길 바랍니다.",https://www.fss.or.kr/fss/bbs/B0000172/view.do?nttId=49735&menuNo=200202&viewType=&searchCnd=22&searchWrd=&pageIndex=1,https://www.fss.or.kr/fss/bbs/B0000172/list.do?menuNo=200202&bbsId=&cl1Cd=&cl2Cd=&cl3Cd=&pageIndex=1&paramDeptname=&viewType=&selectDeptname=&searchCnd=22&searchWrd=,59
소비자보호실태평가는 어떤 제도인가요?,"금융감독원은 금융회사의 민원예방 노력 유도 등을 위해 2002년부터 「민원발생평가제도」를 운영
*
해왔습니다.
* 금감원이 처리한 민원건수를 기초로 금융회사를 1∼5등급으로 평가하고 대외에 공표(’14년은 81개사 평가)
그러나 민원건수 위주의 평가만으로는 금융회사의 소비자보호 수준을 평가하고, 금융회사의 자율적 개선노력을 유도하는데 한계가 있어 제도 개선의 필요성이 지속적으로 제기되어 왔습니다.
이에 따라 기존 민원발생평가제도를 대신하여 금융회사의 다양한 소비자보호 활동을 종합적으로 평가할 수 있는 「금융소비자보호 실태평가제도」를 도입·시행
('16.4월 시행)
하게 되었습니다.
소비자보호실태평가제도는
금융소비자에게는 거래 금융회사 선택에 필요한 유용한 정보를 제공하는 한편, 금융회사에게는 소비자보호 중심의 경영문화 확산을 유도하는데 중점을 두고 있습니다.",https://www.fss.or.kr/fss/bbs/B0000172/view.do?nttId=49734&menuNo=200202&viewType=&searchCnd=22&searchWrd=&pageIndex=1,https://www.fss.or.kr/fss/bbs/B0000172/list.do?menuNo=200202&bbsId=&cl1Cd=&cl2Cd=&cl3Cd=&pageIndex=1&paramDeptname=&viewType=&selectDeptname=&searchCnd=22&searchWrd=,59
금융감독원의 민원대상 금융회사가 궁금합니다.,"금융감독원은 은행, 금융투자업자, 보험회사, 여신전문금융회사, 상호저축은행 등 금융기관에 대한 민원을 처리하고 있습니다.
금융감독원의 민원대상 금융기관 조회방법은 다음과 같습니다.
1. 금융감독원 홈페이지 → e-금융민원센터 → 민원안내 → 금융민원신청 안내 → 유의사항
2.
http://www.fcsc.kr/D/fu_d_01_02.jsp
→  유의사항
참고로, 금융감독원의 민원대상 금융기관이 아닌 경우 타 부처 등으로 민원이 이송될 수 있음을 알려드립니다.",https://www.fss.or.kr/fss/bbs/B0000172/view.do?nttId=49733&menuNo=200202&viewType=&searchCnd=22&searchWrd=&pageIndex=1,https://www.fss.or.kr/fss/bbs/B0000172/list.do?menuNo=200202&bbsId=&cl1Cd=&cl2Cd=&cl3Cd=&pageIndex=1&paramDeptname=&viewType=&selectDeptname=&searchCnd=22&searchWrd=,59
내 금융계좌를 한번에 조회할 수 있는 사이트는 없나요?,"‘내 계좌 한눈에’ 서비스를 통하여 본인의 주요 금융계좌 정보를 한번에 조회할 수 있습니다!
금융소비자정보포털 ‘파인’(fine.fss.or.kr) 또는 ’내 계좌 한눈에‘ 홈페이지 (
www.accountinfo.or.kr)
를
통해 9시부터 22시까지 이용가능하며(연중무휴), 은행·상호금융
계좌, 보험 계약, 대부업체를 제외한 제도권 금융회사의 대출정보를 일괄조회 할 수 있습니다.",https://www.fss.or.kr/fss/bbs/B0000172/view.do?nttId=49732&menuNo=200202&viewType=&searchCnd=22&searchWrd=&pageIndex=1,https://www.fss.or.kr/fss/bbs/B0000172/list.do?menuNo=200202&bbsId=&cl1Cd=&cl2Cd=&cl3Cd=&pageIndex=1&paramDeptname=&viewType=&selectDeptname=&searchCnd=22&searchWrd=,59
어려운 금융용어 등을 쉽게 찾아볼 수 있는 사이트는 없나요?,"금융감독원은 금융소비자의 전문적인 금융용어에 대한 이해도를 제고하기 위해 관련 제도의 배경, 이슈 등을 종합적으로 반영해 작성한 ‘
금융용어사전
’을 오픈하였습니다.
‘금융용어사전’에는 핀테크 발달을 반영한 인터넷 전문은행, P2P(Peer to Peer) 대출, 로보어드바이저, 크라우드펀딩 등 전문 용어를 비롯한 533개 용어를 상세히 설명하고 있습니다.
금융감독원 홈페이지 및 ‘파인(FINE:fine.fss.or.kr)'의 금융용어사전’ 코너에서 찾아보실 수
있으며, 알고 싶은 용어명을 정확히 입력하지 않더라고 일부 단어만으로도 검색이 가능합니다.",https://www.fss.or.kr/fss/bbs/B0000172/view.do?nttId=49731&menuNo=200202&viewType=&searchCnd=22&searchWrd=&pageIndex=1,https://www.fss.or.kr/fss/bbs/B0000172/list.do?menuNo=200202&bbsId=&cl1Cd=&cl2Cd=&cl3Cd=&pageIndex=1&paramDeptname=&viewType=&selectDeptname=&searchCnd=22&searchWrd=,59
정기예금 및 적금 금리를 한눈에 비교해 볼 수 있는 곳은 없나요?,"금융감독원은 소비자의 금융상품 선택에 실질적인 도움이 될 수 있도록,
금융상품 통합 비교공시시스템 ‘금융상품한눈에’
를 오픈하였습니다.
예·적금, 대출 등 금융상품을 통합 비교공시하고 있으며,
실손보험, 자동차보험 등은 협회사이트(보험다모아)를 연결하여 제공하고 있습니다.
(다만 본 사이트의 금융상품 정보는 매월 20일 정기적으로 공시하고 있으며, 최신정보 제공을 위해 노력하고 있으나 금융상품의 금리 등 거래조건이 수시로 변경될 수 있으므로 거래전 반드시 해당 금융회사에 문의 후 구입을 결정하시기 바랍니다.)
* 홈페이지 주소 :
http://finlife.fss.or.kr",https://www.fss.or.kr/fss/bbs/B0000172/view.do?nttId=49730&menuNo=200202&viewType=&searchCnd=22&searchWrd=&pageIndex=1,https://www.fss.or.kr/fss/bbs/B0000172/list.do?menuNo=200202&bbsId=&cl1Cd=&cl2Cd=&cl3Cd=&pageIndex=1&paramDeptname=&viewType=&selectDeptname=&searchCnd=22&searchWrd=,59
「보이는 ARS」는 어떻게 이용할 수 있나요?,"금융감독원은
금감원 콜센터(☎1332)의 음성
ARS
안내
내용
을
스
마트폰
화면
을
통해
한 번에 확
인
할
수 있는
｢
보이는 1332｣ 서
비스
를
시
행중에 있습니다. 동 서비스 이용방법은 첨부파일을 참고하여 주시기 바랍니다.",https://www.fss.or.kr/fss/bbs/B0000172/view.do?nttId=49729&menuNo=200202&viewType=&searchCnd=22&searchWrd=&pageIndex=1,https://www.fss.or.kr/fss/bbs/B0000172/list.do?menuNo=200202&bbsId=&cl1Cd=&cl2Cd=&cl3Cd=&pageIndex=1&paramDeptname=&viewType=&selectDeptname=&searchCnd=22&searchWrd=,59
대차료 지급기준 참고(예시),"자동차보험 대차료 지급기준 개선
*
내용을 반영한 FAQ를 게시하오니 참고하시기 바랍니다.
* '22.9.29. 금융감독원 보도자료 ""현행 내연기관 중심의 자동차보험 대차료 지급기준을 친환경차 보급 확대 등 환경변화에 맞게 개선합니다
(
'22.10.11.부터 시행예정
)
""
참조",https://www.fss.or.kr/fss/bbs/B0000172/view.do?nttId=49737&menuNo=200202&viewType=&searchCnd=22&searchWrd=&pageIndex=1,https://www.fss.or.kr/fss/bbs/B0000172/list.do?menuNo=200202&bbsId=&cl1Cd=&cl2Cd=&cl3Cd=&pageIndex=1&paramDeptname=&viewType=&selectDeptname=&searchCnd=22&searchWrd=,60
소비자보호실태평가 결과는 어디서 확인할 수 있나요?,"소비자보호실태평가 결과는 금융감독원 홈페이지
(www.fss.or.kr
)
또는 개별 금융기관 및 협회 홈페이지
*
등을 통해 확인하실 수 있습니다.
※ 금융 권역별 협회 홈페이지 목록
은      행 : 전국은행연합회(www.kfb.or.kr)
생명보험 : 생명보험협회(www.klia.or.kr)
손해보험 : 손해보험협회(www.knia.or.kr)
카      드 : 여신금융협회(www.crefia.or.kr)
저축은행 : 저축은행중앙회(www.fsb.or.kr)
금융투자 : 금융투자협회(www.kofia.or.kr)",https://www.fss.or.kr/fss/bbs/B0000172/view.do?nttId=49736&menuNo=200202&viewType=&searchCnd=22&searchWrd=&pageIndex=1,https://www.fss.or.kr/fss/bbs/B0000172/list.do?menuNo=200202&bbsId=&cl1Cd=&cl2Cd=&cl3Cd=&pageIndex=1&paramDeptname=&viewType=&selectDeptname=&searchCnd=22&searchWrd=,60
소비자보호실태평가의 평가방법이 궁금합니다.,"「금융소비자보호 모범규준」에 명기된 소비자보호 사항의 이행여부 점검을 위해 계량 5개, 비계량 5개 등 총 10개 부문으로 구성하여 각 부문별로 평가하고 있습니다.
자세한 내용은 첨부파일을 참고해주시길 바랍니다.",https://www.fss.or.kr/fss/bbs/B0000172/view.do?nttId=49735&menuNo=200202&viewType=&searchCnd=22&searchWrd=&pageIndex=1,https://www.fss.or.kr/fss/bbs/B0000172/list.do?menuNo=200202&bbsId=&cl1Cd=&cl2Cd=&cl3Cd=&pageIndex=1&paramDeptname=&viewType=&selectDeptname=&searchCnd=22&searchWrd=,60
소비자보호실태평가는 어떤 제도인가요?,"금융감독원은 금융회사의 민원예방 노력 유도 등을 위해 2002년부터 「민원발생평가제도」를 운영
*
해왔습니다.
* 금감원이 처리한 민원건수를 기초로 금융회사를 1∼5등급으로 평가하고 대외에 공표(’14년은 81개사 평가)
그러나 민원건수 위주의 평가만으로는 금융회사의 소비자보호 수준을 평가하고, 금융회사의 자율적 개선노력을 유도하는데 한계가 있어 제도 개선의 필요성이 지속적으로 제기되어 왔습니다.
이에 따라 기존 민원발생평가제도를 대신하여 금융회사의 다양한 소비자보호 활동을 종합적으로 평가할 수 있는 「금융소비자보호 실태평가제도」를 도입·시행
('16.4월 시행)
하게 되었습니다.
소비자보호실태평가제도는
금융소비자에게는 거래 금융회사 선택에 필요한 유용한 정보를 제공하는 한편, 금융회사에게는 소비자보호 중심의 경영문화 확산을 유도하는데 중점을 두고 있습니다.",https://www.fss.or.kr/fss/bbs/B0000172/view.do?nttId=49734&menuNo=200202&viewType=&searchCnd=22&searchWrd=&pageIndex=1,https://www.fss.or.kr/fss/bbs/B0000172/list.do?menuNo=200202&bbsId=&cl1Cd=&cl2Cd=&cl3Cd=&pageIndex=1&paramDeptname=&viewType=&selectDeptname=&searchCnd=22&searchWrd=,60
금융감독원의 민원대상 금융회사가 궁금합니다.,"금융감독원은 은행, 금융투자업자, 보험회사, 여신전문금융회사, 상호저축은행 등 금융기관에 대한 민원을 처리하고 있습니다.
금융감독원의 민원대상 금융기관 조회방법은 다음과 같습니다.
1. 금융감독원 홈페이지 → e-금융민원센터 → 민원안내 → 금융민원신청 안내 → 유의사항
2.
http://www.fcsc.kr/D/fu_d_01_02.jsp
→  유의사항
참고로, 금융감독원의 민원대상 금융기관이 아닌 경우 타 부처 등으로 민원이 이송될 수 있음을 알려드립니다.",https://www.fss.or.kr/fss/bbs/B0000172/view.do?nttId=49733&menuNo=200202&viewType=&searchCnd=22&searchWrd=&pageIndex=1,https://www.fss.or.kr/fss/bbs/B0000172/list.do?menuNo=200202&bbsId=&cl1Cd=&cl2Cd=&cl3Cd=&pageIndex=1&paramDeptname=&viewType=&selectDeptname=&searchCnd=22&searchWrd=,60
내 금융계좌를 한번에 조회할 수 있는 사이트는 없나요?,"‘내 계좌 한눈에’ 서비스를 통하여 본인의 주요 금융계좌 정보를 한번에 조회할 수 있습니다!
금융소비자정보포털 ‘파인’(fine.fss.or.kr) 또는 ’내 계좌 한눈에‘ 홈페이지 (
www.accountinfo.or.kr)
를
통해 9시부터 22시까지 이용가능하며(연중무휴), 은행·상호금융
계좌, 보험 계약, 대부업체를 제외한 제도권 금융회사의 대출정보를 일괄조회 할 수 있습니다.",https://www.fss.or.kr/fss/bbs/B0000172/view.do?nttId=49732&menuNo=200202&viewType=&searchCnd=22&searchWrd=&pageIndex=1,https://www.fss.or.kr/fss/bbs/B0000172/list.do?menuNo=200202&bbsId=&cl1Cd=&cl2Cd=&cl3Cd=&pageIndex=1&paramDeptname=&viewType=&selectDeptname=&searchCnd=22&searchWrd=,60
어려운 금융용어 등을 쉽게 찾아볼 수 있는 사이트는 없나요?,"금융감독원은 금융소비자의 전문적인 금융용어에 대한 이해도를 제고하기 위해 관련 제도의 배경, 이슈 등을 종합적으로 반영해 작성한 ‘
금융용어사전
’을 오픈하였습니다.
‘금융용어사전’에는 핀테크 발달을 반영한 인터넷 전문은행, P2P(Peer to Peer) 대출, 로보어드바이저, 크라우드펀딩 등 전문 용어를 비롯한 533개 용어를 상세히 설명하고 있습니다.
금융감독원 홈페이지 및 ‘파인(FINE:fine.fss.or.kr)'의 금융용어사전’ 코너에서 찾아보실 수
있으며, 알고 싶은 용어명을 정확히 입력하지 않더라고 일부 단어만으로도 검색이 가능합니다.",https://www.fss.or.kr/fss/bbs/B0000172/view.do?nttId=49731&menuNo=200202&viewType=&searchCnd=22&searchWrd=&pageIndex=1,https://www.fss.or.kr/fss/bbs/B0000172/list.do?menuNo=200202&bbsId=&cl1Cd=&cl2Cd=&cl3Cd=&pageIndex=1&paramDeptname=&viewType=&selectDeptname=&searchCnd=22&searchWrd=,60
정기예금 및 적금 금리를 한눈에 비교해 볼 수 있는 곳은 없나요?,"금융감독원은 소비자의 금융상품 선택에 실질적인 도움이 될 수 있도록,
금융상품 통합 비교공시시스템 ‘금융상품한눈에’
를 오픈하였습니다.
예·적금, 대출 등 금융상품을 통합 비교공시하고 있으며,
실손보험, 자동차보험 등은 협회사이트(보험다모아)를 연결하여 제공하고 있습니다.
(다만 본 사이트의 금융상품 정보는 매월 20일 정기적으로 공시하고 있으며, 최신정보 제공을 위해 노력하고 있으나 금융상품의 금리 등 거래조건이 수시로 변경될 수 있으므로 거래전 반드시 해당 금융회사에 문의 후 구입을 결정하시기 바랍니다.)
* 홈페이지 주소 :
http://finlife.fss.or.kr",https://www.fss.or.kr/fss/bbs/B0000172/view.do?nttId=49730&menuNo=200202&viewType=&searchCnd=22&searchWrd=&pageIndex=1,https://www.fss.or.kr/fss/bbs/B0000172/list.do?menuNo=200202&bbsId=&cl1Cd=&cl2Cd=&cl3Cd=&pageIndex=1&paramDeptname=&viewType=&selectDeptname=&searchCnd=22&searchWrd=,60
「보이는 ARS」는 어떻게 이용할 수 있나요?,"금융감독원은
금감원 콜센터(☎1332)의 음성
ARS
안내
내용
을
스
마트폰
화면
을
통해
한 번에 확
인
할
수 있는
｢
보이는 1332｣ 서
비스
를
시
행중에 있습니다. 동 서비스 이용방법은 첨부파일을 참고하여 주시기 바랍니다.",https://www.fss.or.kr/fss/bbs/B0000172/view.do?nttId=49729&menuNo=200202&viewType=&searchCnd=22&searchWrd=&pageIndex=1,https://www.fss.or.kr/fss/bbs/B0000172/list.do?menuNo=200202&bbsId=&cl1Cd=&cl2Cd=&cl3Cd=&pageIndex=1&paramDeptname=&viewType=&selectDeptname=&searchCnd=22&searchWrd=,60
대차료 지급기준 참고(예시),"자동차보험 대차료 지급기준 개선
*
내용을 반영한 FAQ를 게시하오니 참고하시기 바랍니다.
* '22.9.29. 금융감독원 보도자료 ""현행 내연기관 중심의 자동차보험 대차료 지급기준을 친환경차 보급 확대 등 환경변화에 맞게 개선합니다
(
'22.10.11.부터 시행예정
)
""
참조",https://www.fss.or.kr/fss/bbs/B0000172/view.do?nttId=49737&menuNo=200202&viewType=&searchCnd=22&searchWrd=&pageIndex=1,https://www.fss.or.kr/fss/bbs/B0000172/list.do?menuNo=200202&bbsId=&cl1Cd=&cl2Cd=&cl3Cd=&pageIndex=1&paramDeptname=&viewType=&selectDeptname=&searchCnd=22&searchWrd=,61
소비자보호실태평가 결과는 어디서 확인할 수 있나요?,"소비자보호실태평가 결과는 금융감독원 홈페이지
(www.fss.or.kr
)
또는 개별 금융기관 및 협회 홈페이지
*
등을 통해 확인하실 수 있습니다.
※ 금융 권역별 협회 홈페이지 목록
은      행 : 전국은행연합회(www.kfb.or.kr)
생명보험 : 생명보험협회(www.klia.or.kr)
손해보험 : 손해보험협회(www.knia.or.kr)
카      드 : 여신금융협회(www.crefia.or.kr)
저축은행 : 저축은행중앙회(www.fsb.or.kr)
금융투자 : 금융투자협회(www.kofia.or.kr)",https://www.fss.or.kr/fss/bbs/B0000172/view.do?nttId=49736&menuNo=200202&viewType=&searchCnd=22&searchWrd=&pageIndex=1,https://www.fss.or.kr/fss/bbs/B0000172/list.do?menuNo=200202&bbsId=&cl1Cd=&cl2Cd=&cl3Cd=&pageIndex=1&paramDeptname=&viewType=&selectDeptname=&searchCnd=22&searchWrd=,61
소비자보호실태평가의 평가방법이 궁금합니다.,"「금융소비자보호 모범규준」에 명기된 소비자보호 사항의 이행여부 점검을 위해 계량 5개, 비계량 5개 등 총 10개 부문으로 구성하여 각 부문별로 평가하고 있습니다.
자세한 내용은 첨부파일을 참고해주시길 바랍니다.",https://www.fss.or.kr/fss/bbs/B0000172/view.do?nttId=49735&menuNo=200202&viewType=&searchCnd=22&searchWrd=&pageIndex=1,https://www.fss.or.kr/fss/bbs/B0000172/list.do?menuNo=200202&bbsId=&cl1Cd=&cl2Cd=&cl3Cd=&pageIndex=1&paramDeptname=&viewType=&selectDeptname=&searchCnd=22&searchWrd=,61
소비자보호실태평가는 어떤 제도인가요?,"금융감독원은 금융회사의 민원예방 노력 유도 등을 위해 2002년부터 「민원발생평가제도」를 운영
*
해왔습니다.
* 금감원이 처리한 민원건수를 기초로 금융회사를 1∼5등급으로 평가하고 대외에 공표(’14년은 81개사 평가)
그러나 민원건수 위주의 평가만으로는 금융회사의 소비자보호 수준을 평가하고, 금융회사의 자율적 개선노력을 유도하는데 한계가 있어 제도 개선의 필요성이 지속적으로 제기되어 왔습니다.
이에 따라 기존 민원발생평가제도를 대신하여 금융회사의 다양한 소비자보호 활동을 종합적으로 평가할 수 있는 「금융소비자보호 실태평가제도」를 도입·시행
('16.4월 시행)
하게 되었습니다.
소비자보호실태평가제도는
금융소비자에게는 거래 금융회사 선택에 필요한 유용한 정보를 제공하는 한편, 금융회사에게는 소비자보호 중심의 경영문화 확산을 유도하는데 중점을 두고 있습니다.",https://www.fss.or.kr/fss/bbs/B0000172/view.do?nttId=49734&menuNo=200202&viewType=&searchCnd=22&searchWrd=&pageIndex=1,https://www.fss.or.kr/fss/bbs/B0000172/list.do?menuNo=200202&bbsId=&cl1Cd=&cl2Cd=&cl3Cd=&pageIndex=1&paramDeptname=&viewType=&selectDeptname=&searchCnd=22&searchWrd=,61
금융감독원의 민원대상 금융회사가 궁금합니다.,"금융감독원은 은행, 금융투자업자, 보험회사, 여신전문금융회사, 상호저축은행 등 금융기관에 대한 민원을 처리하고 있습니다.
금융감독원의 민원대상 금융기관 조회방법은 다음과 같습니다.
1. 금융감독원 홈페이지 → e-금융민원센터 → 민원안내 → 금융민원신청 안내 → 유의사항
2.
http://www.fcsc.kr/D/fu_d_01_02.jsp
→  유의사항
참고로, 금융감독원의 민원대상 금융기관이 아닌 경우 타 부처 등으로 민원이 이송될 수 있음을 알려드립니다.",https://www.fss.or.kr/fss/bbs/B0000172/view.do?nttId=49733&menuNo=200202&viewType=&searchCnd=22&searchWrd=&pageIndex=1,https://www.fss.or.kr/fss/bbs/B0000172/list.do?menuNo=200202&bbsId=&cl1Cd=&cl2Cd=&cl3Cd=&pageIndex=1&paramDeptname=&viewType=&selectDeptname=&searchCnd=22&searchWrd=,61
내 금융계좌를 한번에 조회할 수 있는 사이트는 없나요?,"‘내 계좌 한눈에’ 서비스를 통하여 본인의 주요 금융계좌 정보를 한번에 조회할 수 있습니다!
금융소비자정보포털 ‘파인’(fine.fss.or.kr) 또는 ’내 계좌 한눈에‘ 홈페이지 (
www.accountinfo.or.kr)
를
통해 9시부터 22시까지 이용가능하며(연중무휴), 은행·상호금융
계좌, 보험 계약, 대부업체를 제외한 제도권 금융회사의 대출정보를 일괄조회 할 수 있습니다.",https://www.fss.or.kr/fss/bbs/B0000172/view.do?nttId=49732&menuNo=200202&viewType=&searchCnd=22&searchWrd=&pageIndex=1,https://www.fss.or.kr/fss/bbs/B0000172/list.do?menuNo=200202&bbsId=&cl1Cd=&cl2Cd=&cl3Cd=&pageIndex=1&paramDeptname=&viewType=&selectDeptname=&searchCnd=22&searchWrd=,61
어려운 금융용어 등을 쉽게 찾아볼 수 있는 사이트는 없나요?,"금융감독원은 금융소비자의 전문적인 금융용어에 대한 이해도를 제고하기 위해 관련 제도의 배경, 이슈 등을 종합적으로 반영해 작성한 ‘
금융용어사전
’을 오픈하였습니다.
‘금융용어사전’에는 핀테크 발달을 반영한 인터넷 전문은행, P2P(Peer to Peer) 대출, 로보어드바이저, 크라우드펀딩 등 전문 용어를 비롯한 533개 용어를 상세히 설명하고 있습니다.
금융감독원 홈페이지 및 ‘파인(FINE:fine.fss.or.kr)'의 금융용어사전’ 코너에서 찾아보실 수
있으며, 알고 싶은 용어명을 정확히 입력하지 않더라고 일부 단어만으로도 검색이 가능합니다.",https://www.fss.or.kr/fss/bbs/B0000172/view.do?nttId=49731&menuNo=200202&viewType=&searchCnd=22&searchWrd=&pageIndex=1,https://www.fss.or.kr/fss/bbs/B0000172/list.do?menuNo=200202&bbsId=&cl1Cd=&cl2Cd=&cl3Cd=&pageIndex=1&paramDeptname=&viewType=&selectDeptname=&searchCnd=22&searchWrd=,61
정기예금 및 적금 금리를 한눈에 비교해 볼 수 있는 곳은 없나요?,"금융감독원은 소비자의 금융상품 선택에 실질적인 도움이 될 수 있도록,
금융상품 통합 비교공시시스템 ‘금융상품한눈에’
를 오픈하였습니다.
예·적금, 대출 등 금융상품을 통합 비교공시하고 있으며,
실손보험, 자동차보험 등은 협회사이트(보험다모아)를 연결하여 제공하고 있습니다.
(다만 본 사이트의 금융상품 정보는 매월 20일 정기적으로 공시하고 있으며, 최신정보 제공을 위해 노력하고 있으나 금융상품의 금리 등 거래조건이 수시로 변경될 수 있으므로 거래전 반드시 해당 금융회사에 문의 후 구입을 결정하시기 바랍니다.)
* 홈페이지 주소 :
http://finlife.fss.or.kr",https://www.fss.or.kr/fss/bbs/B0000172/view.do?nttId=49730&menuNo=200202&viewType=&searchCnd=22&searchWrd=&pageIndex=1,https://www.fss.or.kr/fss/bbs/B0000172/list.do?menuNo=200202&bbsId=&cl1Cd=&cl2Cd=&cl3Cd=&pageIndex=1&paramDeptname=&viewType=&selectDeptname=&searchCnd=22&searchWrd=,61
「보이는 ARS」는 어떻게 이용할 수 있나요?,"금융감독원은
금감원 콜센터(☎1332)의 음성
ARS
안내
내용
을
스
마트폰
화면
을
통해
한 번에 확
인
할
수 있는
｢
보이는 1332｣ 서
비스
를
시
행중에 있습니다. 동 서비스 이용방법은 첨부파일을 참고하여 주시기 바랍니다.",https://www.fss.or.kr/fss/bbs/B0000172/view.do?nttId=49729&menuNo=200202&viewType=&searchCnd=22&searchWrd=&pageIndex=1,https://www.fss.or.kr/fss/bbs/B0000172/list.do?menuNo=200202&bbsId=&cl1Cd=&cl2Cd=&cl3Cd=&pageIndex=1&paramDeptname=&viewType=&selectDeptname=&searchCnd=22&searchWrd=,61
대차료 지급기준 참고(예시),"자동차보험 대차료 지급기준 개선
*
내용을 반영한 FAQ를 게시하오니 참고하시기 바랍니다.
* '22.9.29. 금융감독원 보도자료 ""현행 내연기관 중심의 자동차보험 대차료 지급기준을 친환경차 보급 확대 등 환경변화에 맞게 개선합니다
(
'22.10.11.부터 시행예정
)
""
참조",https://www.fss.or.kr/fss/bbs/B0000172/view.do?nttId=49737&menuNo=200202&viewType=&searchCnd=22&searchWrd=&pageIndex=1,https://www.fss.or.kr/fss/bbs/B0000172/list.do?menuNo=200202&bbsId=&cl1Cd=&cl2Cd=&cl3Cd=&pageIndex=1&paramDeptname=&viewType=&selectDeptname=&searchCnd=22&searchWrd=,62
소비자보호실태평가 결과는 어디서 확인할 수 있나요?,"소비자보호실태평가 결과는 금융감독원 홈페이지
(www.fss.or.kr
)
또는 개별 금융기관 및 협회 홈페이지
*
등을 통해 확인하실 수 있습니다.
※ 금융 권역별 협회 홈페이지 목록
은      행 : 전국은행연합회(www.kfb.or.kr)
생명보험 : 생명보험협회(www.klia.or.kr)
손해보험 : 손해보험협회(www.knia.or.kr)
카      드 : 여신금융협회(www.crefia.or.kr)
저축은행 : 저축은행중앙회(www.fsb.or.kr)
금융투자 : 금융투자협회(www.kofia.or.kr)",https://www.fss.or.kr/fss/bbs/B0000172/view.do?nttId=49736&menuNo=200202&viewType=&searchCnd=22&searchWrd=&pageIndex=1,https://www.fss.or.kr/fss/bbs/B0000172/list.do?menuNo=200202&bbsId=&cl1Cd=&cl2Cd=&cl3Cd=&pageIndex=1&paramDeptname=&viewType=&selectDeptname=&searchCnd=22&searchWrd=,62
소비자보호실태평가의 평가방법이 궁금합니다.,"「금융소비자보호 모범규준」에 명기된 소비자보호 사항의 이행여부 점검을 위해 계량 5개, 비계량 5개 등 총 10개 부문으로 구성하여 각 부문별로 평가하고 있습니다.
자세한 내용은 첨부파일을 참고해주시길 바랍니다.",https://www.fss.or.kr/fss/bbs/B0000172/view.do?nttId=49735&menuNo=200202&viewType=&searchCnd=22&searchWrd=&pageIndex=1,https://www.fss.or.kr/fss/bbs/B0000172/list.do?menuNo=200202&bbsId=&cl1Cd=&cl2Cd=&cl3Cd=&pageIndex=1&paramDeptname=&viewType=&selectDeptname=&searchCnd=22&searchWrd=,62
소비자보호실태평가는 어떤 제도인가요?,"금융감독원은 금융회사의 민원예방 노력 유도 등을 위해 2002년부터 「민원발생평가제도」를 운영
*
해왔습니다.
* 금감원이 처리한 민원건수를 기초로 금융회사를 1∼5등급으로 평가하고 대외에 공표(’14년은 81개사 평가)
그러나 민원건수 위주의 평가만으로는 금융회사의 소비자보호 수준을 평가하고, 금융회사의 자율적 개선노력을 유도하는데 한계가 있어 제도 개선의 필요성이 지속적으로 제기되어 왔습니다.
이에 따라 기존 민원발생평가제도를 대신하여 금융회사의 다양한 소비자보호 활동을 종합적으로 평가할 수 있는 「금융소비자보호 실태평가제도」를 도입·시행
('16.4월 시행)
하게 되었습니다.
소비자보호실태평가제도는
금융소비자에게는 거래 금융회사 선택에 필요한 유용한 정보를 제공하는 한편, 금융회사에게는 소비자보호 중심의 경영문화 확산을 유도하는데 중점을 두고 있습니다.",https://www.fss.or.kr/fss/bbs/B0000172/view.do?nttId=49734&menuNo=200202&viewType=&searchCnd=22&searchWrd=&pageIndex=1,https://www.fss.or.kr/fss/bbs/B0000172/list.do?menuNo=200202&bbsId=&cl1Cd=&cl2Cd=&cl3Cd=&pageIndex=1&paramDeptname=&viewType=&selectDeptname=&searchCnd=22&searchWrd=,62
금융감독원의 민원대상 금융회사가 궁금합니다.,"금융감독원은 은행, 금융투자업자, 보험회사, 여신전문금융회사, 상호저축은행 등 금융기관에 대한 민원을 처리하고 있습니다.
금융감독원의 민원대상 금융기관 조회방법은 다음과 같습니다.
1. 금융감독원 홈페이지 → e-금융민원센터 → 민원안내 → 금융민원신청 안내 → 유의사항
2.
http://www.fcsc.kr/D/fu_d_01_02.jsp
→  유의사항
참고로, 금융감독원의 민원대상 금융기관이 아닌 경우 타 부처 등으로 민원이 이송될 수 있음을 알려드립니다.",https://www.fss.or.kr/fss/bbs/B0000172/view.do?nttId=49733&menuNo=200202&viewType=&searchCnd=22&searchWrd=&pageIndex=1,https://www.fss.or.kr/fss/bbs/B0000172/list.do?menuNo=200202&bbsId=&cl1Cd=&cl2Cd=&cl3Cd=&pageIndex=1&paramDeptname=&viewType=&selectDeptname=&searchCnd=22&searchWrd=,62
내 금융계좌를 한번에 조회할 수 있는 사이트는 없나요?,"‘내 계좌 한눈에’ 서비스를 통하여 본인의 주요 금융계좌 정보를 한번에 조회할 수 있습니다!
금융소비자정보포털 ‘파인’(fine.fss.or.kr) 또는 ’내 계좌 한눈에‘ 홈페이지 (
www.accountinfo.or.kr)
를
통해 9시부터 22시까지 이용가능하며(연중무휴), 은행·상호금융
계좌, 보험 계약, 대부업체를 제외한 제도권 금융회사의 대출정보를 일괄조회 할 수 있습니다.",https://www.fss.or.kr/fss/bbs/B0000172/view.do?nttId=49732&menuNo=200202&viewType=&searchCnd=22&searchWrd=&pageIndex=1,https://www.fss.or.kr/fss/bbs/B0000172/list.do?menuNo=200202&bbsId=&cl1Cd=&cl2Cd=&cl3Cd=&pageIndex=1&paramDeptname=&viewType=&selectDeptname=&searchCnd=22&searchWrd=,62
어려운 금융용어 등을 쉽게 찾아볼 수 있는 사이트는 없나요?,"금융감독원은 금융소비자의 전문적인 금융용어에 대한 이해도를 제고하기 위해 관련 제도의 배경, 이슈 등을 종합적으로 반영해 작성한 ‘
금융용어사전
’을 오픈하였습니다.
‘금융용어사전’에는 핀테크 발달을 반영한 인터넷 전문은행, P2P(Peer to Peer) 대출, 로보어드바이저, 크라우드펀딩 등 전문 용어를 비롯한 533개 용어를 상세히 설명하고 있습니다.
금융감독원 홈페이지 및 ‘파인(FINE:fine.fss.or.kr)'의 금융용어사전’ 코너에서 찾아보실 수
있으며, 알고 싶은 용어명을 정확히 입력하지 않더라고 일부 단어만으로도 검색이 가능합니다.",https://www.fss.or.kr/fss/bbs/B0000172/view.do?nttId=49731&menuNo=200202&viewType=&searchCnd=22&searchWrd=&pageIndex=1,https://www.fss.or.kr/fss/bbs/B0000172/list.do?menuNo=200202&bbsId=&cl1Cd=&cl2Cd=&cl3Cd=&pageIndex=1&paramDeptname=&viewType=&selectDeptname=&searchCnd=22&searchWrd=,62
정기예금 및 적금 금리를 한눈에 비교해 볼 수 있는 곳은 없나요?,"금융감독원은 소비자의 금융상품 선택에 실질적인 도움이 될 수 있도록,
금융상품 통합 비교공시시스템 ‘금융상품한눈에’
를 오픈하였습니다.
예·적금, 대출 등 금융상품을 통합 비교공시하고 있으며,
실손보험, 자동차보험 등은 협회사이트(보험다모아)를 연결하여 제공하고 있습니다.
(다만 본 사이트의 금융상품 정보는 매월 20일 정기적으로 공시하고 있으며, 최신정보 제공을 위해 노력하고 있으나 금융상품의 금리 등 거래조건이 수시로 변경될 수 있으므로 거래전 반드시 해당 금융회사에 문의 후 구입을 결정하시기 바랍니다.)
* 홈페이지 주소 :
http://finlife.fss.or.kr",https://www.fss.or.kr/fss/bbs/B0000172/view.do?nttId=49730&menuNo=200202&viewType=&searchCnd=22&searchWrd=&pageIndex=1,https://www.fss.or.kr/fss/bbs/B0000172/list.do?menuNo=200202&bbsId=&cl1Cd=&cl2Cd=&cl3Cd=&pageIndex=1&paramDeptname=&viewType=&selectDeptname=&searchCnd=22&searchWrd=,62
「보이는 ARS」는 어떻게 이용할 수 있나요?,"금융감독원은
금감원 콜센터(☎1332)의 음성
ARS
안내
내용
을
스
마트폰
화면
을
통해
한 번에 확
인
할
수 있는
｢
보이는 1332｣ 서
비스
를
시
행중에 있습니다. 동 서비스 이용방법은 첨부파일을 참고하여 주시기 바랍니다.",https://www.fss.or.kr/fss/bbs/B0000172/view.do?nttId=49729&menuNo=200202&viewType=&searchCnd=22&searchWrd=&pageIndex=1,https://www.fss.or.kr/fss/bbs/B0000172/list.do?menuNo=200202&bbsId=&cl1Cd=&cl2Cd=&cl3Cd=&pageIndex=1&paramDeptname=&viewType=&selectDeptname=&searchCnd=22&searchWrd=,62
대차료 지급기준 참고(예시),"자동차보험 대차료 지급기준 개선
*
내용을 반영한 FAQ를 게시하오니 참고하시기 바랍니다.
* '22.9.29. 금융감독원 보도자료 ""현행 내연기관 중심의 자동차보험 대차료 지급기준을 친환경차 보급 확대 등 환경변화에 맞게 개선합니다
(
'22.10.11.부터 시행예정
)
""
참조",https://www.fss.or.kr/fss/bbs/B0000172/view.do?nttId=49737&menuNo=200202&viewType=&searchCnd=22&searchWrd=&pageIndex=1,https://www.fss.or.kr/fss/bbs/B0000172/list.do?menuNo=200202&bbsId=&cl1Cd=&cl2Cd=&cl3Cd=&pageIndex=1&paramDeptname=&viewType=&selectDeptname=&searchCnd=22&searchWrd=,63
소비자보호실태평가 결과는 어디서 확인할 수 있나요?,"소비자보호실태평가 결과는 금융감독원 홈페이지
(www.fss.or.kr
)
또는 개별 금융기관 및 협회 홈페이지
*
등을 통해 확인하실 수 있습니다.
※ 금융 권역별 협회 홈페이지 목록
은      행 : 전국은행연합회(www.kfb.or.kr)
생명보험 : 생명보험협회(www.klia.or.kr)
손해보험 : 손해보험협회(www.knia.or.kr)
카      드 : 여신금융협회(www.crefia.or.kr)
저축은행 : 저축은행중앙회(www.fsb.or.kr)
금융투자 : 금융투자협회(www.kofia.or.kr)",https://www.fss.or.kr/fss/bbs/B0000172/view.do?nttId=49736&menuNo=200202&viewType=&searchCnd=22&searchWrd=&pageIndex=1,https://www.fss.or.kr/fss/bbs/B0000172/list.do?menuNo=200202&bbsId=&cl1Cd=&cl2Cd=&cl3Cd=&pageIndex=1&paramDeptname=&viewType=&selectDeptname=&searchCnd=22&searchWrd=,63
소비자보호실태평가의 평가방법이 궁금합니다.,"「금융소비자보호 모범규준」에 명기된 소비자보호 사항의 이행여부 점검을 위해 계량 5개, 비계량 5개 등 총 10개 부문으로 구성하여 각 부문별로 평가하고 있습니다.
자세한 내용은 첨부파일을 참고해주시길 바랍니다.",https://www.fss.or.kr/fss/bbs/B0000172/view.do?nttId=49735&menuNo=200202&viewType=&searchCnd=22&searchWrd=&pageIndex=1,https://www.fss.or.kr/fss/bbs/B0000172/list.do?menuNo=200202&bbsId=&cl1Cd=&cl2Cd=&cl3Cd=&pageIndex=1&paramDeptname=&viewType=&selectDeptname=&searchCnd=22&searchWrd=,63
소비자보호실태평가는 어떤 제도인가요?,"금융감독원은 금융회사의 민원예방 노력 유도 등을 위해 2002년부터 「민원발생평가제도」를 운영
*
해왔습니다.
* 금감원이 처리한 민원건수를 기초로 금융회사를 1∼5등급으로 평가하고 대외에 공표(’14년은 81개사 평가)
그러나 민원건수 위주의 평가만으로는 금융회사의 소비자보호 수준을 평가하고, 금융회사의 자율적 개선노력을 유도하는데 한계가 있어 제도 개선의 필요성이 지속적으로 제기되어 왔습니다.
이에 따라 기존 민원발생평가제도를 대신하여 금융회사의 다양한 소비자보호 활동을 종합적으로 평가할 수 있는 「금융소비자보호 실태평가제도」를 도입·시행
('16.4월 시행)
하게 되었습니다.
소비자보호실태평가제도는
금융소비자에게는 거래 금융회사 선택에 필요한 유용한 정보를 제공하는 한편, 금융회사에게는 소비자보호 중심의 경영문화 확산을 유도하는데 중점을 두고 있습니다.",https://www.fss.or.kr/fss/bbs/B0000172/view.do?nttId=49734&menuNo=200202&viewType=&searchCnd=22&searchWrd=&pageIndex=1,https://www.fss.or.kr/fss/bbs/B0000172/list.do?menuNo=200202&bbsId=&cl1Cd=&cl2Cd=&cl3Cd=&pageIndex=1&paramDeptname=&viewType=&selectDeptname=&searchCnd=22&searchWrd=,63
금융감독원의 민원대상 금융회사가 궁금합니다.,"금융감독원은 은행, 금융투자업자, 보험회사, 여신전문금융회사, 상호저축은행 등 금융기관에 대한 민원을 처리하고 있습니다.
금융감독원의 민원대상 금융기관 조회방법은 다음과 같습니다.
1. 금융감독원 홈페이지 → e-금융민원센터 → 민원안내 → 금융민원신청 안내 → 유의사항
2.
http://www.fcsc.kr/D/fu_d_01_02.jsp
→  유의사항
참고로, 금융감독원의 민원대상 금융기관이 아닌 경우 타 부처 등으로 민원이 이송될 수 있음을 알려드립니다.",https://www.fss.or.kr/fss/bbs/B0000172/view.do?nttId=49733&menuNo=200202&viewType=&searchCnd=22&searchWrd=&pageIndex=1,https://www.fss.or.kr/fss/bbs/B0000172/list.do?menuNo=200202&bbsId=&cl1Cd=&cl2Cd=&cl3Cd=&pageIndex=1&paramDeptname=&viewType=&selectDeptname=&searchCnd=22&searchWrd=,63
내 금융계좌를 한번에 조회할 수 있는 사이트는 없나요?,"‘내 계좌 한눈에’ 서비스를 통하여 본인의 주요 금융계좌 정보를 한번에 조회할 수 있습니다!
금융소비자정보포털 ‘파인’(fine.fss.or.kr) 또는 ’내 계좌 한눈에‘ 홈페이지 (
www.accountinfo.or.kr)
를
통해 9시부터 22시까지 이용가능하며(연중무휴), 은행·상호금융
계좌, 보험 계약, 대부업체를 제외한 제도권 금융회사의 대출정보를 일괄조회 할 수 있습니다.",https://www.fss.or.kr/fss/bbs/B0000172/view.do?nttId=49732&menuNo=200202&viewType=&searchCnd=22&searchWrd=&pageIndex=1,https://www.fss.or.kr/fss/bbs/B0000172/list.do?menuNo=200202&bbsId=&cl1Cd=&cl2Cd=&cl3Cd=&pageIndex=1&paramDeptname=&viewType=&selectDeptname=&searchCnd=22&searchWrd=,63
어려운 금융용어 등을 쉽게 찾아볼 수 있는 사이트는 없나요?,"금융감독원은 금융소비자의 전문적인 금융용어에 대한 이해도를 제고하기 위해 관련 제도의 배경, 이슈 등을 종합적으로 반영해 작성한 ‘
금융용어사전
’을 오픈하였습니다.
‘금융용어사전’에는 핀테크 발달을 반영한 인터넷 전문은행, P2P(Peer to Peer) 대출, 로보어드바이저, 크라우드펀딩 등 전문 용어를 비롯한 533개 용어를 상세히 설명하고 있습니다.
금융감독원 홈페이지 및 ‘파인(FINE:fine.fss.or.kr)'의 금융용어사전’ 코너에서 찾아보실 수
있으며, 알고 싶은 용어명을 정확히 입력하지 않더라고 일부 단어만으로도 검색이 가능합니다.",https://www.fss.or.kr/fss/bbs/B0000172/view.do?nttId=49731&menuNo=200202&viewType=&searchCnd=22&searchWrd=&pageIndex=1,https://www.fss.or.kr/fss/bbs/B0000172/list.do?menuNo=200202&bbsId=&cl1Cd=&cl2Cd=&cl3Cd=&pageIndex=1&paramDeptname=&viewType=&selectDeptname=&searchCnd=22&searchWrd=,63
정기예금 및 적금 금리를 한눈에 비교해 볼 수 있는 곳은 없나요?,"금융감독원은 소비자의 금융상품 선택에 실질적인 도움이 될 수 있도록,
금융상품 통합 비교공시시스템 ‘금융상품한눈에’
를 오픈하였습니다.
예·적금, 대출 등 금융상품을 통합 비교공시하고 있으며,
실손보험, 자동차보험 등은 협회사이트(보험다모아)를 연결하여 제공하고 있습니다.
(다만 본 사이트의 금융상품 정보는 매월 20일 정기적으로 공시하고 있으며, 최신정보 제공을 위해 노력하고 있으나 금융상품의 금리 등 거래조건이 수시로 변경될 수 있으므로 거래전 반드시 해당 금융회사에 문의 후 구입을 결정하시기 바랍니다.)
* 홈페이지 주소 :
http://finlife.fss.or.kr",https://www.fss.or.kr/fss/bbs/B0000172/view.do?nttId=49730&menuNo=200202&viewType=&searchCnd=22&searchWrd=&pageIndex=1,https://www.fss.or.kr/fss/bbs/B0000172/list.do?menuNo=200202&bbsId=&cl1Cd=&cl2Cd=&cl3Cd=&pageIndex=1&paramDeptname=&viewType=&selectDeptname=&searchCnd=22&searchWrd=,63
「보이는 ARS」는 어떻게 이용할 수 있나요?,"금융감독원은
금감원 콜센터(☎1332)의 음성
ARS
안내
내용
을
스
마트폰
화면
을
통해
한 번에 확
인
할
수 있는
｢
보이는 1332｣ 서
비스
를
시
행중에 있습니다. 동 서비스 이용방법은 첨부파일을 참고하여 주시기 바랍니다.",https://www.fss.or.kr/fss/bbs/B0000172/view.do?nttId=49729&menuNo=200202&viewType=&searchCnd=22&searchWrd=&pageIndex=1,https://www.fss.or.kr/fss/bbs/B0000172/list.do?menuNo=200202&bbsId=&cl1Cd=&cl2Cd=&cl3Cd=&pageIndex=1&paramDeptname=&viewType=&selectDeptname=&searchCnd=22&searchWrd=,63
대차료 지급기준 참고(예시),"자동차보험 대차료 지급기준 개선
*
내용을 반영한 FAQ를 게시하오니 참고하시기 바랍니다.
* '22.9.29. 금융감독원 보도자료 ""현행 내연기관 중심의 자동차보험 대차료 지급기준을 친환경차 보급 확대 등 환경변화에 맞게 개선합니다
(
'22.10.11.부터 시행예정
)
""
참조",https://www.fss.or.kr/fss/bbs/B0000172/view.do?nttId=49737&menuNo=200202&viewType=&searchCnd=22&searchWrd=&pageIndex=1,https://www.fss.or.kr/fss/bbs/B0000172/list.do?menuNo=200202&bbsId=&cl1Cd=&cl2Cd=&cl3Cd=&pageIndex=1&paramDeptname=&viewType=&selectDeptname=&searchCnd=22&searchWrd=,64
소비자보호실태평가 결과는 어디서 확인할 수 있나요?,"소비자보호실태평가 결과는 금융감독원 홈페이지
(www.fss.or.kr
)
또는 개별 금융기관 및 협회 홈페이지
*
등을 통해 확인하실 수 있습니다.
※ 금융 권역별 협회 홈페이지 목록
은      행 : 전국은행연합회(www.kfb.or.kr)
생명보험 : 생명보험협회(www.klia.or.kr)
손해보험 : 손해보험협회(www.knia.or.kr)
카      드 : 여신금융협회(www.crefia.or.kr)
저축은행 : 저축은행중앙회(www.fsb.or.kr)
금융투자 : 금융투자협회(www.kofia.or.kr)",https://www.fss.or.kr/fss/bbs/B0000172/view.do?nttId=49736&menuNo=200202&viewType=&searchCnd=22&searchWrd=&pageIndex=1,https://www.fss.or.kr/fss/bbs/B0000172/list.do?menuNo=200202&bbsId=&cl1Cd=&cl2Cd=&cl3Cd=&pageIndex=1&paramDeptname=&viewType=&selectDeptname=&searchCnd=22&searchWrd=,64
소비자보호실태평가의 평가방법이 궁금합니다.,"「금융소비자보호 모범규준」에 명기된 소비자보호 사항의 이행여부 점검을 위해 계량 5개, 비계량 5개 등 총 10개 부문으로 구성하여 각 부문별로 평가하고 있습니다.
자세한 내용은 첨부파일을 참고해주시길 바랍니다.",https://www.fss.or.kr/fss/bbs/B0000172/view.do?nttId=49735&menuNo=200202&viewType=&searchCnd=22&searchWrd=&pageIndex=1,https://www.fss.or.kr/fss/bbs/B0000172/list.do?menuNo=200202&bbsId=&cl1Cd=&cl2Cd=&cl3Cd=&pageIndex=1&paramDeptname=&viewType=&selectDeptname=&searchCnd=22&searchWrd=,64
소비자보호실태평가는 어떤 제도인가요?,"금융감독원은 금융회사의 민원예방 노력 유도 등을 위해 2002년부터 「민원발생평가제도」를 운영
*
해왔습니다.
* 금감원이 처리한 민원건수를 기초로 금융회사를 1∼5등급으로 평가하고 대외에 공표(’14년은 81개사 평가)
그러나 민원건수 위주의 평가만으로는 금융회사의 소비자보호 수준을 평가하고, 금융회사의 자율적 개선노력을 유도하는데 한계가 있어 제도 개선의 필요성이 지속적으로 제기되어 왔습니다.
이에 따라 기존 민원발생평가제도를 대신하여 금융회사의 다양한 소비자보호 활동을 종합적으로 평가할 수 있는 「금융소비자보호 실태평가제도」를 도입·시행
('16.4월 시행)
하게 되었습니다.
소비자보호실태평가제도는
금융소비자에게는 거래 금융회사 선택에 필요한 유용한 정보를 제공하는 한편, 금융회사에게는 소비자보호 중심의 경영문화 확산을 유도하는데 중점을 두고 있습니다.",https://www.fss.or.kr/fss/bbs/B0000172/view.do?nttId=49734&menuNo=200202&viewType=&searchCnd=22&searchWrd=&pageIndex=1,https://www.fss.or.kr/fss/bbs/B0000172/list.do?menuNo=200202&bbsId=&cl1Cd=&cl2Cd=&cl3Cd=&pageIndex=1&paramDeptname=&viewType=&selectDeptname=&searchCnd=22&searchWrd=,64
금융감독원의 민원대상 금융회사가 궁금합니다.,"금융감독원은 은행, 금융투자업자, 보험회사, 여신전문금융회사, 상호저축은행 등 금융기관에 대한 민원을 처리하고 있습니다.
금융감독원의 민원대상 금융기관 조회방법은 다음과 같습니다.
1. 금융감독원 홈페이지 → e-금융민원센터 → 민원안내 → 금융민원신청 안내 → 유의사항
2.
http://www.fcsc.kr/D/fu_d_01_02.jsp
→  유의사항
참고로, 금융감독원의 민원대상 금융기관이 아닌 경우 타 부처 등으로 민원이 이송될 수 있음을 알려드립니다.",https://www.fss.or.kr/fss/bbs/B0000172/view.do?nttId=49733&menuNo=200202&viewType=&searchCnd=22&searchWrd=&pageIndex=1,https://www.fss.or.kr/fss/bbs/B0000172/list.do?menuNo=200202&bbsId=&cl1Cd=&cl2Cd=&cl3Cd=&pageIndex=1&paramDeptname=&viewType=&selectDeptname=&searchCnd=22&searchWrd=,64
내 금융계좌를 한번에 조회할 수 있는 사이트는 없나요?,"‘내 계좌 한눈에’ 서비스를 통하여 본인의 주요 금융계좌 정보를 한번에 조회할 수 있습니다!
금융소비자정보포털 ‘파인’(fine.fss.or.kr) 또는 ’내 계좌 한눈에‘ 홈페이지 (
www.accountinfo.or.kr)
를
통해 9시부터 22시까지 이용가능하며(연중무휴), 은행·상호금융
계좌, 보험 계약, 대부업체를 제외한 제도권 금융회사의 대출정보를 일괄조회 할 수 있습니다.",https://www.fss.or.kr/fss/bbs/B0000172/view.do?nttId=49732&menuNo=200202&viewType=&searchCnd=22&searchWrd=&pageIndex=1,https://www.fss.or.kr/fss/bbs/B0000172/list.do?menuNo=200202&bbsId=&cl1Cd=&cl2Cd=&cl3Cd=&pageIndex=1&paramDeptname=&viewType=&selectDeptname=&searchCnd=22&searchWrd=,64
어려운 금융용어 등을 쉽게 찾아볼 수 있는 사이트는 없나요?,"금융감독원은 금융소비자의 전문적인 금융용어에 대한 이해도를 제고하기 위해 관련 제도의 배경, 이슈 등을 종합적으로 반영해 작성한 ‘
금융용어사전
’을 오픈하였습니다.
‘금융용어사전’에는 핀테크 발달을 반영한 인터넷 전문은행, P2P(Peer to Peer) 대출, 로보어드바이저, 크라우드펀딩 등 전문 용어를 비롯한 533개 용어를 상세히 설명하고 있습니다.
금융감독원 홈페이지 및 ‘파인(FINE:fine.fss.or.kr)'의 금융용어사전’ 코너에서 찾아보실 수
있으며, 알고 싶은 용어명을 정확히 입력하지 않더라고 일부 단어만으로도 검색이 가능합니다.",https://www.fss.or.kr/fss/bbs/B0000172/view.do?nttId=49731&menuNo=200202&viewType=&searchCnd=22&searchWrd=&pageIndex=1,https://www.fss.or.kr/fss/bbs/B0000172/list.do?menuNo=200202&bbsId=&cl1Cd=&cl2Cd=&cl3Cd=&pageIndex=1&paramDeptname=&viewType=&selectDeptname=&searchCnd=22&searchWrd=,64
정기예금 및 적금 금리를 한눈에 비교해 볼 수 있는 곳은 없나요?,"금융감독원은 소비자의 금융상품 선택에 실질적인 도움이 될 수 있도록,
금융상품 통합 비교공시시스템 ‘금융상품한눈에’
를 오픈하였습니다.
예·적금, 대출 등 금융상품을 통합 비교공시하고 있으며,
실손보험, 자동차보험 등은 협회사이트(보험다모아)를 연결하여 제공하고 있습니다.
(다만 본 사이트의 금융상품 정보는 매월 20일 정기적으로 공시하고 있으며, 최신정보 제공을 위해 노력하고 있으나 금융상품의 금리 등 거래조건이 수시로 변경될 수 있으므로 거래전 반드시 해당 금융회사에 문의 후 구입을 결정하시기 바랍니다.)
* 홈페이지 주소 :
http://finlife.fss.or.kr",https://www.fss.or.kr/fss/bbs/B0000172/view.do?nttId=49730&menuNo=200202&viewType=&searchCnd=22&searchWrd=&pageIndex=1,https://www.fss.or.kr/fss/bbs/B0000172/list.do?menuNo=200202&bbsId=&cl1Cd=&cl2Cd=&cl3Cd=&pageIndex=1&paramDeptname=&viewType=&selectDeptname=&searchCnd=22&searchWrd=,64
「보이는 ARS」는 어떻게 이용할 수 있나요?,"금융감독원은
금감원 콜센터(☎1332)의 음성
ARS
안내
내용
을
스
마트폰
화면
을
통해
한 번에 확
인
할
수 있는
｢
보이는 1332｣ 서
비스
를
시
행중에 있습니다. 동 서비스 이용방법은 첨부파일을 참고하여 주시기 바랍니다.",https://www.fss.or.kr/fss/bbs/B0000172/view.do?nttId=49729&menuNo=200202&viewType=&searchCnd=22&searchWrd=&pageIndex=1,https://www.fss.or.kr/fss/bbs/B0000172/list.do?menuNo=200202&bbsId=&cl1Cd=&cl2Cd=&cl3Cd=&pageIndex=1&paramDeptname=&viewType=&selectDeptname=&searchCnd=22&searchWrd=,64
대차료 지급기준 참고(예시),"자동차보험 대차료 지급기준 개선
*
내용을 반영한 FAQ를 게시하오니 참고하시기 바랍니다.
* '22.9.29. 금융감독원 보도자료 ""현행 내연기관 중심의 자동차보험 대차료 지급기준을 친환경차 보급 확대 등 환경변화에 맞게 개선합니다
(
'22.10.11.부터 시행예정
)
""
참조",https://www.fss.or.kr/fss/bbs/B0000172/view.do?nttId=49737&menuNo=200202&viewType=&searchCnd=22&searchWrd=&pageIndex=1,https://www.fss.or.kr/fss/bbs/B0000172/list.do?menuNo=200202&bbsId=&cl1Cd=&cl2Cd=&cl3Cd=&pageIndex=1&paramDeptname=&viewType=&selectDeptname=&searchCnd=22&searchWrd=,65
소비자보호실태평가 결과는 어디서 확인할 수 있나요?,"소비자보호실태평가 결과는 금융감독원 홈페이지
(www.fss.or.kr
)
또는 개별 금융기관 및 협회 홈페이지
*
등을 통해 확인하실 수 있습니다.
※ 금융 권역별 협회 홈페이지 목록
은      행 : 전국은행연합회(www.kfb.or.kr)
생명보험 : 생명보험협회(www.klia.or.kr)
손해보험 : 손해보험협회(www.knia.or.kr)
카      드 : 여신금융협회(www.crefia.or.kr)
저축은행 : 저축은행중앙회(www.fsb.or.kr)
금융투자 : 금융투자협회(www.kofia.or.kr)",https://www.fss.or.kr/fss/bbs/B0000172/view.do?nttId=49736&menuNo=200202&viewType=&searchCnd=22&searchWrd=&pageIndex=1,https://www.fss.or.kr/fss/bbs/B0000172/list.do?menuNo=200202&bbsId=&cl1Cd=&cl2Cd=&cl3Cd=&pageIndex=1&paramDeptname=&viewType=&selectDeptname=&searchCnd=22&searchWrd=,65
소비자보호실태평가의 평가방법이 궁금합니다.,"「금융소비자보호 모범규준」에 명기된 소비자보호 사항의 이행여부 점검을 위해 계량 5개, 비계량 5개 등 총 10개 부문으로 구성하여 각 부문별로 평가하고 있습니다.
자세한 내용은 첨부파일을 참고해주시길 바랍니다.",https://www.fss.or.kr/fss/bbs/B0000172/view.do?nttId=49735&menuNo=200202&viewType=&searchCnd=22&searchWrd=&pageIndex=1,https://www.fss.or.kr/fss/bbs/B0000172/list.do?menuNo=200202&bbsId=&cl1Cd=&cl2Cd=&cl3Cd=&pageIndex=1&paramDeptname=&viewType=&selectDeptname=&searchCnd=22&searchWrd=,65
소비자보호실태평가는 어떤 제도인가요?,"금융감독원은 금융회사의 민원예방 노력 유도 등을 위해 2002년부터 「민원발생평가제도」를 운영
*
해왔습니다.
* 금감원이 처리한 민원건수를 기초로 금융회사를 1∼5등급으로 평가하고 대외에 공표(’14년은 81개사 평가)
그러나 민원건수 위주의 평가만으로는 금융회사의 소비자보호 수준을 평가하고, 금융회사의 자율적 개선노력을 유도하는데 한계가 있어 제도 개선의 필요성이 지속적으로 제기되어 왔습니다.
이에 따라 기존 민원발생평가제도를 대신하여 금융회사의 다양한 소비자보호 활동을 종합적으로 평가할 수 있는 「금융소비자보호 실태평가제도」를 도입·시행
('16.4월 시행)
하게 되었습니다.
소비자보호실태평가제도는
금융소비자에게는 거래 금융회사 선택에 필요한 유용한 정보를 제공하는 한편, 금융회사에게는 소비자보호 중심의 경영문화 확산을 유도하는데 중점을 두고 있습니다.",https://www.fss.or.kr/fss/bbs/B0000172/view.do?nttId=49734&menuNo=200202&viewType=&searchCnd=22&searchWrd=&pageIndex=1,https://www.fss.or.kr/fss/bbs/B0000172/list.do?menuNo=200202&bbsId=&cl1Cd=&cl2Cd=&cl3Cd=&pageIndex=1&paramDeptname=&viewType=&selectDeptname=&searchCnd=22&searchWrd=,65
금융감독원의 민원대상 금융회사가 궁금합니다.,"금융감독원은 은행, 금융투자업자, 보험회사, 여신전문금융회사, 상호저축은행 등 금융기관에 대한 민원을 처리하고 있습니다.
금융감독원의 민원대상 금융기관 조회방법은 다음과 같습니다.
1. 금융감독원 홈페이지 → e-금융민원센터 → 민원안내 → 금융민원신청 안내 → 유의사항
2.
http://www.fcsc.kr/D/fu_d_01_02.jsp
→  유의사항
참고로, 금융감독원의 민원대상 금융기관이 아닌 경우 타 부처 등으로 민원이 이송될 수 있음을 알려드립니다.",https://www.fss.or.kr/fss/bbs/B0000172/view.do?nttId=49733&menuNo=200202&viewType=&searchCnd=22&searchWrd=&pageIndex=1,https://www.fss.or.kr/fss/bbs/B0000172/list.do?menuNo=200202&bbsId=&cl1Cd=&cl2Cd=&cl3Cd=&pageIndex=1&paramDeptname=&viewType=&selectDeptname=&searchCnd=22&searchWrd=,65
내 금융계좌를 한번에 조회할 수 있는 사이트는 없나요?,"‘내 계좌 한눈에’ 서비스를 통하여 본인의 주요 금융계좌 정보를 한번에 조회할 수 있습니다!
금융소비자정보포털 ‘파인’(fine.fss.or.kr) 또는 ’내 계좌 한눈에‘ 홈페이지 (
www.accountinfo.or.kr)
를
통해 9시부터 22시까지 이용가능하며(연중무휴), 은행·상호금융
계좌, 보험 계약, 대부업체를 제외한 제도권 금융회사의 대출정보를 일괄조회 할 수 있습니다.",https://www.fss.or.kr/fss/bbs/B0000172/view.do?nttId=49732&menuNo=200202&viewType=&searchCnd=22&searchWrd=&pageIndex=1,https://www.fss.or.kr/fss/bbs/B0000172/list.do?menuNo=200202&bbsId=&cl1Cd=&cl2Cd=&cl3Cd=&pageIndex=1&paramDeptname=&viewType=&selectDeptname=&searchCnd=22&searchWrd=,65
어려운 금융용어 등을 쉽게 찾아볼 수 있는 사이트는 없나요?,"금융감독원은 금융소비자의 전문적인 금융용어에 대한 이해도를 제고하기 위해 관련 제도의 배경, 이슈 등을 종합적으로 반영해 작성한 ‘
금융용어사전
’을 오픈하였습니다.
‘금융용어사전’에는 핀테크 발달을 반영한 인터넷 전문은행, P2P(Peer to Peer) 대출, 로보어드바이저, 크라우드펀딩 등 전문 용어를 비롯한 533개 용어를 상세히 설명하고 있습니다.
금융감독원 홈페이지 및 ‘파인(FINE:fine.fss.or.kr)'의 금융용어사전’ 코너에서 찾아보실 수
있으며, 알고 싶은 용어명을 정확히 입력하지 않더라고 일부 단어만으로도 검색이 가능합니다.",https://www.fss.or.kr/fss/bbs/B0000172/view.do?nttId=49731&menuNo=200202&viewType=&searchCnd=22&searchWrd=&pageIndex=1,https://www.fss.or.kr/fss/bbs/B0000172/list.do?menuNo=200202&bbsId=&cl1Cd=&cl2Cd=&cl3Cd=&pageIndex=1&paramDeptname=&viewType=&selectDeptname=&searchCnd=22&searchWrd=,65
정기예금 및 적금 금리를 한눈에 비교해 볼 수 있는 곳은 없나요?,"금융감독원은 소비자의 금융상품 선택에 실질적인 도움이 될 수 있도록,
금융상품 통합 비교공시시스템 ‘금융상품한눈에’
를 오픈하였습니다.
예·적금, 대출 등 금융상품을 통합 비교공시하고 있으며,
실손보험, 자동차보험 등은 협회사이트(보험다모아)를 연결하여 제공하고 있습니다.
(다만 본 사이트의 금융상품 정보는 매월 20일 정기적으로 공시하고 있으며, 최신정보 제공을 위해 노력하고 있으나 금융상품의 금리 등 거래조건이 수시로 변경될 수 있으므로 거래전 반드시 해당 금융회사에 문의 후 구입을 결정하시기 바랍니다.)
* 홈페이지 주소 :
http://finlife.fss.or.kr",https://www.fss.or.kr/fss/bbs/B0000172/view.do?nttId=49730&menuNo=200202&viewType=&searchCnd=22&searchWrd=&pageIndex=1,https://www.fss.or.kr/fss/bbs/B0000172/list.do?menuNo=200202&bbsId=&cl1Cd=&cl2Cd=&cl3Cd=&pageIndex=1&paramDeptname=&viewType=&selectDeptname=&searchCnd=22&searchWrd=,65
「보이는 ARS」는 어떻게 이용할 수 있나요?,"금융감독원은
금감원 콜센터(☎1332)의 음성
ARS
안내
내용
을
스
마트폰
화면
을
통해
한 번에 확
인
할
수 있는
｢
보이는 1332｣ 서
비스
를
시
행중에 있습니다. 동 서비스 이용방법은 첨부파일을 참고하여 주시기 바랍니다.",https://www.fss.or.kr/fss/bbs/B0000172/view.do?nttId=49729&menuNo=200202&viewType=&searchCnd=22&searchWrd=&pageIndex=1,https://www.fss.or.kr/fss/bbs/B0000172/list.do?menuNo=200202&bbsId=&cl1Cd=&cl2Cd=&cl3Cd=&pageIndex=1&paramDeptname=&viewType=&selectDeptname=&searchCnd=22&searchWrd=,65
대차료 지급기준 참고(예시),"자동차보험 대차료 지급기준 개선
*
내용을 반영한 FAQ를 게시하오니 참고하시기 바랍니다.
* '22.9.29. 금융감독원 보도자료 ""현행 내연기관 중심의 자동차보험 대차료 지급기준을 친환경차 보급 확대 등 환경변화에 맞게 개선합니다
(
'22.10.11.부터 시행예정
)
""
참조",https://www.fss.or.kr/fss/bbs/B0000172/view.do?nttId=49737&menuNo=200202&viewType=&searchCnd=22&searchWrd=&pageIndex=1,https://www.fss.or.kr/fss/bbs/B0000172/list.do?menuNo=200202&bbsId=&cl1Cd=&cl2Cd=&cl3Cd=&pageIndex=1&paramDeptname=&viewType=&selectDeptname=&searchCnd=22&searchWrd=,66
소비자보호실태평가 결과는 어디서 확인할 수 있나요?,"소비자보호실태평가 결과는 금융감독원 홈페이지
(www.fss.or.kr
)
또는 개별 금융기관 및 협회 홈페이지
*
등을 통해 확인하실 수 있습니다.
※ 금융 권역별 협회 홈페이지 목록
은      행 : 전국은행연합회(www.kfb.or.kr)
생명보험 : 생명보험협회(www.klia.or.kr)
손해보험 : 손해보험협회(www.knia.or.kr)
카      드 : 여신금융협회(www.crefia.or.kr)
저축은행 : 저축은행중앙회(www.fsb.or.kr)
금융투자 : 금융투자협회(www.kofia.or.kr)",https://www.fss.or.kr/fss/bbs/B0000172/view.do?nttId=49736&menuNo=200202&viewType=&searchCnd=22&searchWrd=&pageIndex=1,https://www.fss.or.kr/fss/bbs/B0000172/list.do?menuNo=200202&bbsId=&cl1Cd=&cl2Cd=&cl3Cd=&pageIndex=1&paramDeptname=&viewType=&selectDeptname=&searchCnd=22&searchWrd=,66
소비자보호실태평가의 평가방법이 궁금합니다.,"「금융소비자보호 모범규준」에 명기된 소비자보호 사항의 이행여부 점검을 위해 계량 5개, 비계량 5개 등 총 10개 부문으로 구성하여 각 부문별로 평가하고 있습니다.
자세한 내용은 첨부파일을 참고해주시길 바랍니다.",https://www.fss.or.kr/fss/bbs/B0000172/view.do?nttId=49735&menuNo=200202&viewType=&searchCnd=22&searchWrd=&pageIndex=1,https://www.fss.or.kr/fss/bbs/B0000172/list.do?menuNo=200202&bbsId=&cl1Cd=&cl2Cd=&cl3Cd=&pageIndex=1&paramDeptname=&viewType=&selectDeptname=&searchCnd=22&searchWrd=,66
소비자보호실태평가는 어떤 제도인가요?,"금융감독원은 금융회사의 민원예방 노력 유도 등을 위해 2002년부터 「민원발생평가제도」를 운영
*
해왔습니다.
* 금감원이 처리한 민원건수를 기초로 금융회사를 1∼5등급으로 평가하고 대외에 공표(’14년은 81개사 평가)
그러나 민원건수 위주의 평가만으로는 금융회사의 소비자보호 수준을 평가하고, 금융회사의 자율적 개선노력을 유도하는데 한계가 있어 제도 개선의 필요성이 지속적으로 제기되어 왔습니다.
이에 따라 기존 민원발생평가제도를 대신하여 금융회사의 다양한 소비자보호 활동을 종합적으로 평가할 수 있는 「금융소비자보호 실태평가제도」를 도입·시행
('16.4월 시행)
하게 되었습니다.
소비자보호실태평가제도는
금융소비자에게는 거래 금융회사 선택에 필요한 유용한 정보를 제공하는 한편, 금융회사에게는 소비자보호 중심의 경영문화 확산을 유도하는데 중점을 두고 있습니다.",https://www.fss.or.kr/fss/bbs/B0000172/view.do?nttId=49734&menuNo=200202&viewType=&searchCnd=22&searchWrd=&pageIndex=1,https://www.fss.or.kr/fss/bbs/B0000172/list.do?menuNo=200202&bbsId=&cl1Cd=&cl2Cd=&cl3Cd=&pageIndex=1&paramDeptname=&viewType=&selectDeptname=&searchCnd=22&searchWrd=,66
금융감독원의 민원대상 금융회사가 궁금합니다.,"금융감독원은 은행, 금융투자업자, 보험회사, 여신전문금융회사, 상호저축은행 등 금융기관에 대한 민원을 처리하고 있습니다.
금융감독원의 민원대상 금융기관 조회방법은 다음과 같습니다.
1. 금융감독원 홈페이지 → e-금융민원센터 → 민원안내 → 금융민원신청 안내 → 유의사항
2.
http://www.fcsc.kr/D/fu_d_01_02.jsp
→  유의사항
참고로, 금융감독원의 민원대상 금융기관이 아닌 경우 타 부처 등으로 민원이 이송될 수 있음을 알려드립니다.",https://www.fss.or.kr/fss/bbs/B0000172/view.do?nttId=49733&menuNo=200202&viewType=&searchCnd=22&searchWrd=&pageIndex=1,https://www.fss.or.kr/fss/bbs/B0000172/list.do?menuNo=200202&bbsId=&cl1Cd=&cl2Cd=&cl3Cd=&pageIndex=1&paramDeptname=&viewType=&selectDeptname=&searchCnd=22&searchWrd=,66
내 금융계좌를 한번에 조회할 수 있는 사이트는 없나요?,"‘내 계좌 한눈에’ 서비스를 통하여 본인의 주요 금융계좌 정보를 한번에 조회할 수 있습니다!
금융소비자정보포털 ‘파인’(fine.fss.or.kr) 또는 ’내 계좌 한눈에‘ 홈페이지 (
www.accountinfo.or.kr)
를
통해 9시부터 22시까지 이용가능하며(연중무휴), 은행·상호금융
계좌, 보험 계약, 대부업체를 제외한 제도권 금융회사의 대출정보를 일괄조회 할 수 있습니다.",https://www.fss.or.kr/fss/bbs/B0000172/view.do?nttId=49732&menuNo=200202&viewType=&searchCnd=22&searchWrd=&pageIndex=1,https://www.fss.or.kr/fss/bbs/B0000172/list.do?menuNo=200202&bbsId=&cl1Cd=&cl2Cd=&cl3Cd=&pageIndex=1&paramDeptname=&viewType=&selectDeptname=&searchCnd=22&searchWrd=,66
어려운 금융용어 등을 쉽게 찾아볼 수 있는 사이트는 없나요?,"금융감독원은 금융소비자의 전문적인 금융용어에 대한 이해도를 제고하기 위해 관련 제도의 배경, 이슈 등을 종합적으로 반영해 작성한 ‘
금융용어사전
’을 오픈하였습니다.
‘금융용어사전’에는 핀테크 발달을 반영한 인터넷 전문은행, P2P(Peer to Peer) 대출, 로보어드바이저, 크라우드펀딩 등 전문 용어를 비롯한 533개 용어를 상세히 설명하고 있습니다.
금융감독원 홈페이지 및 ‘파인(FINE:fine.fss.or.kr)'의 금융용어사전’ 코너에서 찾아보실 수
있으며, 알고 싶은 용어명을 정확히 입력하지 않더라고 일부 단어만으로도 검색이 가능합니다.",https://www.fss.or.kr/fss/bbs/B0000172/view.do?nttId=49731&menuNo=200202&viewType=&searchCnd=22&searchWrd=&pageIndex=1,https://www.fss.or.kr/fss/bbs/B0000172/list.do?menuNo=200202&bbsId=&cl1Cd=&cl2Cd=&cl3Cd=&pageIndex=1&paramDeptname=&viewType=&selectDeptname=&searchCnd=22&searchWrd=,66
정기예금 및 적금 금리를 한눈에 비교해 볼 수 있는 곳은 없나요?,"금융감독원은 소비자의 금융상품 선택에 실질적인 도움이 될 수 있도록,
금융상품 통합 비교공시시스템 ‘금융상품한눈에’
를 오픈하였습니다.
예·적금, 대출 등 금융상품을 통합 비교공시하고 있으며,
실손보험, 자동차보험 등은 협회사이트(보험다모아)를 연결하여 제공하고 있습니다.
(다만 본 사이트의 금융상품 정보는 매월 20일 정기적으로 공시하고 있으며, 최신정보 제공을 위해 노력하고 있으나 금융상품의 금리 등 거래조건이 수시로 변경될 수 있으므로 거래전 반드시 해당 금융회사에 문의 후 구입을 결정하시기 바랍니다.)
* 홈페이지 주소 :
http://finlife.fss.or.kr",https://www.fss.or.kr/fss/bbs/B0000172/view.do?nttId=49730&menuNo=200202&viewType=&searchCnd=22&searchWrd=&pageIndex=1,https://www.fss.or.kr/fss/bbs/B0000172/list.do?menuNo=200202&bbsId=&cl1Cd=&cl2Cd=&cl3Cd=&pageIndex=1&paramDeptname=&viewType=&selectDeptname=&searchCnd=22&searchWrd=,66
「보이는 ARS」는 어떻게 이용할 수 있나요?,"금융감독원은
금감원 콜센터(☎1332)의 음성
ARS
안내
내용
을
스
마트폰
화면
을
통해
한 번에 확
인
할
수 있는
｢
보이는 1332｣ 서
비스
를
시
행중에 있습니다. 동 서비스 이용방법은 첨부파일을 참고하여 주시기 바랍니다.",https://www.fss.or.kr/fss/bbs/B0000172/view.do?nttId=49729&menuNo=200202&viewType=&searchCnd=22&searchWrd=&pageIndex=1,https://www.fss.or.kr/fss/bbs/B0000172/list.do?menuNo=200202&bbsId=&cl1Cd=&cl2Cd=&cl3Cd=&pageIndex=1&paramDeptname=&viewType=&selectDeptname=&searchCnd=22&searchWrd=,66
대차료 지급기준 참고(예시),"자동차보험 대차료 지급기준 개선
*
내용을 반영한 FAQ를 게시하오니 참고하시기 바랍니다.
* '22.9.29. 금융감독원 보도자료 ""현행 내연기관 중심의 자동차보험 대차료 지급기준을 친환경차 보급 확대 등 환경변화에 맞게 개선합니다
(
'22.10.11.부터 시행예정
)
""
참조",https://www.fss.or.kr/fss/bbs/B0000172/view.do?nttId=49737&menuNo=200202&viewType=&searchCnd=22&searchWrd=&pageIndex=1,https://www.fss.or.kr/fss/bbs/B0000172/list.do?menuNo=200202&bbsId=&cl1Cd=&cl2Cd=&cl3Cd=&pageIndex=1&paramDeptname=&viewType=&selectDeptname=&searchCnd=22&searchWrd=,67
소비자보호실태평가 결과는 어디서 확인할 수 있나요?,"소비자보호실태평가 결과는 금융감독원 홈페이지
(www.fss.or.kr
)
또는 개별 금융기관 및 협회 홈페이지
*
등을 통해 확인하실 수 있습니다.
※ 금융 권역별 협회 홈페이지 목록
은      행 : 전국은행연합회(www.kfb.or.kr)
생명보험 : 생명보험협회(www.klia.or.kr)
손해보험 : 손해보험협회(www.knia.or.kr)
카      드 : 여신금융협회(www.crefia.or.kr)
저축은행 : 저축은행중앙회(www.fsb.or.kr)
금융투자 : 금융투자협회(www.kofia.or.kr)",https://www.fss.or.kr/fss/bbs/B0000172/view.do?nttId=49736&menuNo=200202&viewType=&searchCnd=22&searchWrd=&pageIndex=1,https://www.fss.or.kr/fss/bbs/B0000172/list.do?menuNo=200202&bbsId=&cl1Cd=&cl2Cd=&cl3Cd=&pageIndex=1&paramDeptname=&viewType=&selectDeptname=&searchCnd=22&searchWrd=,67
소비자보호실태평가의 평가방법이 궁금합니다.,"「금융소비자보호 모범규준」에 명기된 소비자보호 사항의 이행여부 점검을 위해 계량 5개, 비계량 5개 등 총 10개 부문으로 구성하여 각 부문별로 평가하고 있습니다.
자세한 내용은 첨부파일을 참고해주시길 바랍니다.",https://www.fss.or.kr/fss/bbs/B0000172/view.do?nttId=49735&menuNo=200202&viewType=&searchCnd=22&searchWrd=&pageIndex=1,https://www.fss.or.kr/fss/bbs/B0000172/list.do?menuNo=200202&bbsId=&cl1Cd=&cl2Cd=&cl3Cd=&pageIndex=1&paramDeptname=&viewType=&selectDeptname=&searchCnd=22&searchWrd=,67
소비자보호실태평가는 어떤 제도인가요?,"금융감독원은 금융회사의 민원예방 노력 유도 등을 위해 2002년부터 「민원발생평가제도」를 운영
*
해왔습니다.
* 금감원이 처리한 민원건수를 기초로 금융회사를 1∼5등급으로 평가하고 대외에 공표(’14년은 81개사 평가)
그러나 민원건수 위주의 평가만으로는 금융회사의 소비자보호 수준을 평가하고, 금융회사의 자율적 개선노력을 유도하는데 한계가 있어 제도 개선의 필요성이 지속적으로 제기되어 왔습니다.
이에 따라 기존 민원발생평가제도를 대신하여 금융회사의 다양한 소비자보호 활동을 종합적으로 평가할 수 있는 「금융소비자보호 실태평가제도」를 도입·시행
('16.4월 시행)
하게 되었습니다.
소비자보호실태평가제도는
금융소비자에게는 거래 금융회사 선택에 필요한 유용한 정보를 제공하는 한편, 금융회사에게는 소비자보호 중심의 경영문화 확산을 유도하는데 중점을 두고 있습니다.",https://www.fss.or.kr/fss/bbs/B0000172/view.do?nttId=49734&menuNo=200202&viewType=&searchCnd=22&searchWrd=&pageIndex=1,https://www.fss.or.kr/fss/bbs/B0000172/list.do?menuNo=200202&bbsId=&cl1Cd=&cl2Cd=&cl3Cd=&pageIndex=1&paramDeptname=&viewType=&selectDeptname=&searchCnd=22&searchWrd=,67
금융감독원의 민원대상 금융회사가 궁금합니다.,"금융감독원은 은행, 금융투자업자, 보험회사, 여신전문금융회사, 상호저축은행 등 금융기관에 대한 민원을 처리하고 있습니다.
금융감독원의 민원대상 금융기관 조회방법은 다음과 같습니다.
1. 금융감독원 홈페이지 → e-금융민원센터 → 민원안내 → 금융민원신청 안내 → 유의사항
2.
http://www.fcsc.kr/D/fu_d_01_02.jsp
→  유의사항
참고로, 금융감독원의 민원대상 금융기관이 아닌 경우 타 부처 등으로 민원이 이송될 수 있음을 알려드립니다.",https://www.fss.or.kr/fss/bbs/B0000172/view.do?nttId=49733&menuNo=200202&viewType=&searchCnd=22&searchWrd=&pageIndex=1,https://www.fss.or.kr/fss/bbs/B0000172/list.do?menuNo=200202&bbsId=&cl1Cd=&cl2Cd=&cl3Cd=&pageIndex=1&paramDeptname=&viewType=&selectDeptname=&searchCnd=22&searchWrd=,67
내 금융계좌를 한번에 조회할 수 있는 사이트는 없나요?,"‘내 계좌 한눈에’ 서비스를 통하여 본인의 주요 금융계좌 정보를 한번에 조회할 수 있습니다!
금융소비자정보포털 ‘파인’(fine.fss.or.kr) 또는 ’내 계좌 한눈에‘ 홈페이지 (
www.accountinfo.or.kr)
를
통해 9시부터 22시까지 이용가능하며(연중무휴), 은행·상호금융
계좌, 보험 계약, 대부업체를 제외한 제도권 금융회사의 대출정보를 일괄조회 할 수 있습니다.",https://www.fss.or.kr/fss/bbs/B0000172/view.do?nttId=49732&menuNo=200202&viewType=&searchCnd=22&searchWrd=&pageIndex=1,https://www.fss.or.kr/fss/bbs/B0000172/list.do?menuNo=200202&bbsId=&cl1Cd=&cl2Cd=&cl3Cd=&pageIndex=1&paramDeptname=&viewType=&selectDeptname=&searchCnd=22&searchWrd=,67
어려운 금융용어 등을 쉽게 찾아볼 수 있는 사이트는 없나요?,"금융감독원은 금융소비자의 전문적인 금융용어에 대한 이해도를 제고하기 위해 관련 제도의 배경, 이슈 등을 종합적으로 반영해 작성한 ‘
금융용어사전
’을 오픈하였습니다.
‘금융용어사전’에는 핀테크 발달을 반영한 인터넷 전문은행, P2P(Peer to Peer) 대출, 로보어드바이저, 크라우드펀딩 등 전문 용어를 비롯한 533개 용어를 상세히 설명하고 있습니다.
금융감독원 홈페이지 및 ‘파인(FINE:fine.fss.or.kr)'의 금융용어사전’ 코너에서 찾아보실 수
있으며, 알고 싶은 용어명을 정확히 입력하지 않더라고 일부 단어만으로도 검색이 가능합니다.",https://www.fss.or.kr/fss/bbs/B0000172/view.do?nttId=49731&menuNo=200202&viewType=&searchCnd=22&searchWrd=&pageIndex=1,https://www.fss.or.kr/fss/bbs/B0000172/list.do?menuNo=200202&bbsId=&cl1Cd=&cl2Cd=&cl3Cd=&pageIndex=1&paramDeptname=&viewType=&selectDeptname=&searchCnd=22&searchWrd=,67
정기예금 및 적금 금리를 한눈에 비교해 볼 수 있는 곳은 없나요?,"금융감독원은 소비자의 금융상품 선택에 실질적인 도움이 될 수 있도록,
금융상품 통합 비교공시시스템 ‘금융상품한눈에’
를 오픈하였습니다.
예·적금, 대출 등 금융상품을 통합 비교공시하고 있으며,
실손보험, 자동차보험 등은 협회사이트(보험다모아)를 연결하여 제공하고 있습니다.
(다만 본 사이트의 금융상품 정보는 매월 20일 정기적으로 공시하고 있으며, 최신정보 제공을 위해 노력하고 있으나 금융상품의 금리 등 거래조건이 수시로 변경될 수 있으므로 거래전 반드시 해당 금융회사에 문의 후 구입을 결정하시기 바랍니다.)
* 홈페이지 주소 :
http://finlife.fss.or.kr",https://www.fss.or.kr/fss/bbs/B0000172/view.do?nttId=49730&menuNo=200202&viewType=&searchCnd=22&searchWrd=&pageIndex=1,https://www.fss.or.kr/fss/bbs/B0000172/list.do?menuNo=200202&bbsId=&cl1Cd=&cl2Cd=&cl3Cd=&pageIndex=1&paramDeptname=&viewType=&selectDeptname=&searchCnd=22&searchWrd=,67
「보이는 ARS」는 어떻게 이용할 수 있나요?,"금융감독원은
금감원 콜센터(☎1332)의 음성
ARS
안내
내용
을
스
마트폰
화면
을
통해
한 번에 확
인
할
수 있는
｢
보이는 1332｣ 서
비스
를
시
행중에 있습니다. 동 서비스 이용방법은 첨부파일을 참고하여 주시기 바랍니다.",https://www.fss.or.kr/fss/bbs/B0000172/view.do?nttId=49729&menuNo=200202&viewType=&searchCnd=22&searchWrd=&pageIndex=1,https://www.fss.or.kr/fss/bbs/B0000172/list.do?menuNo=200202&bbsId=&cl1Cd=&cl2Cd=&cl3Cd=&pageIndex=1&paramDeptname=&viewType=&selectDeptname=&searchCnd=22&searchWrd=,67
대차료 지급기준 참고(예시),"자동차보험 대차료 지급기준 개선
*
내용을 반영한 FAQ를 게시하오니 참고하시기 바랍니다.
* '22.9.29. 금융감독원 보도자료 ""현행 내연기관 중심의 자동차보험 대차료 지급기준을 친환경차 보급 확대 등 환경변화에 맞게 개선합니다
(
'22.10.11.부터 시행예정
)
""
참조",https://www.fss.or.kr/fss/bbs/B0000172/view.do?nttId=49737&menuNo=200202&viewType=&searchCnd=22&searchWrd=&pageIndex=1,https://www.fss.or.kr/fss/bbs/B0000172/list.do?menuNo=200202&bbsId=&cl1Cd=&cl2Cd=&cl3Cd=&pageIndex=1&paramDeptname=&viewType=&selectDeptname=&searchCnd=22&searchWrd=,68
소비자보호실태평가 결과는 어디서 확인할 수 있나요?,"소비자보호실태평가 결과는 금융감독원 홈페이지
(www.fss.or.kr
)
또는 개별 금융기관 및 협회 홈페이지
*
등을 통해 확인하실 수 있습니다.
※ 금융 권역별 협회 홈페이지 목록
은      행 : 전국은행연합회(www.kfb.or.kr)
생명보험 : 생명보험협회(www.klia.or.kr)
손해보험 : 손해보험협회(www.knia.or.kr)
카      드 : 여신금융협회(www.crefia.or.kr)
저축은행 : 저축은행중앙회(www.fsb.or.kr)
금융투자 : 금융투자협회(www.kofia.or.kr)",https://www.fss.or.kr/fss/bbs/B0000172/view.do?nttId=49736&menuNo=200202&viewType=&searchCnd=22&searchWrd=&pageIndex=1,https://www.fss.or.kr/fss/bbs/B0000172/list.do?menuNo=200202&bbsId=&cl1Cd=&cl2Cd=&cl3Cd=&pageIndex=1&paramDeptname=&viewType=&selectDeptname=&searchCnd=22&searchWrd=,68
소비자보호실태평가의 평가방법이 궁금합니다.,"「금융소비자보호 모범규준」에 명기된 소비자보호 사항의 이행여부 점검을 위해 계량 5개, 비계량 5개 등 총 10개 부문으로 구성하여 각 부문별로 평가하고 있습니다.
자세한 내용은 첨부파일을 참고해주시길 바랍니다.",https://www.fss.or.kr/fss/bbs/B0000172/view.do?nttId=49735&menuNo=200202&viewType=&searchCnd=22&searchWrd=&pageIndex=1,https://www.fss.or.kr/fss/bbs/B0000172/list.do?menuNo=200202&bbsId=&cl1Cd=&cl2Cd=&cl3Cd=&pageIndex=1&paramDeptname=&viewType=&selectDeptname=&searchCnd=22&searchWrd=,68
소비자보호실태평가는 어떤 제도인가요?,"금융감독원은 금융회사의 민원예방 노력 유도 등을 위해 2002년부터 「민원발생평가제도」를 운영
*
해왔습니다.
* 금감원이 처리한 민원건수를 기초로 금융회사를 1∼5등급으로 평가하고 대외에 공표(’14년은 81개사 평가)
그러나 민원건수 위주의 평가만으로는 금융회사의 소비자보호 수준을 평가하고, 금융회사의 자율적 개선노력을 유도하는데 한계가 있어 제도 개선의 필요성이 지속적으로 제기되어 왔습니다.
이에 따라 기존 민원발생평가제도를 대신하여 금융회사의 다양한 소비자보호 활동을 종합적으로 평가할 수 있는 「금융소비자보호 실태평가제도」를 도입·시행
('16.4월 시행)
하게 되었습니다.
소비자보호실태평가제도는
금융소비자에게는 거래 금융회사 선택에 필요한 유용한 정보를 제공하는 한편, 금융회사에게는 소비자보호 중심의 경영문화 확산을 유도하는데 중점을 두고 있습니다.",https://www.fss.or.kr/fss/bbs/B0000172/view.do?nttId=49734&menuNo=200202&viewType=&searchCnd=22&searchWrd=&pageIndex=1,https://www.fss.or.kr/fss/bbs/B0000172/list.do?menuNo=200202&bbsId=&cl1Cd=&cl2Cd=&cl3Cd=&pageIndex=1&paramDeptname=&viewType=&selectDeptname=&searchCnd=22&searchWrd=,68
금융감독원의 민원대상 금융회사가 궁금합니다.,"금융감독원은 은행, 금융투자업자, 보험회사, 여신전문금융회사, 상호저축은행 등 금융기관에 대한 민원을 처리하고 있습니다.
금융감독원의 민원대상 금융기관 조회방법은 다음과 같습니다.
1. 금융감독원 홈페이지 → e-금융민원센터 → 민원안내 → 금융민원신청 안내 → 유의사항
2.
http://www.fcsc.kr/D/fu_d_01_02.jsp
→  유의사항
참고로, 금융감독원의 민원대상 금융기관이 아닌 경우 타 부처 등으로 민원이 이송될 수 있음을 알려드립니다.",https://www.fss.or.kr/fss/bbs/B0000172/view.do?nttId=49733&menuNo=200202&viewType=&searchCnd=22&searchWrd=&pageIndex=1,https://www.fss.or.kr/fss/bbs/B0000172/list.do?menuNo=200202&bbsId=&cl1Cd=&cl2Cd=&cl3Cd=&pageIndex=1&paramDeptname=&viewType=&selectDeptname=&searchCnd=22&searchWrd=,68
내 금융계좌를 한번에 조회할 수 있는 사이트는 없나요?,"‘내 계좌 한눈에’ 서비스를 통하여 본인의 주요 금융계좌 정보를 한번에 조회할 수 있습니다!
금융소비자정보포털 ‘파인’(fine.fss.or.kr) 또는 ’내 계좌 한눈에‘ 홈페이지 (
www.accountinfo.or.kr)
를
통해 9시부터 22시까지 이용가능하며(연중무휴), 은행·상호금융
계좌, 보험 계약, 대부업체를 제외한 제도권 금융회사의 대출정보를 일괄조회 할 수 있습니다.",https://www.fss.or.kr/fss/bbs/B0000172/view.do?nttId=49732&menuNo=200202&viewType=&searchCnd=22&searchWrd=&pageIndex=1,https://www.fss.or.kr/fss/bbs/B0000172/list.do?menuNo=200202&bbsId=&cl1Cd=&cl2Cd=&cl3Cd=&pageIndex=1&paramDeptname=&viewType=&selectDeptname=&searchCnd=22&searchWrd=,68
어려운 금융용어 등을 쉽게 찾아볼 수 있는 사이트는 없나요?,"금융감독원은 금융소비자의 전문적인 금융용어에 대한 이해도를 제고하기 위해 관련 제도의 배경, 이슈 등을 종합적으로 반영해 작성한 ‘
금융용어사전
’을 오픈하였습니다.
‘금융용어사전’에는 핀테크 발달을 반영한 인터넷 전문은행, P2P(Peer to Peer) 대출, 로보어드바이저, 크라우드펀딩 등 전문 용어를 비롯한 533개 용어를 상세히 설명하고 있습니다.
금융감독원 홈페이지 및 ‘파인(FINE:fine.fss.or.kr)'의 금융용어사전’ 코너에서 찾아보실 수
있으며, 알고 싶은 용어명을 정확히 입력하지 않더라고 일부 단어만으로도 검색이 가능합니다.",https://www.fss.or.kr/fss/bbs/B0000172/view.do?nttId=49731&menuNo=200202&viewType=&searchCnd=22&searchWrd=&pageIndex=1,https://www.fss.or.kr/fss/bbs/B0000172/list.do?menuNo=200202&bbsId=&cl1Cd=&cl2Cd=&cl3Cd=&pageIndex=1&paramDeptname=&viewType=&selectDeptname=&searchCnd=22&searchWrd=,68
정기예금 및 적금 금리를 한눈에 비교해 볼 수 있는 곳은 없나요?,"금융감독원은 소비자의 금융상품 선택에 실질적인 도움이 될 수 있도록,
금융상품 통합 비교공시시스템 ‘금융상품한눈에’
를 오픈하였습니다.
예·적금, 대출 등 금융상품을 통합 비교공시하고 있으며,
실손보험, 자동차보험 등은 협회사이트(보험다모아)를 연결하여 제공하고 있습니다.
(다만 본 사이트의 금융상품 정보는 매월 20일 정기적으로 공시하고 있으며, 최신정보 제공을 위해 노력하고 있으나 금융상품의 금리 등 거래조건이 수시로 변경될 수 있으므로 거래전 반드시 해당 금융회사에 문의 후 구입을 결정하시기 바랍니다.)
* 홈페이지 주소 :
http://finlife.fss.or.kr",https://www.fss.or.kr/fss/bbs/B0000172/view.do?nttId=49730&menuNo=200202&viewType=&searchCnd=22&searchWrd=&pageIndex=1,https://www.fss.or.kr/fss/bbs/B0000172/list.do?menuNo=200202&bbsId=&cl1Cd=&cl2Cd=&cl3Cd=&pageIndex=1&paramDeptname=&viewType=&selectDeptname=&searchCnd=22&searchWrd=,68
「보이는 ARS」는 어떻게 이용할 수 있나요?,"금융감독원은
금감원 콜센터(☎1332)의 음성
ARS
안내
내용
을
스
마트폰
화면
을
통해
한 번에 확
인
할
수 있는
｢
보이는 1332｣ 서
비스
를
시
행중에 있습니다. 동 서비스 이용방법은 첨부파일을 참고하여 주시기 바랍니다.",https://www.fss.or.kr/fss/bbs/B0000172/view.do?nttId=49729&menuNo=200202&viewType=&searchCnd=22&searchWrd=&pageIndex=1,https://www.fss.or.kr/fss/bbs/B0000172/list.do?menuNo=200202&bbsId=&cl1Cd=&cl2Cd=&cl3Cd=&pageIndex=1&paramDeptname=&viewType=&selectDeptname=&searchCnd=22&searchWrd=,68
대차료 지급기준 참고(예시),"자동차보험 대차료 지급기준 개선
*
내용을 반영한 FAQ를 게시하오니 참고하시기 바랍니다.
* '22.9.29. 금융감독원 보도자료 ""현행 내연기관 중심의 자동차보험 대차료 지급기준을 친환경차 보급 확대 등 환경변화에 맞게 개선합니다
(
'22.10.11.부터 시행예정
)
""
참조",https://www.fss.or.kr/fss/bbs/B0000172/view.do?nttId=49737&menuNo=200202&viewType=&searchCnd=22&searchWrd=&pageIndex=1,https://www.fss.or.kr/fss/bbs/B0000172/list.do?menuNo=200202&bbsId=&cl1Cd=&cl2Cd=&cl3Cd=&pageIndex=1&paramDeptname=&viewType=&selectDeptname=&searchCnd=22&searchWrd=,69
소비자보호실태평가 결과는 어디서 확인할 수 있나요?,"소비자보호실태평가 결과는 금융감독원 홈페이지
(www.fss.or.kr
)
또는 개별 금융기관 및 협회 홈페이지
*
등을 통해 확인하실 수 있습니다.
※ 금융 권역별 협회 홈페이지 목록
은      행 : 전국은행연합회(www.kfb.or.kr)
생명보험 : 생명보험협회(www.klia.or.kr)
손해보험 : 손해보험협회(www.knia.or.kr)
카      드 : 여신금융협회(www.crefia.or.kr)
저축은행 : 저축은행중앙회(www.fsb.or.kr)
금융투자 : 금융투자협회(www.kofia.or.kr)",https://www.fss.or.kr/fss/bbs/B0000172/view.do?nttId=49736&menuNo=200202&viewType=&searchCnd=22&searchWrd=&pageIndex=1,https://www.fss.or.kr/fss/bbs/B0000172/list.do?menuNo=200202&bbsId=&cl1Cd=&cl2Cd=&cl3Cd=&pageIndex=1&paramDeptname=&viewType=&selectDeptname=&searchCnd=22&searchWrd=,69
소비자보호실태평가의 평가방법이 궁금합니다.,"「금융소비자보호 모범규준」에 명기된 소비자보호 사항의 이행여부 점검을 위해 계량 5개, 비계량 5개 등 총 10개 부문으로 구성하여 각 부문별로 평가하고 있습니다.
자세한 내용은 첨부파일을 참고해주시길 바랍니다.",https://www.fss.or.kr/fss/bbs/B0000172/view.do?nttId=49735&menuNo=200202&viewType=&searchCnd=22&searchWrd=&pageIndex=1,https://www.fss.or.kr/fss/bbs/B0000172/list.do?menuNo=200202&bbsId=&cl1Cd=&cl2Cd=&cl3Cd=&pageIndex=1&paramDeptname=&viewType=&selectDeptname=&searchCnd=22&searchWrd=,69
소비자보호실태평가는 어떤 제도인가요?,"금융감독원은 금융회사의 민원예방 노력 유도 등을 위해 2002년부터 「민원발생평가제도」를 운영
*
해왔습니다.
* 금감원이 처리한 민원건수를 기초로 금융회사를 1∼5등급으로 평가하고 대외에 공표(’14년은 81개사 평가)
그러나 민원건수 위주의 평가만으로는 금융회사의 소비자보호 수준을 평가하고, 금융회사의 자율적 개선노력을 유도하는데 한계가 있어 제도 개선의 필요성이 지속적으로 제기되어 왔습니다.
이에 따라 기존 민원발생평가제도를 대신하여 금융회사의 다양한 소비자보호 활동을 종합적으로 평가할 수 있는 「금융소비자보호 실태평가제도」를 도입·시행
('16.4월 시행)
하게 되었습니다.
소비자보호실태평가제도는
금융소비자에게는 거래 금융회사 선택에 필요한 유용한 정보를 제공하는 한편, 금융회사에게는 소비자보호 중심의 경영문화 확산을 유도하는데 중점을 두고 있습니다.",https://www.fss.or.kr/fss/bbs/B0000172/view.do?nttId=49734&menuNo=200202&viewType=&searchCnd=22&searchWrd=&pageIndex=1,https://www.fss.or.kr/fss/bbs/B0000172/list.do?menuNo=200202&bbsId=&cl1Cd=&cl2Cd=&cl3Cd=&pageIndex=1&paramDeptname=&viewType=&selectDeptname=&searchCnd=22&searchWrd=,69
금융감독원의 민원대상 금융회사가 궁금합니다.,"금융감독원은 은행, 금융투자업자, 보험회사, 여신전문금융회사, 상호저축은행 등 금융기관에 대한 민원을 처리하고 있습니다.
금융감독원의 민원대상 금융기관 조회방법은 다음과 같습니다.
1. 금융감독원 홈페이지 → e-금융민원센터 → 민원안내 → 금융민원신청 안내 → 유의사항
2.
http://www.fcsc.kr/D/fu_d_01_02.jsp
→  유의사항
참고로, 금융감독원의 민원대상 금융기관이 아닌 경우 타 부처 등으로 민원이 이송될 수 있음을 알려드립니다.",https://www.fss.or.kr/fss/bbs/B0000172/view.do?nttId=49733&menuNo=200202&viewType=&searchCnd=22&searchWrd=&pageIndex=1,https://www.fss.or.kr/fss/bbs/B0000172/list.do?menuNo=200202&bbsId=&cl1Cd=&cl2Cd=&cl3Cd=&pageIndex=1&paramDeptname=&viewType=&selectDeptname=&searchCnd=22&searchWrd=,69
내 금융계좌를 한번에 조회할 수 있는 사이트는 없나요?,"‘내 계좌 한눈에’ 서비스를 통하여 본인의 주요 금융계좌 정보를 한번에 조회할 수 있습니다!
금융소비자정보포털 ‘파인’(fine.fss.or.kr) 또는 ’내 계좌 한눈에‘ 홈페이지 (
www.accountinfo.or.kr)
를
통해 9시부터 22시까지 이용가능하며(연중무휴), 은행·상호금융
계좌, 보험 계약, 대부업체를 제외한 제도권 금융회사의 대출정보를 일괄조회 할 수 있습니다.",https://www.fss.or.kr/fss/bbs/B0000172/view.do?nttId=49732&menuNo=200202&viewType=&searchCnd=22&searchWrd=&pageIndex=1,https://www.fss.or.kr/fss/bbs/B0000172/list.do?menuNo=200202&bbsId=&cl1Cd=&cl2Cd=&cl3Cd=&pageIndex=1&paramDeptname=&viewType=&selectDeptname=&searchCnd=22&searchWrd=,69
어려운 금융용어 등을 쉽게 찾아볼 수 있는 사이트는 없나요?,"금융감독원은 금융소비자의 전문적인 금융용어에 대한 이해도를 제고하기 위해 관련 제도의 배경, 이슈 등을 종합적으로 반영해 작성한 ‘
금융용어사전
’을 오픈하였습니다.
‘금융용어사전’에는 핀테크 발달을 반영한 인터넷 전문은행, P2P(Peer to Peer) 대출, 로보어드바이저, 크라우드펀딩 등 전문 용어를 비롯한 533개 용어를 상세히 설명하고 있습니다.
금융감독원 홈페이지 및 ‘파인(FINE:fine.fss.or.kr)'의 금융용어사전’ 코너에서 찾아보실 수
있으며, 알고 싶은 용어명을 정확히 입력하지 않더라고 일부 단어만으로도 검색이 가능합니다.",https://www.fss.or.kr/fss/bbs/B0000172/view.do?nttId=49731&menuNo=200202&viewType=&searchCnd=22&searchWrd=&pageIndex=1,https://www.fss.or.kr/fss/bbs/B0000172/list.do?menuNo=200202&bbsId=&cl1Cd=&cl2Cd=&cl3Cd=&pageIndex=1&paramDeptname=&viewType=&selectDeptname=&searchCnd=22&searchWrd=,69
정기예금 및 적금 금리를 한눈에 비교해 볼 수 있는 곳은 없나요?,"금융감독원은 소비자의 금융상품 선택에 실질적인 도움이 될 수 있도록,
금융상품 통합 비교공시시스템 ‘금융상품한눈에’
를 오픈하였습니다.
예·적금, 대출 등 금융상품을 통합 비교공시하고 있으며,
실손보험, 자동차보험 등은 협회사이트(보험다모아)를 연결하여 제공하고 있습니다.
(다만 본 사이트의 금융상품 정보는 매월 20일 정기적으로 공시하고 있으며, 최신정보 제공을 위해 노력하고 있으나 금융상품의 금리 등 거래조건이 수시로 변경될 수 있으므로 거래전 반드시 해당 금융회사에 문의 후 구입을 결정하시기 바랍니다.)
* 홈페이지 주소 :
http://finlife.fss.or.kr",https://www.fss.or.kr/fss/bbs/B0000172/view.do?nttId=49730&menuNo=200202&viewType=&searchCnd=22&searchWrd=&pageIndex=1,https://www.fss.or.kr/fss/bbs/B0000172/list.do?menuNo=200202&bbsId=&cl1Cd=&cl2Cd=&cl3Cd=&pageIndex=1&paramDeptname=&viewType=&selectDeptname=&searchCnd=22&searchWrd=,69
「보이는 ARS」는 어떻게 이용할 수 있나요?,"금융감독원은
금감원 콜센터(☎1332)의 음성
ARS
안내
내용
을
스
마트폰
화면
을
통해
한 번에 확
인
할
수 있는
｢
보이는 1332｣ 서
비스
를
시
행중에 있습니다. 동 서비스 이용방법은 첨부파일을 참고하여 주시기 바랍니다.",https://www.fss.or.kr/fss/bbs/B0000172/view.do?nttId=49729&menuNo=200202&viewType=&searchCnd=22&searchWrd=&pageIndex=1,https://www.fss.or.kr/fss/bbs/B0000172/list.do?menuNo=200202&bbsId=&cl1Cd=&cl2Cd=&cl3Cd=&pageIndex=1&paramDeptname=&viewType=&selectDeptname=&searchCnd=22&searchWrd=,69
대차료 지급기준 참고(예시),"자동차보험 대차료 지급기준 개선
*
내용을 반영한 FAQ를 게시하오니 참고하시기 바랍니다.
* '22.9.29. 금융감독원 보도자료 ""현행 내연기관 중심의 자동차보험 대차료 지급기준을 친환경차 보급 확대 등 환경변화에 맞게 개선합니다
(
'22.10.11.부터 시행예정
)
""
참조",https://www.fss.or.kr/fss/bbs/B0000172/view.do?nttId=49737&menuNo=200202&viewType=&searchCnd=22&searchWrd=&pageIndex=1,https://www.fss.or.kr/fss/bbs/B0000172/list.do?menuNo=200202&bbsId=&cl1Cd=&cl2Cd=&cl3Cd=&pageIndex=1&paramDeptname=&viewType=&selectDeptname=&searchCnd=22&searchWrd=,70
소비자보호실태평가 결과는 어디서 확인할 수 있나요?,"소비자보호실태평가 결과는 금융감독원 홈페이지
(www.fss.or.kr
)
또는 개별 금융기관 및 협회 홈페이지
*
등을 통해 확인하실 수 있습니다.
※ 금융 권역별 협회 홈페이지 목록
은      행 : 전국은행연합회(www.kfb.or.kr)
생명보험 : 생명보험협회(www.klia.or.kr)
손해보험 : 손해보험협회(www.knia.or.kr)
카      드 : 여신금융협회(www.crefia.or.kr)
저축은행 : 저축은행중앙회(www.fsb.or.kr)
금융투자 : 금융투자협회(www.kofia.or.kr)",https://www.fss.or.kr/fss/bbs/B0000172/view.do?nttId=49736&menuNo=200202&viewType=&searchCnd=22&searchWrd=&pageIndex=1,https://www.fss.or.kr/fss/bbs/B0000172/list.do?menuNo=200202&bbsId=&cl1Cd=&cl2Cd=&cl3Cd=&pageIndex=1&paramDeptname=&viewType=&selectDeptname=&searchCnd=22&searchWrd=,70
소비자보호실태평가의 평가방법이 궁금합니다.,"「금융소비자보호 모범규준」에 명기된 소비자보호 사항의 이행여부 점검을 위해 계량 5개, 비계량 5개 등 총 10개 부문으로 구성하여 각 부문별로 평가하고 있습니다.
자세한 내용은 첨부파일을 참고해주시길 바랍니다.",https://www.fss.or.kr/fss/bbs/B0000172/view.do?nttId=49735&menuNo=200202&viewType=&searchCnd=22&searchWrd=&pageIndex=1,https://www.fss.or.kr/fss/bbs/B0000172/list.do?menuNo=200202&bbsId=&cl1Cd=&cl2Cd=&cl3Cd=&pageIndex=1&paramDeptname=&viewType=&selectDeptname=&searchCnd=22&searchWrd=,70
소비자보호실태평가는 어떤 제도인가요?,"금융감독원은 금융회사의 민원예방 노력 유도 등을 위해 2002년부터 「민원발생평가제도」를 운영
*
해왔습니다.
* 금감원이 처리한 민원건수를 기초로 금융회사를 1∼5등급으로 평가하고 대외에 공표(’14년은 81개사 평가)
그러나 민원건수 위주의 평가만으로는 금융회사의 소비자보호 수준을 평가하고, 금융회사의 자율적 개선노력을 유도하는데 한계가 있어 제도 개선의 필요성이 지속적으로 제기되어 왔습니다.
이에 따라 기존 민원발생평가제도를 대신하여 금융회사의 다양한 소비자보호 활동을 종합적으로 평가할 수 있는 「금융소비자보호 실태평가제도」를 도입·시행
('16.4월 시행)
하게 되었습니다.
소비자보호실태평가제도는
금융소비자에게는 거래 금융회사 선택에 필요한 유용한 정보를 제공하는 한편, 금융회사에게는 소비자보호 중심의 경영문화 확산을 유도하는데 중점을 두고 있습니다.",https://www.fss.or.kr/fss/bbs/B0000172/view.do?nttId=49734&menuNo=200202&viewType=&searchCnd=22&searchWrd=&pageIndex=1,https://www.fss.or.kr/fss/bbs/B0000172/list.do?menuNo=200202&bbsId=&cl1Cd=&cl2Cd=&cl3Cd=&pageIndex=1&paramDeptname=&viewType=&selectDeptname=&searchCnd=22&searchWrd=,70
금융감독원의 민원대상 금융회사가 궁금합니다.,"금융감독원은 은행, 금융투자업자, 보험회사, 여신전문금융회사, 상호저축은행 등 금융기관에 대한 민원을 처리하고 있습니다.
금융감독원의 민원대상 금융기관 조회방법은 다음과 같습니다.
1. 금융감독원 홈페이지 → e-금융민원센터 → 민원안내 → 금융민원신청 안내 → 유의사항
2.
http://www.fcsc.kr/D/fu_d_01_02.jsp
→  유의사항
참고로, 금융감독원의 민원대상 금융기관이 아닌 경우 타 부처 등으로 민원이 이송될 수 있음을 알려드립니다.",https://www.fss.or.kr/fss/bbs/B0000172/view.do?nttId=49733&menuNo=200202&viewType=&searchCnd=22&searchWrd=&pageIndex=1,https://www.fss.or.kr/fss/bbs/B0000172/list.do?menuNo=200202&bbsId=&cl1Cd=&cl2Cd=&cl3Cd=&pageIndex=1&paramDeptname=&viewType=&selectDeptname=&searchCnd=22&searchWrd=,70
내 금융계좌를 한번에 조회할 수 있는 사이트는 없나요?,"‘내 계좌 한눈에’ 서비스를 통하여 본인의 주요 금융계좌 정보를 한번에 조회할 수 있습니다!
금융소비자정보포털 ‘파인’(fine.fss.or.kr) 또는 ’내 계좌 한눈에‘ 홈페이지 (
www.accountinfo.or.kr)
를
통해 9시부터 22시까지 이용가능하며(연중무휴), 은행·상호금융
계좌, 보험 계약, 대부업체를 제외한 제도권 금융회사의 대출정보를 일괄조회 할 수 있습니다.",https://www.fss.or.kr/fss/bbs/B0000172/view.do?nttId=49732&menuNo=200202&viewType=&searchCnd=22&searchWrd=&pageIndex=1,https://www.fss.or.kr/fss/bbs/B0000172/list.do?menuNo=200202&bbsId=&cl1Cd=&cl2Cd=&cl3Cd=&pageIndex=1&paramDeptname=&viewType=&selectDeptname=&searchCnd=22&searchWrd=,70
어려운 금융용어 등을 쉽게 찾아볼 수 있는 사이트는 없나요?,"금융감독원은 금융소비자의 전문적인 금융용어에 대한 이해도를 제고하기 위해 관련 제도의 배경, 이슈 등을 종합적으로 반영해 작성한 ‘
금융용어사전
’을 오픈하였습니다.
‘금융용어사전’에는 핀테크 발달을 반영한 인터넷 전문은행, P2P(Peer to Peer) 대출, 로보어드바이저, 크라우드펀딩 등 전문 용어를 비롯한 533개 용어를 상세히 설명하고 있습니다.
금융감독원 홈페이지 및 ‘파인(FINE:fine.fss.or.kr)'의 금융용어사전’ 코너에서 찾아보실 수
있으며, 알고 싶은 용어명을 정확히 입력하지 않더라고 일부 단어만으로도 검색이 가능합니다.",https://www.fss.or.kr/fss/bbs/B0000172/view.do?nttId=49731&menuNo=200202&viewType=&searchCnd=22&searchWrd=&pageIndex=1,https://www.fss.or.kr/fss/bbs/B0000172/list.do?menuNo=200202&bbsId=&cl1Cd=&cl2Cd=&cl3Cd=&pageIndex=1&paramDeptname=&viewType=&selectDeptname=&searchCnd=22&searchWrd=,70
정기예금 및 적금 금리를 한눈에 비교해 볼 수 있는 곳은 없나요?,"금융감독원은 소비자의 금융상품 선택에 실질적인 도움이 될 수 있도록,
금융상품 통합 비교공시시스템 ‘금융상품한눈에’
를 오픈하였습니다.
예·적금, 대출 등 금융상품을 통합 비교공시하고 있으며,
실손보험, 자동차보험 등은 협회사이트(보험다모아)를 연결하여 제공하고 있습니다.
(다만 본 사이트의 금융상품 정보는 매월 20일 정기적으로 공시하고 있으며, 최신정보 제공을 위해 노력하고 있으나 금융상품의 금리 등 거래조건이 수시로 변경될 수 있으므로 거래전 반드시 해당 금융회사에 문의 후 구입을 결정하시기 바랍니다.)
* 홈페이지 주소 :
http://finlife.fss.or.kr",https://www.fss.or.kr/fss/bbs/B0000172/view.do?nttId=49730&menuNo=200202&viewType=&searchCnd=22&searchWrd=&pageIndex=1,https://www.fss.or.kr/fss/bbs/B0000172/list.do?menuNo=200202&bbsId=&cl1Cd=&cl2Cd=&cl3Cd=&pageIndex=1&paramDeptname=&viewType=&selectDeptname=&searchCnd=22&searchWrd=,70
「보이는 ARS」는 어떻게 이용할 수 있나요?,"금융감독원은
금감원 콜센터(☎1332)의 음성
ARS
안내
내용
을
스
마트폰
화면
을
통해
한 번에 확
인
할
수 있는
｢
보이는 1332｣ 서
비스
를
시
행중에 있습니다. 동 서비스 이용방법은 첨부파일을 참고하여 주시기 바랍니다.",https://www.fss.or.kr/fss/bbs/B0000172/view.do?nttId=49729&menuNo=200202&viewType=&searchCnd=22&searchWrd=&pageIndex=1,https://www.fss.or.kr/fss/bbs/B0000172/list.do?menuNo=200202&bbsId=&cl1Cd=&cl2Cd=&cl3Cd=&pageIndex=1&paramDeptname=&viewType=&selectDeptname=&searchCnd=22&searchWrd=,70
대차료 지급기준 참고(예시),"자동차보험 대차료 지급기준 개선
*
내용을 반영한 FAQ를 게시하오니 참고하시기 바랍니다.
* '22.9.29. 금융감독원 보도자료 ""현행 내연기관 중심의 자동차보험 대차료 지급기준을 친환경차 보급 확대 등 환경변화에 맞게 개선합니다
(
'22.10.11.부터 시행예정
)
""
참조",https://www.fss.or.kr/fss/bbs/B0000172/view.do?nttId=49737&menuNo=200202&viewType=&searchCnd=22&searchWrd=&pageIndex=1,https://www.fss.or.kr/fss/bbs/B0000172/list.do?menuNo=200202&bbsId=&cl1Cd=&cl2Cd=&cl3Cd=&pageIndex=1&paramDeptname=&viewType=&selectDeptname=&searchCnd=22&searchWrd=,71
소비자보호실태평가 결과는 어디서 확인할 수 있나요?,"소비자보호실태평가 결과는 금융감독원 홈페이지
(www.fss.or.kr
)
또는 개별 금융기관 및 협회 홈페이지
*
등을 통해 확인하실 수 있습니다.
※ 금융 권역별 협회 홈페이지 목록
은      행 : 전국은행연합회(www.kfb.or.kr)
생명보험 : 생명보험협회(www.klia.or.kr)
손해보험 : 손해보험협회(www.knia.or.kr)
카      드 : 여신금융협회(www.crefia.or.kr)
저축은행 : 저축은행중앙회(www.fsb.or.kr)
금융투자 : 금융투자협회(www.kofia.or.kr)",https://www.fss.or.kr/fss/bbs/B0000172/view.do?nttId=49736&menuNo=200202&viewType=&searchCnd=22&searchWrd=&pageIndex=1,https://www.fss.or.kr/fss/bbs/B0000172/list.do?menuNo=200202&bbsId=&cl1Cd=&cl2Cd=&cl3Cd=&pageIndex=1&paramDeptname=&viewType=&selectDeptname=&searchCnd=22&searchWrd=,71
소비자보호실태평가의 평가방법이 궁금합니다.,"「금융소비자보호 모범규준」에 명기된 소비자보호 사항의 이행여부 점검을 위해 계량 5개, 비계량 5개 등 총 10개 부문으로 구성하여 각 부문별로 평가하고 있습니다.
자세한 내용은 첨부파일을 참고해주시길 바랍니다.",https://www.fss.or.kr/fss/bbs/B0000172/view.do?nttId=49735&menuNo=200202&viewType=&searchCnd=22&searchWrd=&pageIndex=1,https://www.fss.or.kr/fss/bbs/B0000172/list.do?menuNo=200202&bbsId=&cl1Cd=&cl2Cd=&cl3Cd=&pageIndex=1&paramDeptname=&viewType=&selectDeptname=&searchCnd=22&searchWrd=,71
소비자보호실태평가는 어떤 제도인가요?,"금융감독원은 금융회사의 민원예방 노력 유도 등을 위해 2002년부터 「민원발생평가제도」를 운영
*
해왔습니다.
* 금감원이 처리한 민원건수를 기초로 금융회사를 1∼5등급으로 평가하고 대외에 공표(’14년은 81개사 평가)
그러나 민원건수 위주의 평가만으로는 금융회사의 소비자보호 수준을 평가하고, 금융회사의 자율적 개선노력을 유도하는데 한계가 있어 제도 개선의 필요성이 지속적으로 제기되어 왔습니다.
이에 따라 기존 민원발생평가제도를 대신하여 금융회사의 다양한 소비자보호 활동을 종합적으로 평가할 수 있는 「금융소비자보호 실태평가제도」를 도입·시행
('16.4월 시행)
하게 되었습니다.
소비자보호실태평가제도는
금융소비자에게는 거래 금융회사 선택에 필요한 유용한 정보를 제공하는 한편, 금융회사에게는 소비자보호 중심의 경영문화 확산을 유도하는데 중점을 두고 있습니다.",https://www.fss.or.kr/fss/bbs/B0000172/view.do?nttId=49734&menuNo=200202&viewType=&searchCnd=22&searchWrd=&pageIndex=1,https://www.fss.or.kr/fss/bbs/B0000172/list.do?menuNo=200202&bbsId=&cl1Cd=&cl2Cd=&cl3Cd=&pageIndex=1&paramDeptname=&viewType=&selectDeptname=&searchCnd=22&searchWrd=,71
금융감독원의 민원대상 금융회사가 궁금합니다.,"금융감독원은 은행, 금융투자업자, 보험회사, 여신전문금융회사, 상호저축은행 등 금융기관에 대한 민원을 처리하고 있습니다.
금융감독원의 민원대상 금융기관 조회방법은 다음과 같습니다.
1. 금융감독원 홈페이지 → e-금융민원센터 → 민원안내 → 금융민원신청 안내 → 유의사항
2.
http://www.fcsc.kr/D/fu_d_01_02.jsp
→  유의사항
참고로, 금융감독원의 민원대상 금융기관이 아닌 경우 타 부처 등으로 민원이 이송될 수 있음을 알려드립니다.",https://www.fss.or.kr/fss/bbs/B0000172/view.do?nttId=49733&menuNo=200202&viewType=&searchCnd=22&searchWrd=&pageIndex=1,https://www.fss.or.kr/fss/bbs/B0000172/list.do?menuNo=200202&bbsId=&cl1Cd=&cl2Cd=&cl3Cd=&pageIndex=1&paramDeptname=&viewType=&selectDeptname=&searchCnd=22&searchWrd=,71
내 금융계좌를 한번에 조회할 수 있는 사이트는 없나요?,"‘내 계좌 한눈에’ 서비스를 통하여 본인의 주요 금융계좌 정보를 한번에 조회할 수 있습니다!
금융소비자정보포털 ‘파인’(fine.fss.or.kr) 또는 ’내 계좌 한눈에‘ 홈페이지 (
www.accountinfo.or.kr)
를
통해 9시부터 22시까지 이용가능하며(연중무휴), 은행·상호금융
계좌, 보험 계약, 대부업체를 제외한 제도권 금융회사의 대출정보를 일괄조회 할 수 있습니다.",https://www.fss.or.kr/fss/bbs/B0000172/view.do?nttId=49732&menuNo=200202&viewType=&searchCnd=22&searchWrd=&pageIndex=1,https://www.fss.or.kr/fss/bbs/B0000172/list.do?menuNo=200202&bbsId=&cl1Cd=&cl2Cd=&cl3Cd=&pageIndex=1&paramDeptname=&viewType=&selectDeptname=&searchCnd=22&searchWrd=,71
어려운 금융용어 등을 쉽게 찾아볼 수 있는 사이트는 없나요?,"금융감독원은 금융소비자의 전문적인 금융용어에 대한 이해도를 제고하기 위해 관련 제도의 배경, 이슈 등을 종합적으로 반영해 작성한 ‘
금융용어사전
’을 오픈하였습니다.
‘금융용어사전’에는 핀테크 발달을 반영한 인터넷 전문은행, P2P(Peer to Peer) 대출, 로보어드바이저, 크라우드펀딩 등 전문 용어를 비롯한 533개 용어를 상세히 설명하고 있습니다.
금융감독원 홈페이지 및 ‘파인(FINE:fine.fss.or.kr)'의 금융용어사전’ 코너에서 찾아보실 수
있으며, 알고 싶은 용어명을 정확히 입력하지 않더라고 일부 단어만으로도 검색이 가능합니다.",https://www.fss.or.kr/fss/bbs/B0000172/view.do?nttId=49731&menuNo=200202&viewType=&searchCnd=22&searchWrd=&pageIndex=1,https://www.fss.or.kr/fss/bbs/B0000172/list.do?menuNo=200202&bbsId=&cl1Cd=&cl2Cd=&cl3Cd=&pageIndex=1&paramDeptname=&viewType=&selectDeptname=&searchCnd=22&searchWrd=,71
정기예금 및 적금 금리를 한눈에 비교해 볼 수 있는 곳은 없나요?,"금융감독원은 소비자의 금융상품 선택에 실질적인 도움이 될 수 있도록,
금융상품 통합 비교공시시스템 ‘금융상품한눈에’
를 오픈하였습니다.
예·적금, 대출 등 금융상품을 통합 비교공시하고 있으며,
실손보험, 자동차보험 등은 협회사이트(보험다모아)를 연결하여 제공하고 있습니다.
(다만 본 사이트의 금융상품 정보는 매월 20일 정기적으로 공시하고 있으며, 최신정보 제공을 위해 노력하고 있으나 금융상품의 금리 등 거래조건이 수시로 변경될 수 있으므로 거래전 반드시 해당 금융회사에 문의 후 구입을 결정하시기 바랍니다.)
* 홈페이지 주소 :
http://finlife.fss.or.kr",https://www.fss.or.kr/fss/bbs/B0000172/view.do?nttId=49730&menuNo=200202&viewType=&searchCnd=22&searchWrd=&pageIndex=1,https://www.fss.or.kr/fss/bbs/B0000172/list.do?menuNo=200202&bbsId=&cl1Cd=&cl2Cd=&cl3Cd=&pageIndex=1&paramDeptname=&viewType=&selectDeptname=&searchCnd=22&searchWrd=,71
「보이는 ARS」는 어떻게 이용할 수 있나요?,"금융감독원은
금감원 콜센터(☎1332)의 음성
ARS
안내
내용
을
스
마트폰
화면
을
통해
한 번에 확
인
할
수 있는
｢
보이는 1332｣ 서
비스
를
시
행중에 있습니다. 동 서비스 이용방법은 첨부파일을 참고하여 주시기 바랍니다.",https://www.fss.or.kr/fss/bbs/B0000172/view.do?nttId=49729&menuNo=200202&viewType=&searchCnd=22&searchWrd=&pageIndex=1,https://www.fss.or.kr/fss/bbs/B0000172/list.do?menuNo=200202&bbsId=&cl1Cd=&cl2Cd=&cl3Cd=&pageIndex=1&paramDeptname=&viewType=&selectDeptname=&searchCnd=22&searchWrd=,71
대차료 지급기준 참고(예시),"자동차보험 대차료 지급기준 개선
*
내용을 반영한 FAQ를 게시하오니 참고하시기 바랍니다.
* '22.9.29. 금융감독원 보도자료 ""현행 내연기관 중심의 자동차보험 대차료 지급기준을 친환경차 보급 확대 등 환경변화에 맞게 개선합니다
(
'22.10.11.부터 시행예정
)
""
참조",https://www.fss.or.kr/fss/bbs/B0000172/view.do?nttId=49737&menuNo=200202&viewType=&searchCnd=22&searchWrd=&pageIndex=1,https://www.fss.or.kr/fss/bbs/B0000172/list.do?menuNo=200202&bbsId=&cl1Cd=&cl2Cd=&cl3Cd=&pageIndex=1&paramDeptname=&viewType=&selectDeptname=&searchCnd=22&searchWrd=,72
소비자보호실태평가 결과는 어디서 확인할 수 있나요?,"소비자보호실태평가 결과는 금융감독원 홈페이지
(www.fss.or.kr
)
또는 개별 금융기관 및 협회 홈페이지
*
등을 통해 확인하실 수 있습니다.
※ 금융 권역별 협회 홈페이지 목록
은      행 : 전국은행연합회(www.kfb.or.kr)
생명보험 : 생명보험협회(www.klia.or.kr)
손해보험 : 손해보험협회(www.knia.or.kr)
카      드 : 여신금융협회(www.crefia.or.kr)
저축은행 : 저축은행중앙회(www.fsb.or.kr)
금융투자 : 금융투자협회(www.kofia.or.kr)",https://www.fss.or.kr/fss/bbs/B0000172/view.do?nttId=49736&menuNo=200202&viewType=&searchCnd=22&searchWrd=&pageIndex=1,https://www.fss.or.kr/fss/bbs/B0000172/list.do?menuNo=200202&bbsId=&cl1Cd=&cl2Cd=&cl3Cd=&pageIndex=1&paramDeptname=&viewType=&selectDeptname=&searchCnd=22&searchWrd=,72
소비자보호실태평가의 평가방법이 궁금합니다.,"「금융소비자보호 모범규준」에 명기된 소비자보호 사항의 이행여부 점검을 위해 계량 5개, 비계량 5개 등 총 10개 부문으로 구성하여 각 부문별로 평가하고 있습니다.
자세한 내용은 첨부파일을 참고해주시길 바랍니다.",https://www.fss.or.kr/fss/bbs/B0000172/view.do?nttId=49735&menuNo=200202&viewType=&searchCnd=22&searchWrd=&pageIndex=1,https://www.fss.or.kr/fss/bbs/B0000172/list.do?menuNo=200202&bbsId=&cl1Cd=&cl2Cd=&cl3Cd=&pageIndex=1&paramDeptname=&viewType=&selectDeptname=&searchCnd=22&searchWrd=,72
소비자보호실태평가는 어떤 제도인가요?,"금융감독원은 금융회사의 민원예방 노력 유도 등을 위해 2002년부터 「민원발생평가제도」를 운영
*
해왔습니다.
* 금감원이 처리한 민원건수를 기초로 금융회사를 1∼5등급으로 평가하고 대외에 공표(’14년은 81개사 평가)
그러나 민원건수 위주의 평가만으로는 금융회사의 소비자보호 수준을 평가하고, 금융회사의 자율적 개선노력을 유도하는데 한계가 있어 제도 개선의 필요성이 지속적으로 제기되어 왔습니다.
이에 따라 기존 민원발생평가제도를 대신하여 금융회사의 다양한 소비자보호 활동을 종합적으로 평가할 수 있는 「금융소비자보호 실태평가제도」를 도입·시행
('16.4월 시행)
하게 되었습니다.
소비자보호실태평가제도는
금융소비자에게는 거래 금융회사 선택에 필요한 유용한 정보를 제공하는 한편, 금융회사에게는 소비자보호 중심의 경영문화 확산을 유도하는데 중점을 두고 있습니다.",https://www.fss.or.kr/fss/bbs/B0000172/view.do?nttId=49734&menuNo=200202&viewType=&searchCnd=22&searchWrd=&pageIndex=1,https://www.fss.or.kr/fss/bbs/B0000172/list.do?menuNo=200202&bbsId=&cl1Cd=&cl2Cd=&cl3Cd=&pageIndex=1&paramDeptname=&viewType=&selectDeptname=&searchCnd=22&searchWrd=,72
금융감독원의 민원대상 금융회사가 궁금합니다.,"금융감독원은 은행, 금융투자업자, 보험회사, 여신전문금융회사, 상호저축은행 등 금융기관에 대한 민원을 처리하고 있습니다.
금융감독원의 민원대상 금융기관 조회방법은 다음과 같습니다.
1. 금융감독원 홈페이지 → e-금융민원센터 → 민원안내 → 금융민원신청 안내 → 유의사항
2.
http://www.fcsc.kr/D/fu_d_01_02.jsp
→  유의사항
참고로, 금융감독원의 민원대상 금융기관이 아닌 경우 타 부처 등으로 민원이 이송될 수 있음을 알려드립니다.",https://www.fss.or.kr/fss/bbs/B0000172/view.do?nttId=49733&menuNo=200202&viewType=&searchCnd=22&searchWrd=&pageIndex=1,https://www.fss.or.kr/fss/bbs/B0000172/list.do?menuNo=200202&bbsId=&cl1Cd=&cl2Cd=&cl3Cd=&pageIndex=1&paramDeptname=&viewType=&selectDeptname=&searchCnd=22&searchWrd=,72
내 금융계좌를 한번에 조회할 수 있는 사이트는 없나요?,"‘내 계좌 한눈에’ 서비스를 통하여 본인의 주요 금융계좌 정보를 한번에 조회할 수 있습니다!
금융소비자정보포털 ‘파인’(fine.fss.or.kr) 또는 ’내 계좌 한눈에‘ 홈페이지 (
www.accountinfo.or.kr)
를
통해 9시부터 22시까지 이용가능하며(연중무휴), 은행·상호금융
계좌, 보험 계약, 대부업체를 제외한 제도권 금융회사의 대출정보를 일괄조회 할 수 있습니다.",https://www.fss.or.kr/fss/bbs/B0000172/view.do?nttId=49732&menuNo=200202&viewType=&searchCnd=22&searchWrd=&pageIndex=1,https://www.fss.or.kr/fss/bbs/B0000172/list.do?menuNo=200202&bbsId=&cl1Cd=&cl2Cd=&cl3Cd=&pageIndex=1&paramDeptname=&viewType=&selectDeptname=&searchCnd=22&searchWrd=,72
어려운 금융용어 등을 쉽게 찾아볼 수 있는 사이트는 없나요?,"금융감독원은 금융소비자의 전문적인 금융용어에 대한 이해도를 제고하기 위해 관련 제도의 배경, 이슈 등을 종합적으로 반영해 작성한 ‘
금융용어사전
’을 오픈하였습니다.
‘금융용어사전’에는 핀테크 발달을 반영한 인터넷 전문은행, P2P(Peer to Peer) 대출, 로보어드바이저, 크라우드펀딩 등 전문 용어를 비롯한 533개 용어를 상세히 설명하고 있습니다.
금융감독원 홈페이지 및 ‘파인(FINE:fine.fss.or.kr)'의 금융용어사전’ 코너에서 찾아보실 수
있으며, 알고 싶은 용어명을 정확히 입력하지 않더라고 일부 단어만으로도 검색이 가능합니다.",https://www.fss.or.kr/fss/bbs/B0000172/view.do?nttId=49731&menuNo=200202&viewType=&searchCnd=22&searchWrd=&pageIndex=1,https://www.fss.or.kr/fss/bbs/B0000172/list.do?menuNo=200202&bbsId=&cl1Cd=&cl2Cd=&cl3Cd=&pageIndex=1&paramDeptname=&viewType=&selectDeptname=&searchCnd=22&searchWrd=,72
정기예금 및 적금 금리를 한눈에 비교해 볼 수 있는 곳은 없나요?,"금융감독원은 소비자의 금융상품 선택에 실질적인 도움이 될 수 있도록,
금융상품 통합 비교공시시스템 ‘금융상품한눈에’
를 오픈하였습니다.
예·적금, 대출 등 금융상품을 통합 비교공시하고 있으며,
실손보험, 자동차보험 등은 협회사이트(보험다모아)를 연결하여 제공하고 있습니다.
(다만 본 사이트의 금융상품 정보는 매월 20일 정기적으로 공시하고 있으며, 최신정보 제공을 위해 노력하고 있으나 금융상품의 금리 등 거래조건이 수시로 변경될 수 있으므로 거래전 반드시 해당 금융회사에 문의 후 구입을 결정하시기 바랍니다.)
* 홈페이지 주소 :
http://finlife.fss.or.kr",https://www.fss.or.kr/fss/bbs/B0000172/view.do?nttId=49730&menuNo=200202&viewType=&searchCnd=22&searchWrd=&pageIndex=1,https://www.fss.or.kr/fss/bbs/B0000172/list.do?menuNo=200202&bbsId=&cl1Cd=&cl2Cd=&cl3Cd=&pageIndex=1&paramDeptname=&viewType=&selectDeptname=&searchCnd=22&searchWrd=,72
「보이는 ARS」는 어떻게 이용할 수 있나요?,"금융감독원은
금감원 콜센터(☎1332)의 음성
ARS
안내
내용
을
스
마트폰
화면
을
통해
한 번에 확
인
할
수 있는
｢
보이는 1332｣ 서
비스
를
시
행중에 있습니다. 동 서비스 이용방법은 첨부파일을 참고하여 주시기 바랍니다.",https://www.fss.or.kr/fss/bbs/B0000172/view.do?nttId=49729&menuNo=200202&viewType=&searchCnd=22&searchWrd=&pageIndex=1,https://www.fss.or.kr/fss/bbs/B0000172/list.do?menuNo=200202&bbsId=&cl1Cd=&cl2Cd=&cl3Cd=&pageIndex=1&paramDeptname=&viewType=&selectDeptname=&searchCnd=22&searchWrd=,72
대차료 지급기준 참고(예시),"자동차보험 대차료 지급기준 개선
*
내용을 반영한 FAQ를 게시하오니 참고하시기 바랍니다.
* '22.9.29. 금융감독원 보도자료 ""현행 내연기관 중심의 자동차보험 대차료 지급기준을 친환경차 보급 확대 등 환경변화에 맞게 개선합니다
(
'22.10.11.부터 시행예정
)
""
참조",https://www.fss.or.kr/fss/bbs/B0000172/view.do?nttId=49737&menuNo=200202&viewType=&searchCnd=22&searchWrd=&pageIndex=1,https://www.fss.or.kr/fss/bbs/B0000172/list.do?menuNo=200202&bbsId=&cl1Cd=&cl2Cd=&cl3Cd=&pageIndex=1&paramDeptname=&viewType=&selectDeptname=&searchCnd=22&searchWrd=,73
소비자보호실태평가 결과는 어디서 확인할 수 있나요?,"소비자보호실태평가 결과는 금융감독원 홈페이지
(www.fss.or.kr
)
또는 개별 금융기관 및 협회 홈페이지
*
등을 통해 확인하실 수 있습니다.
※ 금융 권역별 협회 홈페이지 목록
은      행 : 전국은행연합회(www.kfb.or.kr)
생명보험 : 생명보험협회(www.klia.or.kr)
손해보험 : 손해보험협회(www.knia.or.kr)
카      드 : 여신금융협회(www.crefia.or.kr)
저축은행 : 저축은행중앙회(www.fsb.or.kr)
금융투자 : 금융투자협회(www.kofia.or.kr)",https://www.fss.or.kr/fss/bbs/B0000172/view.do?nttId=49736&menuNo=200202&viewType=&searchCnd=22&searchWrd=&pageIndex=1,https://www.fss.or.kr/fss/bbs/B0000172/list.do?menuNo=200202&bbsId=&cl1Cd=&cl2Cd=&cl3Cd=&pageIndex=1&paramDeptname=&viewType=&selectDeptname=&searchCnd=22&searchWrd=,73
소비자보호실태평가의 평가방법이 궁금합니다.,"「금융소비자보호 모범규준」에 명기된 소비자보호 사항의 이행여부 점검을 위해 계량 5개, 비계량 5개 등 총 10개 부문으로 구성하여 각 부문별로 평가하고 있습니다.
자세한 내용은 첨부파일을 참고해주시길 바랍니다.",https://www.fss.or.kr/fss/bbs/B0000172/view.do?nttId=49735&menuNo=200202&viewType=&searchCnd=22&searchWrd=&pageIndex=1,https://www.fss.or.kr/fss/bbs/B0000172/list.do?menuNo=200202&bbsId=&cl1Cd=&cl2Cd=&cl3Cd=&pageIndex=1&paramDeptname=&viewType=&selectDeptname=&searchCnd=22&searchWrd=,73
소비자보호실태평가는 어떤 제도인가요?,"금융감독원은 금융회사의 민원예방 노력 유도 등을 위해 2002년부터 「민원발생평가제도」를 운영
*
해왔습니다.
* 금감원이 처리한 민원건수를 기초로 금융회사를 1∼5등급으로 평가하고 대외에 공표(’14년은 81개사 평가)
그러나 민원건수 위주의 평가만으로는 금융회사의 소비자보호 수준을 평가하고, 금융회사의 자율적 개선노력을 유도하는데 한계가 있어 제도 개선의 필요성이 지속적으로 제기되어 왔습니다.
이에 따라 기존 민원발생평가제도를 대신하여 금융회사의 다양한 소비자보호 활동을 종합적으로 평가할 수 있는 「금융소비자보호 실태평가제도」를 도입·시행
('16.4월 시행)
하게 되었습니다.
소비자보호실태평가제도는
금융소비자에게는 거래 금융회사 선택에 필요한 유용한 정보를 제공하는 한편, 금융회사에게는 소비자보호 중심의 경영문화 확산을 유도하는데 중점을 두고 있습니다.",https://www.fss.or.kr/fss/bbs/B0000172/view.do?nttId=49734&menuNo=200202&viewType=&searchCnd=22&searchWrd=&pageIndex=1,https://www.fss.or.kr/fss/bbs/B0000172/list.do?menuNo=200202&bbsId=&cl1Cd=&cl2Cd=&cl3Cd=&pageIndex=1&paramDeptname=&viewType=&selectDeptname=&searchCnd=22&searchWrd=,73
금융감독원의 민원대상 금융회사가 궁금합니다.,"금융감독원은 은행, 금융투자업자, 보험회사, 여신전문금융회사, 상호저축은행 등 금융기관에 대한 민원을 처리하고 있습니다.
금융감독원의 민원대상 금융기관 조회방법은 다음과 같습니다.
1. 금융감독원 홈페이지 → e-금융민원센터 → 민원안내 → 금융민원신청 안내 → 유의사항
2.
http://www.fcsc.kr/D/fu_d_01_02.jsp
→  유의사항
참고로, 금융감독원의 민원대상 금융기관이 아닌 경우 타 부처 등으로 민원이 이송될 수 있음을 알려드립니다.",https://www.fss.or.kr/fss/bbs/B0000172/view.do?nttId=49733&menuNo=200202&viewType=&searchCnd=22&searchWrd=&pageIndex=1,https://www.fss.or.kr/fss/bbs/B0000172/list.do?menuNo=200202&bbsId=&cl1Cd=&cl2Cd=&cl3Cd=&pageIndex=1&paramDeptname=&viewType=&selectDeptname=&searchCnd=22&searchWrd=,73
내 금융계좌를 한번에 조회할 수 있는 사이트는 없나요?,"‘내 계좌 한눈에’ 서비스를 통하여 본인의 주요 금융계좌 정보를 한번에 조회할 수 있습니다!
금융소비자정보포털 ‘파인’(fine.fss.or.kr) 또는 ’내 계좌 한눈에‘ 홈페이지 (
www.accountinfo.or.kr)
를
통해 9시부터 22시까지 이용가능하며(연중무휴), 은행·상호금융
계좌, 보험 계약, 대부업체를 제외한 제도권 금융회사의 대출정보를 일괄조회 할 수 있습니다.",https://www.fss.or.kr/fss/bbs/B0000172/view.do?nttId=49732&menuNo=200202&viewType=&searchCnd=22&searchWrd=&pageIndex=1,https://www.fss.or.kr/fss/bbs/B0000172/list.do?menuNo=200202&bbsId=&cl1Cd=&cl2Cd=&cl3Cd=&pageIndex=1&paramDeptname=&viewType=&selectDeptname=&searchCnd=22&searchWrd=,73
어려운 금융용어 등을 쉽게 찾아볼 수 있는 사이트는 없나요?,"금융감독원은 금융소비자의 전문적인 금융용어에 대한 이해도를 제고하기 위해 관련 제도의 배경, 이슈 등을 종합적으로 반영해 작성한 ‘
금융용어사전
’을 오픈하였습니다.
‘금융용어사전’에는 핀테크 발달을 반영한 인터넷 전문은행, P2P(Peer to Peer) 대출, 로보어드바이저, 크라우드펀딩 등 전문 용어를 비롯한 533개 용어를 상세히 설명하고 있습니다.
금융감독원 홈페이지 및 ‘파인(FINE:fine.fss.or.kr)'의 금융용어사전’ 코너에서 찾아보실 수
있으며, 알고 싶은 용어명을 정확히 입력하지 않더라고 일부 단어만으로도 검색이 가능합니다.",https://www.fss.or.kr/fss/bbs/B0000172/view.do?nttId=49731&menuNo=200202&viewType=&searchCnd=22&searchWrd=&pageIndex=1,https://www.fss.or.kr/fss/bbs/B0000172/list.do?menuNo=200202&bbsId=&cl1Cd=&cl2Cd=&cl3Cd=&pageIndex=1&paramDeptname=&viewType=&selectDeptname=&searchCnd=22&searchWrd=,73
정기예금 및 적금 금리를 한눈에 비교해 볼 수 있는 곳은 없나요?,"금융감독원은 소비자의 금융상품 선택에 실질적인 도움이 될 수 있도록,
금융상품 통합 비교공시시스템 ‘금융상품한눈에’
를 오픈하였습니다.
예·적금, 대출 등 금융상품을 통합 비교공시하고 있으며,
실손보험, 자동차보험 등은 협회사이트(보험다모아)를 연결하여 제공하고 있습니다.
(다만 본 사이트의 금융상품 정보는 매월 20일 정기적으로 공시하고 있으며, 최신정보 제공을 위해 노력하고 있으나 금융상품의 금리 등 거래조건이 수시로 변경될 수 있으므로 거래전 반드시 해당 금융회사에 문의 후 구입을 결정하시기 바랍니다.)
* 홈페이지 주소 :
http://finlife.fss.or.kr",https://www.fss.or.kr/fss/bbs/B0000172/view.do?nttId=49730&menuNo=200202&viewType=&searchCnd=22&searchWrd=&pageIndex=1,https://www.fss.or.kr/fss/bbs/B0000172/list.do?menuNo=200202&bbsId=&cl1Cd=&cl2Cd=&cl3Cd=&pageIndex=1&paramDeptname=&viewType=&selectDeptname=&searchCnd=22&searchWrd=,73
「보이는 ARS」는 어떻게 이용할 수 있나요?,"금융감독원은
금감원 콜센터(☎1332)의 음성
ARS
안내
내용
을
스
마트폰
화면
을
통해
한 번에 확
인
할
수 있는
｢
보이는 1332｣ 서
비스
를
시
행중에 있습니다. 동 서비스 이용방법은 첨부파일을 참고하여 주시기 바랍니다.",https://www.fss.or.kr/fss/bbs/B0000172/view.do?nttId=49729&menuNo=200202&viewType=&searchCnd=22&searchWrd=&pageIndex=1,https://www.fss.or.kr/fss/bbs/B0000172/list.do?menuNo=200202&bbsId=&cl1Cd=&cl2Cd=&cl3Cd=&pageIndex=1&paramDeptname=&viewType=&selectDeptname=&searchCnd=22&searchWrd=,73
대차료 지급기준 참고(예시),"자동차보험 대차료 지급기준 개선
*
내용을 반영한 FAQ를 게시하오니 참고하시기 바랍니다.
* '22.9.29. 금융감독원 보도자료 ""현행 내연기관 중심의 자동차보험 대차료 지급기준을 친환경차 보급 확대 등 환경변화에 맞게 개선합니다
(
'22.10.11.부터 시행예정
)
""
참조",https://www.fss.or.kr/fss/bbs/B0000172/view.do?nttId=49737&menuNo=200202&viewType=&searchCnd=22&searchWrd=&pageIndex=1,https://www.fss.or.kr/fss/bbs/B0000172/list.do?menuNo=200202&bbsId=&cl1Cd=&cl2Cd=&cl3Cd=&pageIndex=1&paramDeptname=&viewType=&selectDeptname=&searchCnd=22&searchWrd=,74
소비자보호실태평가 결과는 어디서 확인할 수 있나요?,"소비자보호실태평가 결과는 금융감독원 홈페이지
(www.fss.or.kr
)
또는 개별 금융기관 및 협회 홈페이지
*
등을 통해 확인하실 수 있습니다.
※ 금융 권역별 협회 홈페이지 목록
은      행 : 전국은행연합회(www.kfb.or.kr)
생명보험 : 생명보험협회(www.klia.or.kr)
손해보험 : 손해보험협회(www.knia.or.kr)
카      드 : 여신금융협회(www.crefia.or.kr)
저축은행 : 저축은행중앙회(www.fsb.or.kr)
금융투자 : 금융투자협회(www.kofia.or.kr)",https://www.fss.or.kr/fss/bbs/B0000172/view.do?nttId=49736&menuNo=200202&viewType=&searchCnd=22&searchWrd=&pageIndex=1,https://www.fss.or.kr/fss/bbs/B0000172/list.do?menuNo=200202&bbsId=&cl1Cd=&cl2Cd=&cl3Cd=&pageIndex=1&paramDeptname=&viewType=&selectDeptname=&searchCnd=22&searchWrd=,74
소비자보호실태평가의 평가방법이 궁금합니다.,"「금융소비자보호 모범규준」에 명기된 소비자보호 사항의 이행여부 점검을 위해 계량 5개, 비계량 5개 등 총 10개 부문으로 구성하여 각 부문별로 평가하고 있습니다.
자세한 내용은 첨부파일을 참고해주시길 바랍니다.",https://www.fss.or.kr/fss/bbs/B0000172/view.do?nttId=49735&menuNo=200202&viewType=&searchCnd=22&searchWrd=&pageIndex=1,https://www.fss.or.kr/fss/bbs/B0000172/list.do?menuNo=200202&bbsId=&cl1Cd=&cl2Cd=&cl3Cd=&pageIndex=1&paramDeptname=&viewType=&selectDeptname=&searchCnd=22&searchWrd=,74
소비자보호실태평가는 어떤 제도인가요?,"금융감독원은 금융회사의 민원예방 노력 유도 등을 위해 2002년부터 「민원발생평가제도」를 운영
*
해왔습니다.
* 금감원이 처리한 민원건수를 기초로 금융회사를 1∼5등급으로 평가하고 대외에 공표(’14년은 81개사 평가)
그러나 민원건수 위주의 평가만으로는 금융회사의 소비자보호 수준을 평가하고, 금융회사의 자율적 개선노력을 유도하는데 한계가 있어 제도 개선의 필요성이 지속적으로 제기되어 왔습니다.
이에 따라 기존 민원발생평가제도를 대신하여 금융회사의 다양한 소비자보호 활동을 종합적으로 평가할 수 있는 「금융소비자보호 실태평가제도」를 도입·시행
('16.4월 시행)
하게 되었습니다.
소비자보호실태평가제도는
금융소비자에게는 거래 금융회사 선택에 필요한 유용한 정보를 제공하는 한편, 금융회사에게는 소비자보호 중심의 경영문화 확산을 유도하는데 중점을 두고 있습니다.",https://www.fss.or.kr/fss/bbs/B0000172/view.do?nttId=49734&menuNo=200202&viewType=&searchCnd=22&searchWrd=&pageIndex=1,https://www.fss.or.kr/fss/bbs/B0000172/list.do?menuNo=200202&bbsId=&cl1Cd=&cl2Cd=&cl3Cd=&pageIndex=1&paramDeptname=&viewType=&selectDeptname=&searchCnd=22&searchWrd=,74
금융감독원의 민원대상 금융회사가 궁금합니다.,"금융감독원은 은행, 금융투자업자, 보험회사, 여신전문금융회사, 상호저축은행 등 금융기관에 대한 민원을 처리하고 있습니다.
금융감독원의 민원대상 금융기관 조회방법은 다음과 같습니다.
1. 금융감독원 홈페이지 → e-금융민원센터 → 민원안내 → 금융민원신청 안내 → 유의사항
2.
http://www.fcsc.kr/D/fu_d_01_02.jsp
→  유의사항
참고로, 금융감독원의 민원대상 금융기관이 아닌 경우 타 부처 등으로 민원이 이송될 수 있음을 알려드립니다.",https://www.fss.or.kr/fss/bbs/B0000172/view.do?nttId=49733&menuNo=200202&viewType=&searchCnd=22&searchWrd=&pageIndex=1,https://www.fss.or.kr/fss/bbs/B0000172/list.do?menuNo=200202&bbsId=&cl1Cd=&cl2Cd=&cl3Cd=&pageIndex=1&paramDeptname=&viewType=&selectDeptname=&searchCnd=22&searchWrd=,74
내 금융계좌를 한번에 조회할 수 있는 사이트는 없나요?,"‘내 계좌 한눈에’ 서비스를 통하여 본인의 주요 금융계좌 정보를 한번에 조회할 수 있습니다!
금융소비자정보포털 ‘파인’(fine.fss.or.kr) 또는 ’내 계좌 한눈에‘ 홈페이지 (
www.accountinfo.or.kr)
를
통해 9시부터 22시까지 이용가능하며(연중무휴), 은행·상호금융
계좌, 보험 계약, 대부업체를 제외한 제도권 금융회사의 대출정보를 일괄조회 할 수 있습니다.",https://www.fss.or.kr/fss/bbs/B0000172/view.do?nttId=49732&menuNo=200202&viewType=&searchCnd=22&searchWrd=&pageIndex=1,https://www.fss.or.kr/fss/bbs/B0000172/list.do?menuNo=200202&bbsId=&cl1Cd=&cl2Cd=&cl3Cd=&pageIndex=1&paramDeptname=&viewType=&selectDeptname=&searchCnd=22&searchWrd=,74
어려운 금융용어 등을 쉽게 찾아볼 수 있는 사이트는 없나요?,"금융감독원은 금융소비자의 전문적인 금융용어에 대한 이해도를 제고하기 위해 관련 제도의 배경, 이슈 등을 종합적으로 반영해 작성한 ‘
금융용어사전
’을 오픈하였습니다.
‘금융용어사전’에는 핀테크 발달을 반영한 인터넷 전문은행, P2P(Peer to Peer) 대출, 로보어드바이저, 크라우드펀딩 등 전문 용어를 비롯한 533개 용어를 상세히 설명하고 있습니다.
금융감독원 홈페이지 및 ‘파인(FINE:fine.fss.or.kr)'의 금융용어사전’ 코너에서 찾아보실 수
있으며, 알고 싶은 용어명을 정확히 입력하지 않더라고 일부 단어만으로도 검색이 가능합니다.",https://www.fss.or.kr/fss/bbs/B0000172/view.do?nttId=49731&menuNo=200202&viewType=&searchCnd=22&searchWrd=&pageIndex=1,https://www.fss.or.kr/fss/bbs/B0000172/list.do?menuNo=200202&bbsId=&cl1Cd=&cl2Cd=&cl3Cd=&pageIndex=1&paramDeptname=&viewType=&selectDeptname=&searchCnd=22&searchWrd=,74
정기예금 및 적금 금리를 한눈에 비교해 볼 수 있는 곳은 없나요?,"금융감독원은 소비자의 금융상품 선택에 실질적인 도움이 될 수 있도록,
금융상품 통합 비교공시시스템 ‘금융상품한눈에’
를 오픈하였습니다.
예·적금, 대출 등 금융상품을 통합 비교공시하고 있으며,
실손보험, 자동차보험 등은 협회사이트(보험다모아)를 연결하여 제공하고 있습니다.
(다만 본 사이트의 금융상품 정보는 매월 20일 정기적으로 공시하고 있으며, 최신정보 제공을 위해 노력하고 있으나 금융상품의 금리 등 거래조건이 수시로 변경될 수 있으므로 거래전 반드시 해당 금융회사에 문의 후 구입을 결정하시기 바랍니다.)
* 홈페이지 주소 :
http://finlife.fss.or.kr",https://www.fss.or.kr/fss/bbs/B0000172/view.do?nttId=49730&menuNo=200202&viewType=&searchCnd=22&searchWrd=&pageIndex=1,https://www.fss.or.kr/fss/bbs/B0000172/list.do?menuNo=200202&bbsId=&cl1Cd=&cl2Cd=&cl3Cd=&pageIndex=1&paramDeptname=&viewType=&selectDeptname=&searchCnd=22&searchWrd=,74
「보이는 ARS」는 어떻게 이용할 수 있나요?,"금융감독원은
금감원 콜센터(☎1332)의 음성
ARS
안내
내용
을
스
마트폰
화면
을
통해
한 번에 확
인
할
수 있는
｢
보이는 1332｣ 서
비스
를
시
행중에 있습니다. 동 서비스 이용방법은 첨부파일을 참고하여 주시기 바랍니다.",https://www.fss.or.kr/fss/bbs/B0000172/view.do?nttId=49729&menuNo=200202&viewType=&searchCnd=22&searchWrd=&pageIndex=1,https://www.fss.or.kr/fss/bbs/B0000172/list.do?menuNo=200202&bbsId=&cl1Cd=&cl2Cd=&cl3Cd=&pageIndex=1&paramDeptname=&viewType=&selectDeptname=&searchCnd=22&searchWrd=,74
대차료 지급기준 참고(예시),"자동차보험 대차료 지급기준 개선
*
내용을 반영한 FAQ를 게시하오니 참고하시기 바랍니다.
* '22.9.29. 금융감독원 보도자료 ""현행 내연기관 중심의 자동차보험 대차료 지급기준을 친환경차 보급 확대 등 환경변화에 맞게 개선합니다
(
'22.10.11.부터 시행예정
)
""
참조",https://www.fss.or.kr/fss/bbs/B0000172/view.do?nttId=49737&menuNo=200202&viewType=&searchCnd=22&searchWrd=&pageIndex=1,https://www.fss.or.kr/fss/bbs/B0000172/list.do?menuNo=200202&bbsId=&cl1Cd=&cl2Cd=&cl3Cd=&pageIndex=1&paramDeptname=&viewType=&selectDeptname=&searchCnd=22&searchWrd=,75
소비자보호실태평가 결과는 어디서 확인할 수 있나요?,"소비자보호실태평가 결과는 금융감독원 홈페이지
(www.fss.or.kr
)
또는 개별 금융기관 및 협회 홈페이지
*
등을 통해 확인하실 수 있습니다.
※ 금융 권역별 협회 홈페이지 목록
은      행 : 전국은행연합회(www.kfb.or.kr)
생명보험 : 생명보험협회(www.klia.or.kr)
손해보험 : 손해보험협회(www.knia.or.kr)
카      드 : 여신금융협회(www.crefia.or.kr)
저축은행 : 저축은행중앙회(www.fsb.or.kr)
금융투자 : 금융투자협회(www.kofia.or.kr)",https://www.fss.or.kr/fss/bbs/B0000172/view.do?nttId=49736&menuNo=200202&viewType=&searchCnd=22&searchWrd=&pageIndex=1,https://www.fss.or.kr/fss/bbs/B0000172/list.do?menuNo=200202&bbsId=&cl1Cd=&cl2Cd=&cl3Cd=&pageIndex=1&paramDeptname=&viewType=&selectDeptname=&searchCnd=22&searchWrd=,75
소비자보호실태평가의 평가방법이 궁금합니다.,"「금융소비자보호 모범규준」에 명기된 소비자보호 사항의 이행여부 점검을 위해 계량 5개, 비계량 5개 등 총 10개 부문으로 구성하여 각 부문별로 평가하고 있습니다.
자세한 내용은 첨부파일을 참고해주시길 바랍니다.",https://www.fss.or.kr/fss/bbs/B0000172/view.do?nttId=49735&menuNo=200202&viewType=&searchCnd=22&searchWrd=&pageIndex=1,https://www.fss.or.kr/fss/bbs/B0000172/list.do?menuNo=200202&bbsId=&cl1Cd=&cl2Cd=&cl3Cd=&pageIndex=1&paramDeptname=&viewType=&selectDeptname=&searchCnd=22&searchWrd=,75
소비자보호실태평가는 어떤 제도인가요?,"금융감독원은 금융회사의 민원예방 노력 유도 등을 위해 2002년부터 「민원발생평가제도」를 운영
*
해왔습니다.
* 금감원이 처리한 민원건수를 기초로 금융회사를 1∼5등급으로 평가하고 대외에 공표(’14년은 81개사 평가)
그러나 민원건수 위주의 평가만으로는 금융회사의 소비자보호 수준을 평가하고, 금융회사의 자율적 개선노력을 유도하는데 한계가 있어 제도 개선의 필요성이 지속적으로 제기되어 왔습니다.
이에 따라 기존 민원발생평가제도를 대신하여 금융회사의 다양한 소비자보호 활동을 종합적으로 평가할 수 있는 「금융소비자보호 실태평가제도」를 도입·시행
('16.4월 시행)
하게 되었습니다.
소비자보호실태평가제도는
금융소비자에게는 거래 금융회사 선택에 필요한 유용한 정보를 제공하는 한편, 금융회사에게는 소비자보호 중심의 경영문화 확산을 유도하는데 중점을 두고 있습니다.",https://www.fss.or.kr/fss/bbs/B0000172/view.do?nttId=49734&menuNo=200202&viewType=&searchCnd=22&searchWrd=&pageIndex=1,https://www.fss.or.kr/fss/bbs/B0000172/list.do?menuNo=200202&bbsId=&cl1Cd=&cl2Cd=&cl3Cd=&pageIndex=1&paramDeptname=&viewType=&selectDeptname=&searchCnd=22&searchWrd=,75
금융감독원의 민원대상 금융회사가 궁금합니다.,"금융감독원은 은행, 금융투자업자, 보험회사, 여신전문금융회사, 상호저축은행 등 금융기관에 대한 민원을 처리하고 있습니다.
금융감독원의 민원대상 금융기관 조회방법은 다음과 같습니다.
1. 금융감독원 홈페이지 → e-금융민원센터 → 민원안내 → 금융민원신청 안내 → 유의사항
2.
http://www.fcsc.kr/D/fu_d_01_02.jsp
→  유의사항
참고로, 금융감독원의 민원대상 금융기관이 아닌 경우 타 부처 등으로 민원이 이송될 수 있음을 알려드립니다.",https://www.fss.or.kr/fss/bbs/B0000172/view.do?nttId=49733&menuNo=200202&viewType=&searchCnd=22&searchWrd=&pageIndex=1,https://www.fss.or.kr/fss/bbs/B0000172/list.do?menuNo=200202&bbsId=&cl1Cd=&cl2Cd=&cl3Cd=&pageIndex=1&paramDeptname=&viewType=&selectDeptname=&searchCnd=22&searchWrd=,75
내 금융계좌를 한번에 조회할 수 있는 사이트는 없나요?,"‘내 계좌 한눈에’ 서비스를 통하여 본인의 주요 금융계좌 정보를 한번에 조회할 수 있습니다!
금융소비자정보포털 ‘파인’(fine.fss.or.kr) 또는 ’내 계좌 한눈에‘ 홈페이지 (
www.accountinfo.or.kr)
를
통해 9시부터 22시까지 이용가능하며(연중무휴), 은행·상호금융
계좌, 보험 계약, 대부업체를 제외한 제도권 금융회사의 대출정보를 일괄조회 할 수 있습니다.",https://www.fss.or.kr/fss/bbs/B0000172/view.do?nttId=49732&menuNo=200202&viewType=&searchCnd=22&searchWrd=&pageIndex=1,https://www.fss.or.kr/fss/bbs/B0000172/list.do?menuNo=200202&bbsId=&cl1Cd=&cl2Cd=&cl3Cd=&pageIndex=1&paramDeptname=&viewType=&selectDeptname=&searchCnd=22&searchWrd=,75
어려운 금융용어 등을 쉽게 찾아볼 수 있는 사이트는 없나요?,"금융감독원은 금융소비자의 전문적인 금융용어에 대한 이해도를 제고하기 위해 관련 제도의 배경, 이슈 등을 종합적으로 반영해 작성한 ‘
금융용어사전
’을 오픈하였습니다.
‘금융용어사전’에는 핀테크 발달을 반영한 인터넷 전문은행, P2P(Peer to Peer) 대출, 로보어드바이저, 크라우드펀딩 등 전문 용어를 비롯한 533개 용어를 상세히 설명하고 있습니다.
금융감독원 홈페이지 및 ‘파인(FINE:fine.fss.or.kr)'의 금융용어사전’ 코너에서 찾아보실 수
있으며, 알고 싶은 용어명을 정확히 입력하지 않더라고 일부 단어만으로도 검색이 가능합니다.",https://www.fss.or.kr/fss/bbs/B0000172/view.do?nttId=49731&menuNo=200202&viewType=&searchCnd=22&searchWrd=&pageIndex=1,https://www.fss.or.kr/fss/bbs/B0000172/list.do?menuNo=200202&bbsId=&cl1Cd=&cl2Cd=&cl3Cd=&pageIndex=1&paramDeptname=&viewType=&selectDeptname=&searchCnd=22&searchWrd=,75
정기예금 및 적금 금리를 한눈에 비교해 볼 수 있는 곳은 없나요?,"금융감독원은 소비자의 금융상품 선택에 실질적인 도움이 될 수 있도록,
금융상품 통합 비교공시시스템 ‘금융상품한눈에’
를 오픈하였습니다.
예·적금, 대출 등 금융상품을 통합 비교공시하고 있으며,
실손보험, 자동차보험 등은 협회사이트(보험다모아)를 연결하여 제공하고 있습니다.
(다만 본 사이트의 금융상품 정보는 매월 20일 정기적으로 공시하고 있으며, 최신정보 제공을 위해 노력하고 있으나 금융상품의 금리 등 거래조건이 수시로 변경될 수 있으므로 거래전 반드시 해당 금융회사에 문의 후 구입을 결정하시기 바랍니다.)
* 홈페이지 주소 :
http://finlife.fss.or.kr",https://www.fss.or.kr/fss/bbs/B0000172/view.do?nttId=49730&menuNo=200202&viewType=&searchCnd=22&searchWrd=&pageIndex=1,https://www.fss.or.kr/fss/bbs/B0000172/list.do?menuNo=200202&bbsId=&cl1Cd=&cl2Cd=&cl3Cd=&pageIndex=1&paramDeptname=&viewType=&selectDeptname=&searchCnd=22&searchWrd=,75
「보이는 ARS」는 어떻게 이용할 수 있나요?,"금융감독원은
금감원 콜센터(☎1332)의 음성
ARS
안내
내용
을
스
마트폰
화면
을
통해
한 번에 확
인
할
수 있는
｢
보이는 1332｣ 서
비스
를
시
행중에 있습니다. 동 서비스 이용방법은 첨부파일을 참고하여 주시기 바랍니다.",https://www.fss.or.kr/fss/bbs/B0000172/view.do?nttId=49729&menuNo=200202&viewType=&searchCnd=22&searchWrd=&pageIndex=1,https://www.fss.or.kr/fss/bbs/B0000172/list.do?menuNo=200202&bbsId=&cl1Cd=&cl2Cd=&cl3Cd=&pageIndex=1&paramDeptname=&viewType=&selectDeptname=&searchCnd=22&searchWrd=,75
대차료 지급기준 참고(예시),"자동차보험 대차료 지급기준 개선
*
내용을 반영한 FAQ를 게시하오니 참고하시기 바랍니다.
* '22.9.29. 금융감독원 보도자료 ""현행 내연기관 중심의 자동차보험 대차료 지급기준을 친환경차 보급 확대 등 환경변화에 맞게 개선합니다
(
'22.10.11.부터 시행예정
)
""
참조",https://www.fss.or.kr/fss/bbs/B0000172/view.do?nttId=49737&menuNo=200202&viewType=&searchCnd=22&searchWrd=&pageIndex=1,https://www.fss.or.kr/fss/bbs/B0000172/list.do?menuNo=200202&bbsId=&cl1Cd=&cl2Cd=&cl3Cd=&pageIndex=1&paramDeptname=&viewType=&selectDeptname=&searchCnd=22&searchWrd=,76
소비자보호실태평가 결과는 어디서 확인할 수 있나요?,"소비자보호실태평가 결과는 금융감독원 홈페이지
(www.fss.or.kr
)
또는 개별 금융기관 및 협회 홈페이지
*
등을 통해 확인하실 수 있습니다.
※ 금융 권역별 협회 홈페이지 목록
은      행 : 전국은행연합회(www.kfb.or.kr)
생명보험 : 생명보험협회(www.klia.or.kr)
손해보험 : 손해보험협회(www.knia.or.kr)
카      드 : 여신금융협회(www.crefia.or.kr)
저축은행 : 저축은행중앙회(www.fsb.or.kr)
금융투자 : 금융투자협회(www.kofia.or.kr)",https://www.fss.or.kr/fss/bbs/B0000172/view.do?nttId=49736&menuNo=200202&viewType=&searchCnd=22&searchWrd=&pageIndex=1,https://www.fss.or.kr/fss/bbs/B0000172/list.do?menuNo=200202&bbsId=&cl1Cd=&cl2Cd=&cl3Cd=&pageIndex=1&paramDeptname=&viewType=&selectDeptname=&searchCnd=22&searchWrd=,76
소비자보호실태평가의 평가방법이 궁금합니다.,"「금융소비자보호 모범규준」에 명기된 소비자보호 사항의 이행여부 점검을 위해 계량 5개, 비계량 5개 등 총 10개 부문으로 구성하여 각 부문별로 평가하고 있습니다.
자세한 내용은 첨부파일을 참고해주시길 바랍니다.",https://www.fss.or.kr/fss/bbs/B0000172/view.do?nttId=49735&menuNo=200202&viewType=&searchCnd=22&searchWrd=&pageIndex=1,https://www.fss.or.kr/fss/bbs/B0000172/list.do?menuNo=200202&bbsId=&cl1Cd=&cl2Cd=&cl3Cd=&pageIndex=1&paramDeptname=&viewType=&selectDeptname=&searchCnd=22&searchWrd=,76
소비자보호실태평가는 어떤 제도인가요?,"금융감독원은 금융회사의 민원예방 노력 유도 등을 위해 2002년부터 「민원발생평가제도」를 운영
*
해왔습니다.
* 금감원이 처리한 민원건수를 기초로 금융회사를 1∼5등급으로 평가하고 대외에 공표(’14년은 81개사 평가)
그러나 민원건수 위주의 평가만으로는 금융회사의 소비자보호 수준을 평가하고, 금융회사의 자율적 개선노력을 유도하는데 한계가 있어 제도 개선의 필요성이 지속적으로 제기되어 왔습니다.
이에 따라 기존 민원발생평가제도를 대신하여 금융회사의 다양한 소비자보호 활동을 종합적으로 평가할 수 있는 「금융소비자보호 실태평가제도」를 도입·시행
('16.4월 시행)
하게 되었습니다.
소비자보호실태평가제도는
금융소비자에게는 거래 금융회사 선택에 필요한 유용한 정보를 제공하는 한편, 금융회사에게는 소비자보호 중심의 경영문화 확산을 유도하는데 중점을 두고 있습니다.",https://www.fss.or.kr/fss/bbs/B0000172/view.do?nttId=49734&menuNo=200202&viewType=&searchCnd=22&searchWrd=&pageIndex=1,https://www.fss.or.kr/fss/bbs/B0000172/list.do?menuNo=200202&bbsId=&cl1Cd=&cl2Cd=&cl3Cd=&pageIndex=1&paramDeptname=&viewType=&selectDeptname=&searchCnd=22&searchWrd=,76
금융감독원의 민원대상 금융회사가 궁금합니다.,"금융감독원은 은행, 금융투자업자, 보험회사, 여신전문금융회사, 상호저축은행 등 금융기관에 대한 민원을 처리하고 있습니다.
금융감독원의 민원대상 금융기관 조회방법은 다음과 같습니다.
1. 금융감독원 홈페이지 → e-금융민원센터 → 민원안내 → 금융민원신청 안내 → 유의사항
2.
http://www.fcsc.kr/D/fu_d_01_02.jsp
→  유의사항
참고로, 금융감독원의 민원대상 금융기관이 아닌 경우 타 부처 등으로 민원이 이송될 수 있음을 알려드립니다.",https://www.fss.or.kr/fss/bbs/B0000172/view.do?nttId=49733&menuNo=200202&viewType=&searchCnd=22&searchWrd=&pageIndex=1,https://www.fss.or.kr/fss/bbs/B0000172/list.do?menuNo=200202&bbsId=&cl1Cd=&cl2Cd=&cl3Cd=&pageIndex=1&paramDeptname=&viewType=&selectDeptname=&searchCnd=22&searchWrd=,76
내 금융계좌를 한번에 조회할 수 있는 사이트는 없나요?,"‘내 계좌 한눈에’ 서비스를 통하여 본인의 주요 금융계좌 정보를 한번에 조회할 수 있습니다!
금융소비자정보포털 ‘파인’(fine.fss.or.kr) 또는 ’내 계좌 한눈에‘ 홈페이지 (
www.accountinfo.or.kr)
를
통해 9시부터 22시까지 이용가능하며(연중무휴), 은행·상호금융
계좌, 보험 계약, 대부업체를 제외한 제도권 금융회사의 대출정보를 일괄조회 할 수 있습니다.",https://www.fss.or.kr/fss/bbs/B0000172/view.do?nttId=49732&menuNo=200202&viewType=&searchCnd=22&searchWrd=&pageIndex=1,https://www.fss.or.kr/fss/bbs/B0000172/list.do?menuNo=200202&bbsId=&cl1Cd=&cl2Cd=&cl3Cd=&pageIndex=1&paramDeptname=&viewType=&selectDeptname=&searchCnd=22&searchWrd=,76
어려운 금융용어 등을 쉽게 찾아볼 수 있는 사이트는 없나요?,"금융감독원은 금융소비자의 전문적인 금융용어에 대한 이해도를 제고하기 위해 관련 제도의 배경, 이슈 등을 종합적으로 반영해 작성한 ‘
금융용어사전
’을 오픈하였습니다.
‘금융용어사전’에는 핀테크 발달을 반영한 인터넷 전문은행, P2P(Peer to Peer) 대출, 로보어드바이저, 크라우드펀딩 등 전문 용어를 비롯한 533개 용어를 상세히 설명하고 있습니다.
금융감독원 홈페이지 및 ‘파인(FINE:fine.fss.or.kr)'의 금융용어사전’ 코너에서 찾아보실 수
있으며, 알고 싶은 용어명을 정확히 입력하지 않더라고 일부 단어만으로도 검색이 가능합니다.",https://www.fss.or.kr/fss/bbs/B0000172/view.do?nttId=49731&menuNo=200202&viewType=&searchCnd=22&searchWrd=&pageIndex=1,https://www.fss.or.kr/fss/bbs/B0000172/list.do?menuNo=200202&bbsId=&cl1Cd=&cl2Cd=&cl3Cd=&pageIndex=1&paramDeptname=&viewType=&selectDeptname=&searchCnd=22&searchWrd=,76
정기예금 및 적금 금리를 한눈에 비교해 볼 수 있는 곳은 없나요?,"금융감독원은 소비자의 금융상품 선택에 실질적인 도움이 될 수 있도록,
금융상품 통합 비교공시시스템 ‘금융상품한눈에’
를 오픈하였습니다.
예·적금, 대출 등 금융상품을 통합 비교공시하고 있으며,
실손보험, 자동차보험 등은 협회사이트(보험다모아)를 연결하여 제공하고 있습니다.
(다만 본 사이트의 금융상품 정보는 매월 20일 정기적으로 공시하고 있으며, 최신정보 제공을 위해 노력하고 있으나 금융상품의 금리 등 거래조건이 수시로 변경될 수 있으므로 거래전 반드시 해당 금융회사에 문의 후 구입을 결정하시기 바랍니다.)
* 홈페이지 주소 :
http://finlife.fss.or.kr",https://www.fss.or.kr/fss/bbs/B0000172/view.do?nttId=49730&menuNo=200202&viewType=&searchCnd=22&searchWrd=&pageIndex=1,https://www.fss.or.kr/fss/bbs/B0000172/list.do?menuNo=200202&bbsId=&cl1Cd=&cl2Cd=&cl3Cd=&pageIndex=1&paramDeptname=&viewType=&selectDeptname=&searchCnd=22&searchWrd=,76
「보이는 ARS」는 어떻게 이용할 수 있나요?,"금융감독원은
금감원 콜센터(☎1332)의 음성
ARS
안내
내용
을
스
마트폰
화면
을
통해
한 번에 확
인
할
수 있는
｢
보이는 1332｣ 서
비스
를
시
행중에 있습니다. 동 서비스 이용방법은 첨부파일을 참고하여 주시기 바랍니다.",https://www.fss.or.kr/fss/bbs/B0000172/view.do?nttId=49729&menuNo=200202&viewType=&searchCnd=22&searchWrd=&pageIndex=1,https://www.fss.or.kr/fss/bbs/B0000172/list.do?menuNo=200202&bbsId=&cl1Cd=&cl2Cd=&cl3Cd=&pageIndex=1&paramDeptname=&viewType=&selectDeptname=&searchCnd=22&searchWrd=,76
대차료 지급기준 참고(예시),"자동차보험 대차료 지급기준 개선
*
내용을 반영한 FAQ를 게시하오니 참고하시기 바랍니다.
* '22.9.29. 금융감독원 보도자료 ""현행 내연기관 중심의 자동차보험 대차료 지급기준을 친환경차 보급 확대 등 환경변화에 맞게 개선합니다
(
'22.10.11.부터 시행예정
)
""
참조",https://www.fss.or.kr/fss/bbs/B0000172/view.do?nttId=49737&menuNo=200202&viewType=&searchCnd=22&searchWrd=&pageIndex=1,https://www.fss.or.kr/fss/bbs/B0000172/list.do?menuNo=200202&bbsId=&cl1Cd=&cl2Cd=&cl3Cd=&pageIndex=1&paramDeptname=&viewType=&selectDeptname=&searchCnd=22&searchWrd=,77
소비자보호실태평가 결과는 어디서 확인할 수 있나요?,"소비자보호실태평가 결과는 금융감독원 홈페이지
(www.fss.or.kr
)
또는 개별 금융기관 및 협회 홈페이지
*
등을 통해 확인하실 수 있습니다.
※ 금융 권역별 협회 홈페이지 목록
은      행 : 전국은행연합회(www.kfb.or.kr)
생명보험 : 생명보험협회(www.klia.or.kr)
손해보험 : 손해보험협회(www.knia.or.kr)
카      드 : 여신금융협회(www.crefia.or.kr)
저축은행 : 저축은행중앙회(www.fsb.or.kr)
금융투자 : 금융투자협회(www.kofia.or.kr)",https://www.fss.or.kr/fss/bbs/B0000172/view.do?nttId=49736&menuNo=200202&viewType=&searchCnd=22&searchWrd=&pageIndex=1,https://www.fss.or.kr/fss/bbs/B0000172/list.do?menuNo=200202&bbsId=&cl1Cd=&cl2Cd=&cl3Cd=&pageIndex=1&paramDeptname=&viewType=&selectDeptname=&searchCnd=22&searchWrd=,77
소비자보호실태평가의 평가방법이 궁금합니다.,"「금융소비자보호 모범규준」에 명기된 소비자보호 사항의 이행여부 점검을 위해 계량 5개, 비계량 5개 등 총 10개 부문으로 구성하여 각 부문별로 평가하고 있습니다.
자세한 내용은 첨부파일을 참고해주시길 바랍니다.",https://www.fss.or.kr/fss/bbs/B0000172/view.do?nttId=49735&menuNo=200202&viewType=&searchCnd=22&searchWrd=&pageIndex=1,https://www.fss.or.kr/fss/bbs/B0000172/list.do?menuNo=200202&bbsId=&cl1Cd=&cl2Cd=&cl3Cd=&pageIndex=1&paramDeptname=&viewType=&selectDeptname=&searchCnd=22&searchWrd=,77
소비자보호실태평가는 어떤 제도인가요?,"금융감독원은 금융회사의 민원예방 노력 유도 등을 위해 2002년부터 「민원발생평가제도」를 운영
*
해왔습니다.
* 금감원이 처리한 민원건수를 기초로 금융회사를 1∼5등급으로 평가하고 대외에 공표(’14년은 81개사 평가)
그러나 민원건수 위주의 평가만으로는 금융회사의 소비자보호 수준을 평가하고, 금융회사의 자율적 개선노력을 유도하는데 한계가 있어 제도 개선의 필요성이 지속적으로 제기되어 왔습니다.
이에 따라 기존 민원발생평가제도를 대신하여 금융회사의 다양한 소비자보호 활동을 종합적으로 평가할 수 있는 「금융소비자보호 실태평가제도」를 도입·시행
('16.4월 시행)
하게 되었습니다.
소비자보호실태평가제도는
금융소비자에게는 거래 금융회사 선택에 필요한 유용한 정보를 제공하는 한편, 금융회사에게는 소비자보호 중심의 경영문화 확산을 유도하는데 중점을 두고 있습니다.",https://www.fss.or.kr/fss/bbs/B0000172/view.do?nttId=49734&menuNo=200202&viewType=&searchCnd=22&searchWrd=&pageIndex=1,https://www.fss.or.kr/fss/bbs/B0000172/list.do?menuNo=200202&bbsId=&cl1Cd=&cl2Cd=&cl3Cd=&pageIndex=1&paramDeptname=&viewType=&selectDeptname=&searchCnd=22&searchWrd=,77
금융감독원의 민원대상 금융회사가 궁금합니다.,"금융감독원은 은행, 금융투자업자, 보험회사, 여신전문금융회사, 상호저축은행 등 금융기관에 대한 민원을 처리하고 있습니다.
금융감독원의 민원대상 금융기관 조회방법은 다음과 같습니다.
1. 금융감독원 홈페이지 → e-금융민원센터 → 민원안내 → 금융민원신청 안내 → 유의사항
2.
http://www.fcsc.kr/D/fu_d_01_02.jsp
→  유의사항
참고로, 금융감독원의 민원대상 금융기관이 아닌 경우 타 부처 등으로 민원이 이송될 수 있음을 알려드립니다.",https://www.fss.or.kr/fss/bbs/B0000172/view.do?nttId=49733&menuNo=200202&viewType=&searchCnd=22&searchWrd=&pageIndex=1,https://www.fss.or.kr/fss/bbs/B0000172/list.do?menuNo=200202&bbsId=&cl1Cd=&cl2Cd=&cl3Cd=&pageIndex=1&paramDeptname=&viewType=&selectDeptname=&searchCnd=22&searchWrd=,77
내 금융계좌를 한번에 조회할 수 있는 사이트는 없나요?,"‘내 계좌 한눈에’ 서비스를 통하여 본인의 주요 금융계좌 정보를 한번에 조회할 수 있습니다!
금융소비자정보포털 ‘파인’(fine.fss.or.kr) 또는 ’내 계좌 한눈에‘ 홈페이지 (
www.accountinfo.or.kr)
를
통해 9시부터 22시까지 이용가능하며(연중무휴), 은행·상호금융
계좌, 보험 계약, 대부업체를 제외한 제도권 금융회사의 대출정보를 일괄조회 할 수 있습니다.",https://www.fss.or.kr/fss/bbs/B0000172/view.do?nttId=49732&menuNo=200202&viewType=&searchCnd=22&searchWrd=&pageIndex=1,https://www.fss.or.kr/fss/bbs/B0000172/list.do?menuNo=200202&bbsId=&cl1Cd=&cl2Cd=&cl3Cd=&pageIndex=1&paramDeptname=&viewType=&selectDeptname=&searchCnd=22&searchWrd=,77
어려운 금융용어 등을 쉽게 찾아볼 수 있는 사이트는 없나요?,"금융감독원은 금융소비자의 전문적인 금융용어에 대한 이해도를 제고하기 위해 관련 제도의 배경, 이슈 등을 종합적으로 반영해 작성한 ‘
금융용어사전
’을 오픈하였습니다.
‘금융용어사전’에는 핀테크 발달을 반영한 인터넷 전문은행, P2P(Peer to Peer) 대출, 로보어드바이저, 크라우드펀딩 등 전문 용어를 비롯한 533개 용어를 상세히 설명하고 있습니다.
금융감독원 홈페이지 및 ‘파인(FINE:fine.fss.or.kr)'의 금융용어사전’ 코너에서 찾아보실 수
있으며, 알고 싶은 용어명을 정확히 입력하지 않더라고 일부 단어만으로도 검색이 가능합니다.",https://www.fss.or.kr/fss/bbs/B0000172/view.do?nttId=49731&menuNo=200202&viewType=&searchCnd=22&searchWrd=&pageIndex=1,https://www.fss.or.kr/fss/bbs/B0000172/list.do?menuNo=200202&bbsId=&cl1Cd=&cl2Cd=&cl3Cd=&pageIndex=1&paramDeptname=&viewType=&selectDeptname=&searchCnd=22&searchWrd=,77
정기예금 및 적금 금리를 한눈에 비교해 볼 수 있는 곳은 없나요?,"금융감독원은 소비자의 금융상품 선택에 실질적인 도움이 될 수 있도록,
금융상품 통합 비교공시시스템 ‘금융상품한눈에’
를 오픈하였습니다.
예·적금, 대출 등 금융상품을 통합 비교공시하고 있으며,
실손보험, 자동차보험 등은 협회사이트(보험다모아)를 연결하여 제공하고 있습니다.
(다만 본 사이트의 금융상품 정보는 매월 20일 정기적으로 공시하고 있으며, 최신정보 제공을 위해 노력하고 있으나 금융상품의 금리 등 거래조건이 수시로 변경될 수 있으므로 거래전 반드시 해당 금융회사에 문의 후 구입을 결정하시기 바랍니다.)
* 홈페이지 주소 :
http://finlife.fss.or.kr",https://www.fss.or.kr/fss/bbs/B0000172/view.do?nttId=49730&menuNo=200202&viewType=&searchCnd=22&searchWrd=&pageIndex=1,https://www.fss.or.kr/fss/bbs/B0000172/list.do?menuNo=200202&bbsId=&cl1Cd=&cl2Cd=&cl3Cd=&pageIndex=1&paramDeptname=&viewType=&selectDeptname=&searchCnd=22&searchWrd=,77
「보이는 ARS」는 어떻게 이용할 수 있나요?,"금융감독원은
금감원 콜센터(☎1332)의 음성
ARS
안내
내용
을
스
마트폰
화면
을
통해
한 번에 확
인
할
수 있는
｢
보이는 1332｣ 서
비스
를
시
행중에 있습니다. 동 서비스 이용방법은 첨부파일을 참고하여 주시기 바랍니다.",https://www.fss.or.kr/fss/bbs/B0000172/view.do?nttId=49729&menuNo=200202&viewType=&searchCnd=22&searchWrd=&pageIndex=1,https://www.fss.or.kr/fss/bbs/B0000172/list.do?menuNo=200202&bbsId=&cl1Cd=&cl2Cd=&cl3Cd=&pageIndex=1&paramDeptname=&viewType=&selectDeptname=&searchCnd=22&searchWrd=,77
대차료 지급기준 참고(예시),"자동차보험 대차료 지급기준 개선
*
내용을 반영한 FAQ를 게시하오니 참고하시기 바랍니다.
* '22.9.29. 금융감독원 보도자료 ""현행 내연기관 중심의 자동차보험 대차료 지급기준을 친환경차 보급 확대 등 환경변화에 맞게 개선합니다
(
'22.10.11.부터 시행예정
)
""
참조",https://www.fss.or.kr/fss/bbs/B0000172/view.do?nttId=49737&menuNo=200202&viewType=&searchCnd=22&searchWrd=&pageIndex=1,https://www.fss.or.kr/fss/bbs/B0000172/list.do?menuNo=200202&bbsId=&cl1Cd=&cl2Cd=&cl3Cd=&pageIndex=1&paramDeptname=&viewType=&selectDeptname=&searchCnd=22&searchWrd=,78
소비자보호실태평가 결과는 어디서 확인할 수 있나요?,"소비자보호실태평가 결과는 금융감독원 홈페이지
(www.fss.or.kr
)
또는 개별 금융기관 및 협회 홈페이지
*
등을 통해 확인하실 수 있습니다.
※ 금융 권역별 협회 홈페이지 목록
은      행 : 전국은행연합회(www.kfb.or.kr)
생명보험 : 생명보험협회(www.klia.or.kr)
손해보험 : 손해보험협회(www.knia.or.kr)
카      드 : 여신금융협회(www.crefia.or.kr)
저축은행 : 저축은행중앙회(www.fsb.or.kr)
금융투자 : 금융투자협회(www.kofia.or.kr)",https://www.fss.or.kr/fss/bbs/B0000172/view.do?nttId=49736&menuNo=200202&viewType=&searchCnd=22&searchWrd=&pageIndex=1,https://www.fss.or.kr/fss/bbs/B0000172/list.do?menuNo=200202&bbsId=&cl1Cd=&cl2Cd=&cl3Cd=&pageIndex=1&paramDeptname=&viewType=&selectDeptname=&searchCnd=22&searchWrd=,78
소비자보호실태평가의 평가방법이 궁금합니다.,"「금융소비자보호 모범규준」에 명기된 소비자보호 사항의 이행여부 점검을 위해 계량 5개, 비계량 5개 등 총 10개 부문으로 구성하여 각 부문별로 평가하고 있습니다.
자세한 내용은 첨부파일을 참고해주시길 바랍니다.",https://www.fss.or.kr/fss/bbs/B0000172/view.do?nttId=49735&menuNo=200202&viewType=&searchCnd=22&searchWrd=&pageIndex=1,https://www.fss.or.kr/fss/bbs/B0000172/list.do?menuNo=200202&bbsId=&cl1Cd=&cl2Cd=&cl3Cd=&pageIndex=1&paramDeptname=&viewType=&selectDeptname=&searchCnd=22&searchWrd=,78
소비자보호실태평가는 어떤 제도인가요?,"금융감독원은 금융회사의 민원예방 노력 유도 등을 위해 2002년부터 「민원발생평가제도」를 운영
*
해왔습니다.
* 금감원이 처리한 민원건수를 기초로 금융회사를 1∼5등급으로 평가하고 대외에 공표(’14년은 81개사 평가)
그러나 민원건수 위주의 평가만으로는 금융회사의 소비자보호 수준을 평가하고, 금융회사의 자율적 개선노력을 유도하는데 한계가 있어 제도 개선의 필요성이 지속적으로 제기되어 왔습니다.
이에 따라 기존 민원발생평가제도를 대신하여 금융회사의 다양한 소비자보호 활동을 종합적으로 평가할 수 있는 「금융소비자보호 실태평가제도」를 도입·시행
('16.4월 시행)
하게 되었습니다.
소비자보호실태평가제도는
금융소비자에게는 거래 금융회사 선택에 필요한 유용한 정보를 제공하는 한편, 금융회사에게는 소비자보호 중심의 경영문화 확산을 유도하는데 중점을 두고 있습니다.",https://www.fss.or.kr/fss/bbs/B0000172/view.do?nttId=49734&menuNo=200202&viewType=&searchCnd=22&searchWrd=&pageIndex=1,https://www.fss.or.kr/fss/bbs/B0000172/list.do?menuNo=200202&bbsId=&cl1Cd=&cl2Cd=&cl3Cd=&pageIndex=1&paramDeptname=&viewType=&selectDeptname=&searchCnd=22&searchWrd=,78
금융감독원의 민원대상 금융회사가 궁금합니다.,"금융감독원은 은행, 금융투자업자, 보험회사, 여신전문금융회사, 상호저축은행 등 금융기관에 대한 민원을 처리하고 있습니다.
금융감독원의 민원대상 금융기관 조회방법은 다음과 같습니다.
1. 금융감독원 홈페이지 → e-금융민원센터 → 민원안내 → 금융민원신청 안내 → 유의사항
2.
http://www.fcsc.kr/D/fu_d_01_02.jsp
→  유의사항
참고로, 금융감독원의 민원대상 금융기관이 아닌 경우 타 부처 등으로 민원이 이송될 수 있음을 알려드립니다.",https://www.fss.or.kr/fss/bbs/B0000172/view.do?nttId=49733&menuNo=200202&viewType=&searchCnd=22&searchWrd=&pageIndex=1,https://www.fss.or.kr/fss/bbs/B0000172/list.do?menuNo=200202&bbsId=&cl1Cd=&cl2Cd=&cl3Cd=&pageIndex=1&paramDeptname=&viewType=&selectDeptname=&searchCnd=22&searchWrd=,78
내 금융계좌를 한번에 조회할 수 있는 사이트는 없나요?,"‘내 계좌 한눈에’ 서비스를 통하여 본인의 주요 금융계좌 정보를 한번에 조회할 수 있습니다!
금융소비자정보포털 ‘파인’(fine.fss.or.kr) 또는 ’내 계좌 한눈에‘ 홈페이지 (
www.accountinfo.or.kr)
를
통해 9시부터 22시까지 이용가능하며(연중무휴), 은행·상호금융
계좌, 보험 계약, 대부업체를 제외한 제도권 금융회사의 대출정보를 일괄조회 할 수 있습니다.",https://www.fss.or.kr/fss/bbs/B0000172/view.do?nttId=49732&menuNo=200202&viewType=&searchCnd=22&searchWrd=&pageIndex=1,https://www.fss.or.kr/fss/bbs/B0000172/list.do?menuNo=200202&bbsId=&cl1Cd=&cl2Cd=&cl3Cd=&pageIndex=1&paramDeptname=&viewType=&selectDeptname=&searchCnd=22&searchWrd=,78
어려운 금융용어 등을 쉽게 찾아볼 수 있는 사이트는 없나요?,"금융감독원은 금융소비자의 전문적인 금융용어에 대한 이해도를 제고하기 위해 관련 제도의 배경, 이슈 등을 종합적으로 반영해 작성한 ‘
금융용어사전
’을 오픈하였습니다.
‘금융용어사전’에는 핀테크 발달을 반영한 인터넷 전문은행, P2P(Peer to Peer) 대출, 로보어드바이저, 크라우드펀딩 등 전문 용어를 비롯한 533개 용어를 상세히 설명하고 있습니다.
금융감독원 홈페이지 및 ‘파인(FINE:fine.fss.or.kr)'의 금융용어사전’ 코너에서 찾아보실 수
있으며, 알고 싶은 용어명을 정확히 입력하지 않더라고 일부 단어만으로도 검색이 가능합니다.",https://www.fss.or.kr/fss/bbs/B0000172/view.do?nttId=49731&menuNo=200202&viewType=&searchCnd=22&searchWrd=&pageIndex=1,https://www.fss.or.kr/fss/bbs/B0000172/list.do?menuNo=200202&bbsId=&cl1Cd=&cl2Cd=&cl3Cd=&pageIndex=1&paramDeptname=&viewType=&selectDeptname=&searchCnd=22&searchWrd=,78
정기예금 및 적금 금리를 한눈에 비교해 볼 수 있는 곳은 없나요?,"금융감독원은 소비자의 금융상품 선택에 실질적인 도움이 될 수 있도록,
금융상품 통합 비교공시시스템 ‘금융상품한눈에’
를 오픈하였습니다.
예·적금, 대출 등 금융상품을 통합 비교공시하고 있으며,
실손보험, 자동차보험 등은 협회사이트(보험다모아)를 연결하여 제공하고 있습니다.
(다만 본 사이트의 금융상품 정보는 매월 20일 정기적으로 공시하고 있으며, 최신정보 제공을 위해 노력하고 있으나 금융상품의 금리 등 거래조건이 수시로 변경될 수 있으므로 거래전 반드시 해당 금융회사에 문의 후 구입을 결정하시기 바랍니다.)
* 홈페이지 주소 :
http://finlife.fss.or.kr",https://www.fss.or.kr/fss/bbs/B0000172/view.do?nttId=49730&menuNo=200202&viewType=&searchCnd=22&searchWrd=&pageIndex=1,https://www.fss.or.kr/fss/bbs/B0000172/list.do?menuNo=200202&bbsId=&cl1Cd=&cl2Cd=&cl3Cd=&pageIndex=1&paramDeptname=&viewType=&selectDeptname=&searchCnd=22&searchWrd=,78
「보이는 ARS」는 어떻게 이용할 수 있나요?,"금융감독원은
금감원 콜센터(☎1332)의 음성
ARS
안내
내용
을
스
마트폰
화면
을
통해
한 번에 확
인
할
수 있는
｢
보이는 1332｣ 서
비스
를
시
행중에 있습니다. 동 서비스 이용방법은 첨부파일을 참고하여 주시기 바랍니다.",https://www.fss.or.kr/fss/bbs/B0000172/view.do?nttId=49729&menuNo=200202&viewType=&searchCnd=22&searchWrd=&pageIndex=1,https://www.fss.or.kr/fss/bbs/B0000172/list.do?menuNo=200202&bbsId=&cl1Cd=&cl2Cd=&cl3Cd=&pageIndex=1&paramDeptname=&viewType=&selectDeptname=&searchCnd=22&searchWrd=,78
대차료 지급기준 참고(예시),"자동차보험 대차료 지급기준 개선
*
내용을 반영한 FAQ를 게시하오니 참고하시기 바랍니다.
* '22.9.29. 금융감독원 보도자료 ""현행 내연기관 중심의 자동차보험 대차료 지급기준을 친환경차 보급 확대 등 환경변화에 맞게 개선합니다
(
'22.10.11.부터 시행예정
)
""
참조",https://www.fss.or.kr/fss/bbs/B0000172/view.do?nttId=49737&menuNo=200202&viewType=&searchCnd=22&searchWrd=&pageIndex=1,https://www.fss.or.kr/fss/bbs/B0000172/list.do?menuNo=200202&bbsId=&cl1Cd=&cl2Cd=&cl3Cd=&pageIndex=1&paramDeptname=&viewType=&selectDeptname=&searchCnd=22&searchWrd=,79
소비자보호실태평가 결과는 어디서 확인할 수 있나요?,"소비자보호실태평가 결과는 금융감독원 홈페이지
(www.fss.or.kr
)
또는 개별 금융기관 및 협회 홈페이지
*
등을 통해 확인하실 수 있습니다.
※ 금융 권역별 협회 홈페이지 목록
은      행 : 전국은행연합회(www.kfb.or.kr)
생명보험 : 생명보험협회(www.klia.or.kr)
손해보험 : 손해보험협회(www.knia.or.kr)
카      드 : 여신금융협회(www.crefia.or.kr)
저축은행 : 저축은행중앙회(www.fsb.or.kr)
금융투자 : 금융투자협회(www.kofia.or.kr)",https://www.fss.or.kr/fss/bbs/B0000172/view.do?nttId=49736&menuNo=200202&viewType=&searchCnd=22&searchWrd=&pageIndex=1,https://www.fss.or.kr/fss/bbs/B0000172/list.do?menuNo=200202&bbsId=&cl1Cd=&cl2Cd=&cl3Cd=&pageIndex=1&paramDeptname=&viewType=&selectDeptname=&searchCnd=22&searchWrd=,79
소비자보호실태평가의 평가방법이 궁금합니다.,"「금융소비자보호 모범규준」에 명기된 소비자보호 사항의 이행여부 점검을 위해 계량 5개, 비계량 5개 등 총 10개 부문으로 구성하여 각 부문별로 평가하고 있습니다.
자세한 내용은 첨부파일을 참고해주시길 바랍니다.",https://www.fss.or.kr/fss/bbs/B0000172/view.do?nttId=49735&menuNo=200202&viewType=&searchCnd=22&searchWrd=&pageIndex=1,https://www.fss.or.kr/fss/bbs/B0000172/list.do?menuNo=200202&bbsId=&cl1Cd=&cl2Cd=&cl3Cd=&pageIndex=1&paramDeptname=&viewType=&selectDeptname=&searchCnd=22&searchWrd=,79
소비자보호실태평가는 어떤 제도인가요?,"금융감독원은 금융회사의 민원예방 노력 유도 등을 위해 2002년부터 「민원발생평가제도」를 운영
*
해왔습니다.
* 금감원이 처리한 민원건수를 기초로 금융회사를 1∼5등급으로 평가하고 대외에 공표(’14년은 81개사 평가)
그러나 민원건수 위주의 평가만으로는 금융회사의 소비자보호 수준을 평가하고, 금융회사의 자율적 개선노력을 유도하는데 한계가 있어 제도 개선의 필요성이 지속적으로 제기되어 왔습니다.
이에 따라 기존 민원발생평가제도를 대신하여 금융회사의 다양한 소비자보호 활동을 종합적으로 평가할 수 있는 「금융소비자보호 실태평가제도」를 도입·시행
('16.4월 시행)
하게 되었습니다.
소비자보호실태평가제도는
금융소비자에게는 거래 금융회사 선택에 필요한 유용한 정보를 제공하는 한편, 금융회사에게는 소비자보호 중심의 경영문화 확산을 유도하는데 중점을 두고 있습니다.",https://www.fss.or.kr/fss/bbs/B0000172/view.do?nttId=49734&menuNo=200202&viewType=&searchCnd=22&searchWrd=&pageIndex=1,https://www.fss.or.kr/fss/bbs/B0000172/list.do?menuNo=200202&bbsId=&cl1Cd=&cl2Cd=&cl3Cd=&pageIndex=1&paramDeptname=&viewType=&selectDeptname=&searchCnd=22&searchWrd=,79
금융감독원의 민원대상 금융회사가 궁금합니다.,"금융감독원은 은행, 금융투자업자, 보험회사, 여신전문금융회사, 상호저축은행 등 금융기관에 대한 민원을 처리하고 있습니다.
금융감독원의 민원대상 금융기관 조회방법은 다음과 같습니다.
1. 금융감독원 홈페이지 → e-금융민원센터 → 민원안내 → 금융민원신청 안내 → 유의사항
2.
http://www.fcsc.kr/D/fu_d_01_02.jsp
→  유의사항
참고로, 금융감독원의 민원대상 금융기관이 아닌 경우 타 부처 등으로 민원이 이송될 수 있음을 알려드립니다.",https://www.fss.or.kr/fss/bbs/B0000172/view.do?nttId=49733&menuNo=200202&viewType=&searchCnd=22&searchWrd=&pageIndex=1,https://www.fss.or.kr/fss/bbs/B0000172/list.do?menuNo=200202&bbsId=&cl1Cd=&cl2Cd=&cl3Cd=&pageIndex=1&paramDeptname=&viewType=&selectDeptname=&searchCnd=22&searchWrd=,79
내 금융계좌를 한번에 조회할 수 있는 사이트는 없나요?,"‘내 계좌 한눈에’ 서비스를 통하여 본인의 주요 금융계좌 정보를 한번에 조회할 수 있습니다!
금융소비자정보포털 ‘파인’(fine.fss.or.kr) 또는 ’내 계좌 한눈에‘ 홈페이지 (
www.accountinfo.or.kr)
를
통해 9시부터 22시까지 이용가능하며(연중무휴), 은행·상호금융
계좌, 보험 계약, 대부업체를 제외한 제도권 금융회사의 대출정보를 일괄조회 할 수 있습니다.",https://www.fss.or.kr/fss/bbs/B0000172/view.do?nttId=49732&menuNo=200202&viewType=&searchCnd=22&searchWrd=&pageIndex=1,https://www.fss.or.kr/fss/bbs/B0000172/list.do?menuNo=200202&bbsId=&cl1Cd=&cl2Cd=&cl3Cd=&pageIndex=1&paramDeptname=&viewType=&selectDeptname=&searchCnd=22&searchWrd=,79
어려운 금융용어 등을 쉽게 찾아볼 수 있는 사이트는 없나요?,"금융감독원은 금융소비자의 전문적인 금융용어에 대한 이해도를 제고하기 위해 관련 제도의 배경, 이슈 등을 종합적으로 반영해 작성한 ‘
금융용어사전
’을 오픈하였습니다.
‘금융용어사전’에는 핀테크 발달을 반영한 인터넷 전문은행, P2P(Peer to Peer) 대출, 로보어드바이저, 크라우드펀딩 등 전문 용어를 비롯한 533개 용어를 상세히 설명하고 있습니다.
금융감독원 홈페이지 및 ‘파인(FINE:fine.fss.or.kr)'의 금융용어사전’ 코너에서 찾아보실 수
있으며, 알고 싶은 용어명을 정확히 입력하지 않더라고 일부 단어만으로도 검색이 가능합니다.",https://www.fss.or.kr/fss/bbs/B0000172/view.do?nttId=49731&menuNo=200202&viewType=&searchCnd=22&searchWrd=&pageIndex=1,https://www.fss.or.kr/fss/bbs/B0000172/list.do?menuNo=200202&bbsId=&cl1Cd=&cl2Cd=&cl3Cd=&pageIndex=1&paramDeptname=&viewType=&selectDeptname=&searchCnd=22&searchWrd=,79
정기예금 및 적금 금리를 한눈에 비교해 볼 수 있는 곳은 없나요?,"금융감독원은 소비자의 금융상품 선택에 실질적인 도움이 될 수 있도록,
금융상품 통합 비교공시시스템 ‘금융상품한눈에’
를 오픈하였습니다.
예·적금, 대출 등 금융상품을 통합 비교공시하고 있으며,
실손보험, 자동차보험 등은 협회사이트(보험다모아)를 연결하여 제공하고 있습니다.
(다만 본 사이트의 금융상품 정보는 매월 20일 정기적으로 공시하고 있으며, 최신정보 제공을 위해 노력하고 있으나 금융상품의 금리 등 거래조건이 수시로 변경될 수 있으므로 거래전 반드시 해당 금융회사에 문의 후 구입을 결정하시기 바랍니다.)
* 홈페이지 주소 :
http://finlife.fss.or.kr",https://www.fss.or.kr/fss/bbs/B0000172/view.do?nttId=49730&menuNo=200202&viewType=&searchCnd=22&searchWrd=&pageIndex=1,https://www.fss.or.kr/fss/bbs/B0000172/list.do?menuNo=200202&bbsId=&cl1Cd=&cl2Cd=&cl3Cd=&pageIndex=1&paramDeptname=&viewType=&selectDeptname=&searchCnd=22&searchWrd=,79
「보이는 ARS」는 어떻게 이용할 수 있나요?,"금융감독원은
금감원 콜센터(☎1332)의 음성
ARS
안내
내용
을
스
마트폰
화면
을
통해
한 번에 확
인
할
수 있는
｢
보이는 1332｣ 서
비스
를
시
행중에 있습니다. 동 서비스 이용방법은 첨부파일을 참고하여 주시기 바랍니다.",https://www.fss.or.kr/fss/bbs/B0000172/view.do?nttId=49729&menuNo=200202&viewType=&searchCnd=22&searchWrd=&pageIndex=1,https://www.fss.or.kr/fss/bbs/B0000172/list.do?menuNo=200202&bbsId=&cl1Cd=&cl2Cd=&cl3Cd=&pageIndex=1&paramDeptname=&viewType=&selectDeptname=&searchCnd=22&searchWrd=,79
대차료 지급기준 참고(예시),"자동차보험 대차료 지급기준 개선
*
내용을 반영한 FAQ를 게시하오니 참고하시기 바랍니다.
* '22.9.29. 금융감독원 보도자료 ""현행 내연기관 중심의 자동차보험 대차료 지급기준을 친환경차 보급 확대 등 환경변화에 맞게 개선합니다
(
'22.10.11.부터 시행예정
)
""
참조",https://www.fss.or.kr/fss/bbs/B0000172/view.do?nttId=49737&menuNo=200202&viewType=&searchCnd=22&searchWrd=&pageIndex=1,https://www.fss.or.kr/fss/bbs/B0000172/list.do?menuNo=200202&bbsId=&cl1Cd=&cl2Cd=&cl3Cd=&pageIndex=1&paramDeptname=&viewType=&selectDeptname=&searchCnd=22&searchWrd=,80
소비자보호실태평가 결과는 어디서 확인할 수 있나요?,"소비자보호실태평가 결과는 금융감독원 홈페이지
(www.fss.or.kr
)
또는 개별 금융기관 및 협회 홈페이지
*
등을 통해 확인하실 수 있습니다.
※ 금융 권역별 협회 홈페이지 목록
은      행 : 전국은행연합회(www.kfb.or.kr)
생명보험 : 생명보험협회(www.klia.or.kr)
손해보험 : 손해보험협회(www.knia.or.kr)
카      드 : 여신금융협회(www.crefia.or.kr)
저축은행 : 저축은행중앙회(www.fsb.or.kr)
금융투자 : 금융투자협회(www.kofia.or.kr)",https://www.fss.or.kr/fss/bbs/B0000172/view.do?nttId=49736&menuNo=200202&viewType=&searchCnd=22&searchWrd=&pageIndex=1,https://www.fss.or.kr/fss/bbs/B0000172/list.do?menuNo=200202&bbsId=&cl1Cd=&cl2Cd=&cl3Cd=&pageIndex=1&paramDeptname=&viewType=&selectDeptname=&searchCnd=22&searchWrd=,80
소비자보호실태평가의 평가방법이 궁금합니다.,"「금융소비자보호 모범규준」에 명기된 소비자보호 사항의 이행여부 점검을 위해 계량 5개, 비계량 5개 등 총 10개 부문으로 구성하여 각 부문별로 평가하고 있습니다.
자세한 내용은 첨부파일을 참고해주시길 바랍니다.",https://www.fss.or.kr/fss/bbs/B0000172/view.do?nttId=49735&menuNo=200202&viewType=&searchCnd=22&searchWrd=&pageIndex=1,https://www.fss.or.kr/fss/bbs/B0000172/list.do?menuNo=200202&bbsId=&cl1Cd=&cl2Cd=&cl3Cd=&pageIndex=1&paramDeptname=&viewType=&selectDeptname=&searchCnd=22&searchWrd=,80
소비자보호실태평가는 어떤 제도인가요?,"금융감독원은 금융회사의 민원예방 노력 유도 등을 위해 2002년부터 「민원발생평가제도」를 운영
*
해왔습니다.
* 금감원이 처리한 민원건수를 기초로 금융회사를 1∼5등급으로 평가하고 대외에 공표(’14년은 81개사 평가)
그러나 민원건수 위주의 평가만으로는 금융회사의 소비자보호 수준을 평가하고, 금융회사의 자율적 개선노력을 유도하는데 한계가 있어 제도 개선의 필요성이 지속적으로 제기되어 왔습니다.
이에 따라 기존 민원발생평가제도를 대신하여 금융회사의 다양한 소비자보호 활동을 종합적으로 평가할 수 있는 「금융소비자보호 실태평가제도」를 도입·시행
('16.4월 시행)
하게 되었습니다.
소비자보호실태평가제도는
금융소비자에게는 거래 금융회사 선택에 필요한 유용한 정보를 제공하는 한편, 금융회사에게는 소비자보호 중심의 경영문화 확산을 유도하는데 중점을 두고 있습니다.",https://www.fss.or.kr/fss/bbs/B0000172/view.do?nttId=49734&menuNo=200202&viewType=&searchCnd=22&searchWrd=&pageIndex=1,https://www.fss.or.kr/fss/bbs/B0000172/list.do?menuNo=200202&bbsId=&cl1Cd=&cl2Cd=&cl3Cd=&pageIndex=1&paramDeptname=&viewType=&selectDeptname=&searchCnd=22&searchWrd=,80
금융감독원의 민원대상 금융회사가 궁금합니다.,"금융감독원은 은행, 금융투자업자, 보험회사, 여신전문금융회사, 상호저축은행 등 금융기관에 대한 민원을 처리하고 있습니다.
금융감독원의 민원대상 금융기관 조회방법은 다음과 같습니다.
1. 금융감독원 홈페이지 → e-금융민원센터 → 민원안내 → 금융민원신청 안내 → 유의사항
2.
http://www.fcsc.kr/D/fu_d_01_02.jsp
→  유의사항
참고로, 금융감독원의 민원대상 금융기관이 아닌 경우 타 부처 등으로 민원이 이송될 수 있음을 알려드립니다.",https://www.fss.or.kr/fss/bbs/B0000172/view.do?nttId=49733&menuNo=200202&viewType=&searchCnd=22&searchWrd=&pageIndex=1,https://www.fss.or.kr/fss/bbs/B0000172/list.do?menuNo=200202&bbsId=&cl1Cd=&cl2Cd=&cl3Cd=&pageIndex=1&paramDeptname=&viewType=&selectDeptname=&searchCnd=22&searchWrd=,80
내 금융계좌를 한번에 조회할 수 있는 사이트는 없나요?,"‘내 계좌 한눈에’ 서비스를 통하여 본인의 주요 금융계좌 정보를 한번에 조회할 수 있습니다!
금융소비자정보포털 ‘파인’(fine.fss.or.kr) 또는 ’내 계좌 한눈에‘ 홈페이지 (
www.accountinfo.or.kr)
를
통해 9시부터 22시까지 이용가능하며(연중무휴), 은행·상호금융
계좌, 보험 계약, 대부업체를 제외한 제도권 금융회사의 대출정보를 일괄조회 할 수 있습니다.",https://www.fss.or.kr/fss/bbs/B0000172/view.do?nttId=49732&menuNo=200202&viewType=&searchCnd=22&searchWrd=&pageIndex=1,https://www.fss.or.kr/fss/bbs/B0000172/list.do?menuNo=200202&bbsId=&cl1Cd=&cl2Cd=&cl3Cd=&pageIndex=1&paramDeptname=&viewType=&selectDeptname=&searchCnd=22&searchWrd=,80
어려운 금융용어 등을 쉽게 찾아볼 수 있는 사이트는 없나요?,"금융감독원은 금융소비자의 전문적인 금융용어에 대한 이해도를 제고하기 위해 관련 제도의 배경, 이슈 등을 종합적으로 반영해 작성한 ‘
금융용어사전
’을 오픈하였습니다.
‘금융용어사전’에는 핀테크 발달을 반영한 인터넷 전문은행, P2P(Peer to Peer) 대출, 로보어드바이저, 크라우드펀딩 등 전문 용어를 비롯한 533개 용어를 상세히 설명하고 있습니다.
금융감독원 홈페이지 및 ‘파인(FINE:fine.fss.or.kr)'의 금융용어사전’ 코너에서 찾아보실 수
있으며, 알고 싶은 용어명을 정확히 입력하지 않더라고 일부 단어만으로도 검색이 가능합니다.",https://www.fss.or.kr/fss/bbs/B0000172/view.do?nttId=49731&menuNo=200202&viewType=&searchCnd=22&searchWrd=&pageIndex=1,https://www.fss.or.kr/fss/bbs/B0000172/list.do?menuNo=200202&bbsId=&cl1Cd=&cl2Cd=&cl3Cd=&pageIndex=1&paramDeptname=&viewType=&selectDeptname=&searchCnd=22&searchWrd=,80
정기예금 및 적금 금리를 한눈에 비교해 볼 수 있는 곳은 없나요?,"금융감독원은 소비자의 금융상품 선택에 실질적인 도움이 될 수 있도록,
금융상품 통합 비교공시시스템 ‘금융상품한눈에’
를 오픈하였습니다.
예·적금, 대출 등 금융상품을 통합 비교공시하고 있으며,
실손보험, 자동차보험 등은 협회사이트(보험다모아)를 연결하여 제공하고 있습니다.
(다만 본 사이트의 금융상품 정보는 매월 20일 정기적으로 공시하고 있으며, 최신정보 제공을 위해 노력하고 있으나 금융상품의 금리 등 거래조건이 수시로 변경될 수 있으므로 거래전 반드시 해당 금융회사에 문의 후 구입을 결정하시기 바랍니다.)
* 홈페이지 주소 :
http://finlife.fss.or.kr",https://www.fss.or.kr/fss/bbs/B0000172/view.do?nttId=49730&menuNo=200202&viewType=&searchCnd=22&searchWrd=&pageIndex=1,https://www.fss.or.kr/fss/bbs/B0000172/list.do?menuNo=200202&bbsId=&cl1Cd=&cl2Cd=&cl3Cd=&pageIndex=1&paramDeptname=&viewType=&selectDeptname=&searchCnd=22&searchWrd=,80
「보이는 ARS」는 어떻게 이용할 수 있나요?,"금융감독원은
금감원 콜센터(☎1332)의 음성
ARS
안내
내용
을
스
마트폰
화면
을
통해
한 번에 확
인
할
수 있는
｢
보이는 1332｣ 서
비스
를
시
행중에 있습니다. 동 서비스 이용방법은 첨부파일을 참고하여 주시기 바랍니다.",https://www.fss.or.kr/fss/bbs/B0000172/view.do?nttId=49729&menuNo=200202&viewType=&searchCnd=22&searchWrd=&pageIndex=1,https://www.fss.or.kr/fss/bbs/B0000172/list.do?menuNo=200202&bbsId=&cl1Cd=&cl2Cd=&cl3Cd=&pageIndex=1&paramDeptname=&viewType=&selectDeptname=&searchCnd=22&searchWrd=,80
대차료 지급기준 참고(예시),"자동차보험 대차료 지급기준 개선
*
내용을 반영한 FAQ를 게시하오니 참고하시기 바랍니다.
* '22.9.29. 금융감독원 보도자료 ""현행 내연기관 중심의 자동차보험 대차료 지급기준을 친환경차 보급 확대 등 환경변화에 맞게 개선합니다
(
'22.10.11.부터 시행예정
)
""
참조",https://www.fss.or.kr/fss/bbs/B0000172/view.do?nttId=49737&menuNo=200202&viewType=&searchCnd=22&searchWrd=&pageIndex=1,https://www.fss.or.kr/fss/bbs/B0000172/list.do?menuNo=200202&bbsId=&cl1Cd=&cl2Cd=&cl3Cd=&pageIndex=1&paramDeptname=&viewType=&selectDeptname=&searchCnd=22&searchWrd=,81
소비자보호실태평가 결과는 어디서 확인할 수 있나요?,"소비자보호실태평가 결과는 금융감독원 홈페이지
(www.fss.or.kr
)
또는 개별 금융기관 및 협회 홈페이지
*
등을 통해 확인하실 수 있습니다.
※ 금융 권역별 협회 홈페이지 목록
은      행 : 전국은행연합회(www.kfb.or.kr)
생명보험 : 생명보험협회(www.klia.or.kr)
손해보험 : 손해보험협회(www.knia.or.kr)
카      드 : 여신금융협회(www.crefia.or.kr)
저축은행 : 저축은행중앙회(www.fsb.or.kr)
금융투자 : 금융투자협회(www.kofia.or.kr)",https://www.fss.or.kr/fss/bbs/B0000172/view.do?nttId=49736&menuNo=200202&viewType=&searchCnd=22&searchWrd=&pageIndex=1,https://www.fss.or.kr/fss/bbs/B0000172/list.do?menuNo=200202&bbsId=&cl1Cd=&cl2Cd=&cl3Cd=&pageIndex=1&paramDeptname=&viewType=&selectDeptname=&searchCnd=22&searchWrd=,81
소비자보호실태평가의 평가방법이 궁금합니다.,"「금융소비자보호 모범규준」에 명기된 소비자보호 사항의 이행여부 점검을 위해 계량 5개, 비계량 5개 등 총 10개 부문으로 구성하여 각 부문별로 평가하고 있습니다.
자세한 내용은 첨부파일을 참고해주시길 바랍니다.",https://www.fss.or.kr/fss/bbs/B0000172/view.do?nttId=49735&menuNo=200202&viewType=&searchCnd=22&searchWrd=&pageIndex=1,https://www.fss.or.kr/fss/bbs/B0000172/list.do?menuNo=200202&bbsId=&cl1Cd=&cl2Cd=&cl3Cd=&pageIndex=1&paramDeptname=&viewType=&selectDeptname=&searchCnd=22&searchWrd=,81
소비자보호실태평가는 어떤 제도인가요?,"금융감독원은 금융회사의 민원예방 노력 유도 등을 위해 2002년부터 「민원발생평가제도」를 운영
*
해왔습니다.
* 금감원이 처리한 민원건수를 기초로 금융회사를 1∼5등급으로 평가하고 대외에 공표(’14년은 81개사 평가)
그러나 민원건수 위주의 평가만으로는 금융회사의 소비자보호 수준을 평가하고, 금융회사의 자율적 개선노력을 유도하는데 한계가 있어 제도 개선의 필요성이 지속적으로 제기되어 왔습니다.
이에 따라 기존 민원발생평가제도를 대신하여 금융회사의 다양한 소비자보호 활동을 종합적으로 평가할 수 있는 「금융소비자보호 실태평가제도」를 도입·시행
('16.4월 시행)
하게 되었습니다.
소비자보호실태평가제도는
금융소비자에게는 거래 금융회사 선택에 필요한 유용한 정보를 제공하는 한편, 금융회사에게는 소비자보호 중심의 경영문화 확산을 유도하는데 중점을 두고 있습니다.",https://www.fss.or.kr/fss/bbs/B0000172/view.do?nttId=49734&menuNo=200202&viewType=&searchCnd=22&searchWrd=&pageIndex=1,https://www.fss.or.kr/fss/bbs/B0000172/list.do?menuNo=200202&bbsId=&cl1Cd=&cl2Cd=&cl3Cd=&pageIndex=1&paramDeptname=&viewType=&selectDeptname=&searchCnd=22&searchWrd=,81
금융감독원의 민원대상 금융회사가 궁금합니다.,"금융감독원은 은행, 금융투자업자, 보험회사, 여신전문금융회사, 상호저축은행 등 금융기관에 대한 민원을 처리하고 있습니다.
금융감독원의 민원대상 금융기관 조회방법은 다음과 같습니다.
1. 금융감독원 홈페이지 → e-금융민원센터 → 민원안내 → 금융민원신청 안내 → 유의사항
2.
http://www.fcsc.kr/D/fu_d_01_02.jsp
→  유의사항
참고로, 금융감독원의 민원대상 금융기관이 아닌 경우 타 부처 등으로 민원이 이송될 수 있음을 알려드립니다.",https://www.fss.or.kr/fss/bbs/B0000172/view.do?nttId=49733&menuNo=200202&viewType=&searchCnd=22&searchWrd=&pageIndex=1,https://www.fss.or.kr/fss/bbs/B0000172/list.do?menuNo=200202&bbsId=&cl1Cd=&cl2Cd=&cl3Cd=&pageIndex=1&paramDeptname=&viewType=&selectDeptname=&searchCnd=22&searchWrd=,81
내 금융계좌를 한번에 조회할 수 있는 사이트는 없나요?,"‘내 계좌 한눈에’ 서비스를 통하여 본인의 주요 금융계좌 정보를 한번에 조회할 수 있습니다!
금융소비자정보포털 ‘파인’(fine.fss.or.kr) 또는 ’내 계좌 한눈에‘ 홈페이지 (
www.accountinfo.or.kr)
를
통해 9시부터 22시까지 이용가능하며(연중무휴), 은행·상호금융
계좌, 보험 계약, 대부업체를 제외한 제도권 금융회사의 대출정보를 일괄조회 할 수 있습니다.",https://www.fss.or.kr/fss/bbs/B0000172/view.do?nttId=49732&menuNo=200202&viewType=&searchCnd=22&searchWrd=&pageIndex=1,https://www.fss.or.kr/fss/bbs/B0000172/list.do?menuNo=200202&bbsId=&cl1Cd=&cl2Cd=&cl3Cd=&pageIndex=1&paramDeptname=&viewType=&selectDeptname=&searchCnd=22&searchWrd=,81
어려운 금융용어 등을 쉽게 찾아볼 수 있는 사이트는 없나요?,"금융감독원은 금융소비자의 전문적인 금융용어에 대한 이해도를 제고하기 위해 관련 제도의 배경, 이슈 등을 종합적으로 반영해 작성한 ‘
금융용어사전
’을 오픈하였습니다.
‘금융용어사전’에는 핀테크 발달을 반영한 인터넷 전문은행, P2P(Peer to Peer) 대출, 로보어드바이저, 크라우드펀딩 등 전문 용어를 비롯한 533개 용어를 상세히 설명하고 있습니다.
금융감독원 홈페이지 및 ‘파인(FINE:fine.fss.or.kr)'의 금융용어사전’ 코너에서 찾아보실 수
있으며, 알고 싶은 용어명을 정확히 입력하지 않더라고 일부 단어만으로도 검색이 가능합니다.",https://www.fss.or.kr/fss/bbs/B0000172/view.do?nttId=49731&menuNo=200202&viewType=&searchCnd=22&searchWrd=&pageIndex=1,https://www.fss.or.kr/fss/bbs/B0000172/list.do?menuNo=200202&bbsId=&cl1Cd=&cl2Cd=&cl3Cd=&pageIndex=1&paramDeptname=&viewType=&selectDeptname=&searchCnd=22&searchWrd=,81
정기예금 및 적금 금리를 한눈에 비교해 볼 수 있는 곳은 없나요?,"금융감독원은 소비자의 금융상품 선택에 실질적인 도움이 될 수 있도록,
금융상품 통합 비교공시시스템 ‘금융상품한눈에’
를 오픈하였습니다.
예·적금, 대출 등 금융상품을 통합 비교공시하고 있으며,
실손보험, 자동차보험 등은 협회사이트(보험다모아)를 연결하여 제공하고 있습니다.
(다만 본 사이트의 금융상품 정보는 매월 20일 정기적으로 공시하고 있으며, 최신정보 제공을 위해 노력하고 있으나 금융상품의 금리 등 거래조건이 수시로 변경될 수 있으므로 거래전 반드시 해당 금융회사에 문의 후 구입을 결정하시기 바랍니다.)
* 홈페이지 주소 :
http://finlife.fss.or.kr",https://www.fss.or.kr/fss/bbs/B0000172/view.do?nttId=49730&menuNo=200202&viewType=&searchCnd=22&searchWrd=&pageIndex=1,https://www.fss.or.kr/fss/bbs/B0000172/list.do?menuNo=200202&bbsId=&cl1Cd=&cl2Cd=&cl3Cd=&pageIndex=1&paramDeptname=&viewType=&selectDeptname=&searchCnd=22&searchWrd=,81
「보이는 ARS」는 어떻게 이용할 수 있나요?,"금융감독원은
금감원 콜센터(☎1332)의 음성
ARS
안내
내용
을
스
마트폰
화면
을
통해
한 번에 확
인
할
수 있는
｢
보이는 1332｣ 서
비스
를
시
행중에 있습니다. 동 서비스 이용방법은 첨부파일을 참고하여 주시기 바랍니다.",https://www.fss.or.kr/fss/bbs/B0000172/view.do?nttId=49729&menuNo=200202&viewType=&searchCnd=22&searchWrd=&pageIndex=1,https://www.fss.or.kr/fss/bbs/B0000172/list.do?menuNo=200202&bbsId=&cl1Cd=&cl2Cd=&cl3Cd=&pageIndex=1&paramDeptname=&viewType=&selectDeptname=&searchCnd=22&searchWrd=,81
대차료 지급기준 참고(예시),"자동차보험 대차료 지급기준 개선
*
내용을 반영한 FAQ를 게시하오니 참고하시기 바랍니다.
* '22.9.29. 금융감독원 보도자료 ""현행 내연기관 중심의 자동차보험 대차료 지급기준을 친환경차 보급 확대 등 환경변화에 맞게 개선합니다
(
'22.10.11.부터 시행예정
)
""
참조",https://www.fss.or.kr/fss/bbs/B0000172/view.do?nttId=49737&menuNo=200202&viewType=&searchCnd=22&searchWrd=&pageIndex=1,https://www.fss.or.kr/fss/bbs/B0000172/list.do?menuNo=200202&bbsId=&cl1Cd=&cl2Cd=&cl3Cd=&pageIndex=1&paramDeptname=&viewType=&selectDeptname=&searchCnd=22&searchWrd=,82
소비자보호실태평가 결과는 어디서 확인할 수 있나요?,"소비자보호실태평가 결과는 금융감독원 홈페이지
(www.fss.or.kr
)
또는 개별 금융기관 및 협회 홈페이지
*
등을 통해 확인하실 수 있습니다.
※ 금융 권역별 협회 홈페이지 목록
은      행 : 전국은행연합회(www.kfb.or.kr)
생명보험 : 생명보험협회(www.klia.or.kr)
손해보험 : 손해보험협회(www.knia.or.kr)
카      드 : 여신금융협회(www.crefia.or.kr)
저축은행 : 저축은행중앙회(www.fsb.or.kr)
금융투자 : 금융투자협회(www.kofia.or.kr)",https://www.fss.or.kr/fss/bbs/B0000172/view.do?nttId=49736&menuNo=200202&viewType=&searchCnd=22&searchWrd=&pageIndex=1,https://www.fss.or.kr/fss/bbs/B0000172/list.do?menuNo=200202&bbsId=&cl1Cd=&cl2Cd=&cl3Cd=&pageIndex=1&paramDeptname=&viewType=&selectDeptname=&searchCnd=22&searchWrd=,82
소비자보호실태평가의 평가방법이 궁금합니다.,"「금융소비자보호 모범규준」에 명기된 소비자보호 사항의 이행여부 점검을 위해 계량 5개, 비계량 5개 등 총 10개 부문으로 구성하여 각 부문별로 평가하고 있습니다.
자세한 내용은 첨부파일을 참고해주시길 바랍니다.",https://www.fss.or.kr/fss/bbs/B0000172/view.do?nttId=49735&menuNo=200202&viewType=&searchCnd=22&searchWrd=&pageIndex=1,https://www.fss.or.kr/fss/bbs/B0000172/list.do?menuNo=200202&bbsId=&cl1Cd=&cl2Cd=&cl3Cd=&pageIndex=1&paramDeptname=&viewType=&selectDeptname=&searchCnd=22&searchWrd=,82
소비자보호실태평가는 어떤 제도인가요?,"금융감독원은 금융회사의 민원예방 노력 유도 등을 위해 2002년부터 「민원발생평가제도」를 운영
*
해왔습니다.
* 금감원이 처리한 민원건수를 기초로 금융회사를 1∼5등급으로 평가하고 대외에 공표(’14년은 81개사 평가)
그러나 민원건수 위주의 평가만으로는 금융회사의 소비자보호 수준을 평가하고, 금융회사의 자율적 개선노력을 유도하는데 한계가 있어 제도 개선의 필요성이 지속적으로 제기되어 왔습니다.
이에 따라 기존 민원발생평가제도를 대신하여 금융회사의 다양한 소비자보호 활동을 종합적으로 평가할 수 있는 「금융소비자보호 실태평가제도」를 도입·시행
('16.4월 시행)
하게 되었습니다.
소비자보호실태평가제도는
금융소비자에게는 거래 금융회사 선택에 필요한 유용한 정보를 제공하는 한편, 금융회사에게는 소비자보호 중심의 경영문화 확산을 유도하는데 중점을 두고 있습니다.",https://www.fss.or.kr/fss/bbs/B0000172/view.do?nttId=49734&menuNo=200202&viewType=&searchCnd=22&searchWrd=&pageIndex=1,https://www.fss.or.kr/fss/bbs/B0000172/list.do?menuNo=200202&bbsId=&cl1Cd=&cl2Cd=&cl3Cd=&pageIndex=1&paramDeptname=&viewType=&selectDeptname=&searchCnd=22&searchWrd=,82
금융감독원의 민원대상 금융회사가 궁금합니다.,"금융감독원은 은행, 금융투자업자, 보험회사, 여신전문금융회사, 상호저축은행 등 금융기관에 대한 민원을 처리하고 있습니다.
금융감독원의 민원대상 금융기관 조회방법은 다음과 같습니다.
1. 금융감독원 홈페이지 → e-금융민원센터 → 민원안내 → 금융민원신청 안내 → 유의사항
2.
http://www.fcsc.kr/D/fu_d_01_02.jsp
→  유의사항
참고로, 금융감독원의 민원대상 금융기관이 아닌 경우 타 부처 등으로 민원이 이송될 수 있음을 알려드립니다.",https://www.fss.or.kr/fss/bbs/B0000172/view.do?nttId=49733&menuNo=200202&viewType=&searchCnd=22&searchWrd=&pageIndex=1,https://www.fss.or.kr/fss/bbs/B0000172/list.do?menuNo=200202&bbsId=&cl1Cd=&cl2Cd=&cl3Cd=&pageIndex=1&paramDeptname=&viewType=&selectDeptname=&searchCnd=22&searchWrd=,82
내 금융계좌를 한번에 조회할 수 있는 사이트는 없나요?,"‘내 계좌 한눈에’ 서비스를 통하여 본인의 주요 금융계좌 정보를 한번에 조회할 수 있습니다!
금융소비자정보포털 ‘파인’(fine.fss.or.kr) 또는 ’내 계좌 한눈에‘ 홈페이지 (
www.accountinfo.or.kr)
를
통해 9시부터 22시까지 이용가능하며(연중무휴), 은행·상호금융
계좌, 보험 계약, 대부업체를 제외한 제도권 금융회사의 대출정보를 일괄조회 할 수 있습니다.",https://www.fss.or.kr/fss/bbs/B0000172/view.do?nttId=49732&menuNo=200202&viewType=&searchCnd=22&searchWrd=&pageIndex=1,https://www.fss.or.kr/fss/bbs/B0000172/list.do?menuNo=200202&bbsId=&cl1Cd=&cl2Cd=&cl3Cd=&pageIndex=1&paramDeptname=&viewType=&selectDeptname=&searchCnd=22&searchWrd=,82
어려운 금융용어 등을 쉽게 찾아볼 수 있는 사이트는 없나요?,"금융감독원은 금융소비자의 전문적인 금융용어에 대한 이해도를 제고하기 위해 관련 제도의 배경, 이슈 등을 종합적으로 반영해 작성한 ‘
금융용어사전
’을 오픈하였습니다.
‘금융용어사전’에는 핀테크 발달을 반영한 인터넷 전문은행, P2P(Peer to Peer) 대출, 로보어드바이저, 크라우드펀딩 등 전문 용어를 비롯한 533개 용어를 상세히 설명하고 있습니다.
금융감독원 홈페이지 및 ‘파인(FINE:fine.fss.or.kr)'의 금융용어사전’ 코너에서 찾아보실 수
있으며, 알고 싶은 용어명을 정확히 입력하지 않더라고 일부 단어만으로도 검색이 가능합니다.",https://www.fss.or.kr/fss/bbs/B0000172/view.do?nttId=49731&menuNo=200202&viewType=&searchCnd=22&searchWrd=&pageIndex=1,https://www.fss.or.kr/fss/bbs/B0000172/list.do?menuNo=200202&bbsId=&cl1Cd=&cl2Cd=&cl3Cd=&pageIndex=1&paramDeptname=&viewType=&selectDeptname=&searchCnd=22&searchWrd=,82
정기예금 및 적금 금리를 한눈에 비교해 볼 수 있는 곳은 없나요?,"금융감독원은 소비자의 금융상품 선택에 실질적인 도움이 될 수 있도록,
금융상품 통합 비교공시시스템 ‘금융상품한눈에’
를 오픈하였습니다.
예·적금, 대출 등 금융상품을 통합 비교공시하고 있으며,
실손보험, 자동차보험 등은 협회사이트(보험다모아)를 연결하여 제공하고 있습니다.
(다만 본 사이트의 금융상품 정보는 매월 20일 정기적으로 공시하고 있으며, 최신정보 제공을 위해 노력하고 있으나 금융상품의 금리 등 거래조건이 수시로 변경될 수 있으므로 거래전 반드시 해당 금융회사에 문의 후 구입을 결정하시기 바랍니다.)
* 홈페이지 주소 :
http://finlife.fss.or.kr",https://www.fss.or.kr/fss/bbs/B0000172/view.do?nttId=49730&menuNo=200202&viewType=&searchCnd=22&searchWrd=&pageIndex=1,https://www.fss.or.kr/fss/bbs/B0000172/list.do?menuNo=200202&bbsId=&cl1Cd=&cl2Cd=&cl3Cd=&pageIndex=1&paramDeptname=&viewType=&selectDeptname=&searchCnd=22&searchWrd=,82
「보이는 ARS」는 어떻게 이용할 수 있나요?,"금융감독원은
금감원 콜센터(☎1332)의 음성
ARS
안내
내용
을
스
마트폰
화면
을
통해
한 번에 확
인
할
수 있는
｢
보이는 1332｣ 서
비스
를
시
행중에 있습니다. 동 서비스 이용방법은 첨부파일을 참고하여 주시기 바랍니다.",https://www.fss.or.kr/fss/bbs/B0000172/view.do?nttId=49729&menuNo=200202&viewType=&searchCnd=22&searchWrd=&pageIndex=1,https://www.fss.or.kr/fss/bbs/B0000172/list.do?menuNo=200202&bbsId=&cl1Cd=&cl2Cd=&cl3Cd=&pageIndex=1&paramDeptname=&viewType=&selectDeptname=&searchCnd=22&searchWrd=,82
대차료 지급기준 참고(예시),"자동차보험 대차료 지급기준 개선
*
내용을 반영한 FAQ를 게시하오니 참고하시기 바랍니다.
* '22.9.29. 금융감독원 보도자료 ""현행 내연기관 중심의 자동차보험 대차료 지급기준을 친환경차 보급 확대 등 환경변화에 맞게 개선합니다
(
'22.10.11.부터 시행예정
)
""
참조",https://www.fss.or.kr/fss/bbs/B0000172/view.do?nttId=49737&menuNo=200202&viewType=&searchCnd=22&searchWrd=&pageIndex=1,https://www.fss.or.kr/fss/bbs/B0000172/list.do?menuNo=200202&bbsId=&cl1Cd=&cl2Cd=&cl3Cd=&pageIndex=1&paramDeptname=&viewType=&selectDeptname=&searchCnd=22&searchWrd=,83
소비자보호실태평가 결과는 어디서 확인할 수 있나요?,"소비자보호실태평가 결과는 금융감독원 홈페이지
(www.fss.or.kr
)
또는 개별 금융기관 및 협회 홈페이지
*
등을 통해 확인하실 수 있습니다.
※ 금융 권역별 협회 홈페이지 목록
은      행 : 전국은행연합회(www.kfb.or.kr)
생명보험 : 생명보험협회(www.klia.or.kr)
손해보험 : 손해보험협회(www.knia.or.kr)
카      드 : 여신금융협회(www.crefia.or.kr)
저축은행 : 저축은행중앙회(www.fsb.or.kr)
금융투자 : 금융투자협회(www.kofia.or.kr)",https://www.fss.or.kr/fss/bbs/B0000172/view.do?nttId=49736&menuNo=200202&viewType=&searchCnd=22&searchWrd=&pageIndex=1,https://www.fss.or.kr/fss/bbs/B0000172/list.do?menuNo=200202&bbsId=&cl1Cd=&cl2Cd=&cl3Cd=&pageIndex=1&paramDeptname=&viewType=&selectDeptname=&searchCnd=22&searchWrd=,83
소비자보호실태평가의 평가방법이 궁금합니다.,"「금융소비자보호 모범규준」에 명기된 소비자보호 사항의 이행여부 점검을 위해 계량 5개, 비계량 5개 등 총 10개 부문으로 구성하여 각 부문별로 평가하고 있습니다.
자세한 내용은 첨부파일을 참고해주시길 바랍니다.",https://www.fss.or.kr/fss/bbs/B0000172/view.do?nttId=49735&menuNo=200202&viewType=&searchCnd=22&searchWrd=&pageIndex=1,https://www.fss.or.kr/fss/bbs/B0000172/list.do?menuNo=200202&bbsId=&cl1Cd=&cl2Cd=&cl3Cd=&pageIndex=1&paramDeptname=&viewType=&selectDeptname=&searchCnd=22&searchWrd=,83
소비자보호실태평가는 어떤 제도인가요?,"금융감독원은 금융회사의 민원예방 노력 유도 등을 위해 2002년부터 「민원발생평가제도」를 운영
*
해왔습니다.
* 금감원이 처리한 민원건수를 기초로 금융회사를 1∼5등급으로 평가하고 대외에 공표(’14년은 81개사 평가)
그러나 민원건수 위주의 평가만으로는 금융회사의 소비자보호 수준을 평가하고, 금융회사의 자율적 개선노력을 유도하는데 한계가 있어 제도 개선의 필요성이 지속적으로 제기되어 왔습니다.
이에 따라 기존 민원발생평가제도를 대신하여 금융회사의 다양한 소비자보호 활동을 종합적으로 평가할 수 있는 「금융소비자보호 실태평가제도」를 도입·시행
('16.4월 시행)
하게 되었습니다.
소비자보호실태평가제도는
금융소비자에게는 거래 금융회사 선택에 필요한 유용한 정보를 제공하는 한편, 금융회사에게는 소비자보호 중심의 경영문화 확산을 유도하는데 중점을 두고 있습니다.",https://www.fss.or.kr/fss/bbs/B0000172/view.do?nttId=49734&menuNo=200202&viewType=&searchCnd=22&searchWrd=&pageIndex=1,https://www.fss.or.kr/fss/bbs/B0000172/list.do?menuNo=200202&bbsId=&cl1Cd=&cl2Cd=&cl3Cd=&pageIndex=1&paramDeptname=&viewType=&selectDeptname=&searchCnd=22&searchWrd=,83
금융감독원의 민원대상 금융회사가 궁금합니다.,"금융감독원은 은행, 금융투자업자, 보험회사, 여신전문금융회사, 상호저축은행 등 금융기관에 대한 민원을 처리하고 있습니다.
금융감독원의 민원대상 금융기관 조회방법은 다음과 같습니다.
1. 금융감독원 홈페이지 → e-금융민원센터 → 민원안내 → 금융민원신청 안내 → 유의사항
2.
http://www.fcsc.kr/D/fu_d_01_02.jsp
→  유의사항
참고로, 금융감독원의 민원대상 금융기관이 아닌 경우 타 부처 등으로 민원이 이송될 수 있음을 알려드립니다.",https://www.fss.or.kr/fss/bbs/B0000172/view.do?nttId=49733&menuNo=200202&viewType=&searchCnd=22&searchWrd=&pageIndex=1,https://www.fss.or.kr/fss/bbs/B0000172/list.do?menuNo=200202&bbsId=&cl1Cd=&cl2Cd=&cl3Cd=&pageIndex=1&paramDeptname=&viewType=&selectDeptname=&searchCnd=22&searchWrd=,83
내 금융계좌를 한번에 조회할 수 있는 사이트는 없나요?,"‘내 계좌 한눈에’ 서비스를 통하여 본인의 주요 금융계좌 정보를 한번에 조회할 수 있습니다!
금융소비자정보포털 ‘파인’(fine.fss.or.kr) 또는 ’내 계좌 한눈에‘ 홈페이지 (
www.accountinfo.or.kr)
를
통해 9시부터 22시까지 이용가능하며(연중무휴), 은행·상호금융
계좌, 보험 계약, 대부업체를 제외한 제도권 금융회사의 대출정보를 일괄조회 할 수 있습니다.",https://www.fss.or.kr/fss/bbs/B0000172/view.do?nttId=49732&menuNo=200202&viewType=&searchCnd=22&searchWrd=&pageIndex=1,https://www.fss.or.kr/fss/bbs/B0000172/list.do?menuNo=200202&bbsId=&cl1Cd=&cl2Cd=&cl3Cd=&pageIndex=1&paramDeptname=&viewType=&selectDeptname=&searchCnd=22&searchWrd=,83
어려운 금융용어 등을 쉽게 찾아볼 수 있는 사이트는 없나요?,"금융감독원은 금융소비자의 전문적인 금융용어에 대한 이해도를 제고하기 위해 관련 제도의 배경, 이슈 등을 종합적으로 반영해 작성한 ‘
금융용어사전
’을 오픈하였습니다.
‘금융용어사전’에는 핀테크 발달을 반영한 인터넷 전문은행, P2P(Peer to Peer) 대출, 로보어드바이저, 크라우드펀딩 등 전문 용어를 비롯한 533개 용어를 상세히 설명하고 있습니다.
금융감독원 홈페이지 및 ‘파인(FINE:fine.fss.or.kr)'의 금융용어사전’ 코너에서 찾아보실 수
있으며, 알고 싶은 용어명을 정확히 입력하지 않더라고 일부 단어만으로도 검색이 가능합니다.",https://www.fss.or.kr/fss/bbs/B0000172/view.do?nttId=49731&menuNo=200202&viewType=&searchCnd=22&searchWrd=&pageIndex=1,https://www.fss.or.kr/fss/bbs/B0000172/list.do?menuNo=200202&bbsId=&cl1Cd=&cl2Cd=&cl3Cd=&pageIndex=1&paramDeptname=&viewType=&selectDeptname=&searchCnd=22&searchWrd=,83
정기예금 및 적금 금리를 한눈에 비교해 볼 수 있는 곳은 없나요?,"금융감독원은 소비자의 금융상품 선택에 실질적인 도움이 될 수 있도록,
금융상품 통합 비교공시시스템 ‘금융상품한눈에’
를 오픈하였습니다.
예·적금, 대출 등 금융상품을 통합 비교공시하고 있으며,
실손보험, 자동차보험 등은 협회사이트(보험다모아)를 연결하여 제공하고 있습니다.
(다만 본 사이트의 금융상품 정보는 매월 20일 정기적으로 공시하고 있으며, 최신정보 제공을 위해 노력하고 있으나 금융상품의 금리 등 거래조건이 수시로 변경될 수 있으므로 거래전 반드시 해당 금융회사에 문의 후 구입을 결정하시기 바랍니다.)
* 홈페이지 주소 :
http://finlife.fss.or.kr",https://www.fss.or.kr/fss/bbs/B0000172/view.do?nttId=49730&menuNo=200202&viewType=&searchCnd=22&searchWrd=&pageIndex=1,https://www.fss.or.kr/fss/bbs/B0000172/list.do?menuNo=200202&bbsId=&cl1Cd=&cl2Cd=&cl3Cd=&pageIndex=1&paramDeptname=&viewType=&selectDeptname=&searchCnd=22&searchWrd=,83
「보이는 ARS」는 어떻게 이용할 수 있나요?,"금융감독원은
금감원 콜센터(☎1332)의 음성
ARS
안내
내용
을
스
마트폰
화면
을
통해
한 번에 확
인
할
수 있는
｢
보이는 1332｣ 서
비스
를
시
행중에 있습니다. 동 서비스 이용방법은 첨부파일을 참고하여 주시기 바랍니다.",https://www.fss.or.kr/fss/bbs/B0000172/view.do?nttId=49729&menuNo=200202&viewType=&searchCnd=22&searchWrd=&pageIndex=1,https://www.fss.or.kr/fss/bbs/B0000172/list.do?menuNo=200202&bbsId=&cl1Cd=&cl2Cd=&cl3Cd=&pageIndex=1&paramDeptname=&viewType=&selectDeptname=&searchCnd=22&searchWrd=,83
대차료 지급기준 참고(예시),"자동차보험 대차료 지급기준 개선
*
내용을 반영한 FAQ를 게시하오니 참고하시기 바랍니다.
* '22.9.29. 금융감독원 보도자료 ""현행 내연기관 중심의 자동차보험 대차료 지급기준을 친환경차 보급 확대 등 환경변화에 맞게 개선합니다
(
'22.10.11.부터 시행예정
)
""
참조",https://www.fss.or.kr/fss/bbs/B0000172/view.do?nttId=49737&menuNo=200202&viewType=&searchCnd=22&searchWrd=&pageIndex=1,https://www.fss.or.kr/fss/bbs/B0000172/list.do?menuNo=200202&bbsId=&cl1Cd=&cl2Cd=&cl3Cd=&pageIndex=1&paramDeptname=&viewType=&selectDeptname=&searchCnd=22&searchWrd=,84
소비자보호실태평가 결과는 어디서 확인할 수 있나요?,"소비자보호실태평가 결과는 금융감독원 홈페이지
(www.fss.or.kr
)
또는 개별 금융기관 및 협회 홈페이지
*
등을 통해 확인하실 수 있습니다.
※ 금융 권역별 협회 홈페이지 목록
은      행 : 전국은행연합회(www.kfb.or.kr)
생명보험 : 생명보험협회(www.klia.or.kr)
손해보험 : 손해보험협회(www.knia.or.kr)
카      드 : 여신금융협회(www.crefia.or.kr)
저축은행 : 저축은행중앙회(www.fsb.or.kr)
금융투자 : 금융투자협회(www.kofia.or.kr)",https://www.fss.or.kr/fss/bbs/B0000172/view.do?nttId=49736&menuNo=200202&viewType=&searchCnd=22&searchWrd=&pageIndex=1,https://www.fss.or.kr/fss/bbs/B0000172/list.do?menuNo=200202&bbsId=&cl1Cd=&cl2Cd=&cl3Cd=&pageIndex=1&paramDeptname=&viewType=&selectDeptname=&searchCnd=22&searchWrd=,84
소비자보호실태평가의 평가방법이 궁금합니다.,"「금융소비자보호 모범규준」에 명기된 소비자보호 사항의 이행여부 점검을 위해 계량 5개, 비계량 5개 등 총 10개 부문으로 구성하여 각 부문별로 평가하고 있습니다.
자세한 내용은 첨부파일을 참고해주시길 바랍니다.",https://www.fss.or.kr/fss/bbs/B0000172/view.do?nttId=49735&menuNo=200202&viewType=&searchCnd=22&searchWrd=&pageIndex=1,https://www.fss.or.kr/fss/bbs/B0000172/list.do?menuNo=200202&bbsId=&cl1Cd=&cl2Cd=&cl3Cd=&pageIndex=1&paramDeptname=&viewType=&selectDeptname=&searchCnd=22&searchWrd=,84
소비자보호실태평가는 어떤 제도인가요?,"금융감독원은 금융회사의 민원예방 노력 유도 등을 위해 2002년부터 「민원발생평가제도」를 운영
*
해왔습니다.
* 금감원이 처리한 민원건수를 기초로 금융회사를 1∼5등급으로 평가하고 대외에 공표(’14년은 81개사 평가)
그러나 민원건수 위주의 평가만으로는 금융회사의 소비자보호 수준을 평가하고, 금융회사의 자율적 개선노력을 유도하는데 한계가 있어 제도 개선의 필요성이 지속적으로 제기되어 왔습니다.
이에 따라 기존 민원발생평가제도를 대신하여 금융회사의 다양한 소비자보호 활동을 종합적으로 평가할 수 있는 「금융소비자보호 실태평가제도」를 도입·시행
('16.4월 시행)
하게 되었습니다.
소비자보호실태평가제도는
금융소비자에게는 거래 금융회사 선택에 필요한 유용한 정보를 제공하는 한편, 금융회사에게는 소비자보호 중심의 경영문화 확산을 유도하는데 중점을 두고 있습니다.",https://www.fss.or.kr/fss/bbs/B0000172/view.do?nttId=49734&menuNo=200202&viewType=&searchCnd=22&searchWrd=&pageIndex=1,https://www.fss.or.kr/fss/bbs/B0000172/list.do?menuNo=200202&bbsId=&cl1Cd=&cl2Cd=&cl3Cd=&pageIndex=1&paramDeptname=&viewType=&selectDeptname=&searchCnd=22&searchWrd=,84
금융감독원의 민원대상 금융회사가 궁금합니다.,"금융감독원은 은행, 금융투자업자, 보험회사, 여신전문금융회사, 상호저축은행 등 금융기관에 대한 민원을 처리하고 있습니다.
금융감독원의 민원대상 금융기관 조회방법은 다음과 같습니다.
1. 금융감독원 홈페이지 → e-금융민원센터 → 민원안내 → 금융민원신청 안내 → 유의사항
2.
http://www.fcsc.kr/D/fu_d_01_02.jsp
→  유의사항
참고로, 금융감독원의 민원대상 금융기관이 아닌 경우 타 부처 등으로 민원이 이송될 수 있음을 알려드립니다.",https://www.fss.or.kr/fss/bbs/B0000172/view.do?nttId=49733&menuNo=200202&viewType=&searchCnd=22&searchWrd=&pageIndex=1,https://www.fss.or.kr/fss/bbs/B0000172/list.do?menuNo=200202&bbsId=&cl1Cd=&cl2Cd=&cl3Cd=&pageIndex=1&paramDeptname=&viewType=&selectDeptname=&searchCnd=22&searchWrd=,84
내 금융계좌를 한번에 조회할 수 있는 사이트는 없나요?,"‘내 계좌 한눈에’ 서비스를 통하여 본인의 주요 금융계좌 정보를 한번에 조회할 수 있습니다!
금융소비자정보포털 ‘파인’(fine.fss.or.kr) 또는 ’내 계좌 한눈에‘ 홈페이지 (
www.accountinfo.or.kr)
를
통해 9시부터 22시까지 이용가능하며(연중무휴), 은행·상호금융
계좌, 보험 계약, 대부업체를 제외한 제도권 금융회사의 대출정보를 일괄조회 할 수 있습니다.",https://www.fss.or.kr/fss/bbs/B0000172/view.do?nttId=49732&menuNo=200202&viewType=&searchCnd=22&searchWrd=&pageIndex=1,https://www.fss.or.kr/fss/bbs/B0000172/list.do?menuNo=200202&bbsId=&cl1Cd=&cl2Cd=&cl3Cd=&pageIndex=1&paramDeptname=&viewType=&selectDeptname=&searchCnd=22&searchWrd=,84
어려운 금융용어 등을 쉽게 찾아볼 수 있는 사이트는 없나요?,"금융감독원은 금융소비자의 전문적인 금융용어에 대한 이해도를 제고하기 위해 관련 제도의 배경, 이슈 등을 종합적으로 반영해 작성한 ‘
금융용어사전
’을 오픈하였습니다.
‘금융용어사전’에는 핀테크 발달을 반영한 인터넷 전문은행, P2P(Peer to Peer) 대출, 로보어드바이저, 크라우드펀딩 등 전문 용어를 비롯한 533개 용어를 상세히 설명하고 있습니다.
금융감독원 홈페이지 및 ‘파인(FINE:fine.fss.or.kr)'의 금융용어사전’ 코너에서 찾아보실 수
있으며, 알고 싶은 용어명을 정확히 입력하지 않더라고 일부 단어만으로도 검색이 가능합니다.",https://www.fss.or.kr/fss/bbs/B0000172/view.do?nttId=49731&menuNo=200202&viewType=&searchCnd=22&searchWrd=&pageIndex=1,https://www.fss.or.kr/fss/bbs/B0000172/list.do?menuNo=200202&bbsId=&cl1Cd=&cl2Cd=&cl3Cd=&pageIndex=1&paramDeptname=&viewType=&selectDeptname=&searchCnd=22&searchWrd=,84
정기예금 및 적금 금리를 한눈에 비교해 볼 수 있는 곳은 없나요?,"금융감독원은 소비자의 금융상품 선택에 실질적인 도움이 될 수 있도록,
금융상품 통합 비교공시시스템 ‘금융상품한눈에’
를 오픈하였습니다.
예·적금, 대출 등 금융상품을 통합 비교공시하고 있으며,
실손보험, 자동차보험 등은 협회사이트(보험다모아)를 연결하여 제공하고 있습니다.
(다만 본 사이트의 금융상품 정보는 매월 20일 정기적으로 공시하고 있으며, 최신정보 제공을 위해 노력하고 있으나 금융상품의 금리 등 거래조건이 수시로 변경될 수 있으므로 거래전 반드시 해당 금융회사에 문의 후 구입을 결정하시기 바랍니다.)
* 홈페이지 주소 :
http://finlife.fss.or.kr",https://www.fss.or.kr/fss/bbs/B0000172/view.do?nttId=49730&menuNo=200202&viewType=&searchCnd=22&searchWrd=&pageIndex=1,https://www.fss.or.kr/fss/bbs/B0000172/list.do?menuNo=200202&bbsId=&cl1Cd=&cl2Cd=&cl3Cd=&pageIndex=1&paramDeptname=&viewType=&selectDeptname=&searchCnd=22&searchWrd=,84
「보이는 ARS」는 어떻게 이용할 수 있나요?,"금융감독원은
금감원 콜센터(☎1332)의 음성
ARS
안내
내용
을
스
마트폰
화면
을
통해
한 번에 확
인
할
수 있는
｢
보이는 1332｣ 서
비스
를
시
행중에 있습니다. 동 서비스 이용방법은 첨부파일을 참고하여 주시기 바랍니다.",https://www.fss.or.kr/fss/bbs/B0000172/view.do?nttId=49729&menuNo=200202&viewType=&searchCnd=22&searchWrd=&pageIndex=1,https://www.fss.or.kr/fss/bbs/B0000172/list.do?menuNo=200202&bbsId=&cl1Cd=&cl2Cd=&cl3Cd=&pageIndex=1&paramDeptname=&viewType=&selectDeptname=&searchCnd=22&searchWrd=,84
대차료 지급기준 참고(예시),"자동차보험 대차료 지급기준 개선
*
내용을 반영한 FAQ를 게시하오니 참고하시기 바랍니다.
* '22.9.29. 금융감독원 보도자료 ""현행 내연기관 중심의 자동차보험 대차료 지급기준을 친환경차 보급 확대 등 환경변화에 맞게 개선합니다
(
'22.10.11.부터 시행예정
)
""
참조",https://www.fss.or.kr/fss/bbs/B0000172/view.do?nttId=49737&menuNo=200202&viewType=&searchCnd=22&searchWrd=&pageIndex=1,https://www.fss.or.kr/fss/bbs/B0000172/list.do?menuNo=200202&bbsId=&cl1Cd=&cl2Cd=&cl3Cd=&pageIndex=1&paramDeptname=&viewType=&selectDeptname=&searchCnd=22&searchWrd=,85
소비자보호실태평가 결과는 어디서 확인할 수 있나요?,"소비자보호실태평가 결과는 금융감독원 홈페이지
(www.fss.or.kr
)
또는 개별 금융기관 및 협회 홈페이지
*
등을 통해 확인하실 수 있습니다.
※ 금융 권역별 협회 홈페이지 목록
은      행 : 전국은행연합회(www.kfb.or.kr)
생명보험 : 생명보험협회(www.klia.or.kr)
손해보험 : 손해보험협회(www.knia.or.kr)
카      드 : 여신금융협회(www.crefia.or.kr)
저축은행 : 저축은행중앙회(www.fsb.or.kr)
금융투자 : 금융투자협회(www.kofia.or.kr)",https://www.fss.or.kr/fss/bbs/B0000172/view.do?nttId=49736&menuNo=200202&viewType=&searchCnd=22&searchWrd=&pageIndex=1,https://www.fss.or.kr/fss/bbs/B0000172/list.do?menuNo=200202&bbsId=&cl1Cd=&cl2Cd=&cl3Cd=&pageIndex=1&paramDeptname=&viewType=&selectDeptname=&searchCnd=22&searchWrd=,85
소비자보호실태평가의 평가방법이 궁금합니다.,"「금융소비자보호 모범규준」에 명기된 소비자보호 사항의 이행여부 점검을 위해 계량 5개, 비계량 5개 등 총 10개 부문으로 구성하여 각 부문별로 평가하고 있습니다.
자세한 내용은 첨부파일을 참고해주시길 바랍니다.",https://www.fss.or.kr/fss/bbs/B0000172/view.do?nttId=49735&menuNo=200202&viewType=&searchCnd=22&searchWrd=&pageIndex=1,https://www.fss.or.kr/fss/bbs/B0000172/list.do?menuNo=200202&bbsId=&cl1Cd=&cl2Cd=&cl3Cd=&pageIndex=1&paramDeptname=&viewType=&selectDeptname=&searchCnd=22&searchWrd=,85
소비자보호실태평가는 어떤 제도인가요?,"금융감독원은 금융회사의 민원예방 노력 유도 등을 위해 2002년부터 「민원발생평가제도」를 운영
*
해왔습니다.
* 금감원이 처리한 민원건수를 기초로 금융회사를 1∼5등급으로 평가하고 대외에 공표(’14년은 81개사 평가)
그러나 민원건수 위주의 평가만으로는 금융회사의 소비자보호 수준을 평가하고, 금융회사의 자율적 개선노력을 유도하는데 한계가 있어 제도 개선의 필요성이 지속적으로 제기되어 왔습니다.
이에 따라 기존 민원발생평가제도를 대신하여 금융회사의 다양한 소비자보호 활동을 종합적으로 평가할 수 있는 「금융소비자보호 실태평가제도」를 도입·시행
('16.4월 시행)
하게 되었습니다.
소비자보호실태평가제도는
금융소비자에게는 거래 금융회사 선택에 필요한 유용한 정보를 제공하는 한편, 금융회사에게는 소비자보호 중심의 경영문화 확산을 유도하는데 중점을 두고 있습니다.",https://www.fss.or.kr/fss/bbs/B0000172/view.do?nttId=49734&menuNo=200202&viewType=&searchCnd=22&searchWrd=&pageIndex=1,https://www.fss.or.kr/fss/bbs/B0000172/list.do?menuNo=200202&bbsId=&cl1Cd=&cl2Cd=&cl3Cd=&pageIndex=1&paramDeptname=&viewType=&selectDeptname=&searchCnd=22&searchWrd=,85
금융감독원의 민원대상 금융회사가 궁금합니다.,"금융감독원은 은행, 금융투자업자, 보험회사, 여신전문금융회사, 상호저축은행 등 금융기관에 대한 민원을 처리하고 있습니다.
금융감독원의 민원대상 금융기관 조회방법은 다음과 같습니다.
1. 금융감독원 홈페이지 → e-금융민원센터 → 민원안내 → 금융민원신청 안내 → 유의사항
2.
http://www.fcsc.kr/D/fu_d_01_02.jsp
→  유의사항
참고로, 금융감독원의 민원대상 금융기관이 아닌 경우 타 부처 등으로 민원이 이송될 수 있음을 알려드립니다.",https://www.fss.or.kr/fss/bbs/B0000172/view.do?nttId=49733&menuNo=200202&viewType=&searchCnd=22&searchWrd=&pageIndex=1,https://www.fss.or.kr/fss/bbs/B0000172/list.do?menuNo=200202&bbsId=&cl1Cd=&cl2Cd=&cl3Cd=&pageIndex=1&paramDeptname=&viewType=&selectDeptname=&searchCnd=22&searchWrd=,85
내 금융계좌를 한번에 조회할 수 있는 사이트는 없나요?,"‘내 계좌 한눈에’ 서비스를 통하여 본인의 주요 금융계좌 정보를 한번에 조회할 수 있습니다!
금융소비자정보포털 ‘파인’(fine.fss.or.kr) 또는 ’내 계좌 한눈에‘ 홈페이지 (
www.accountinfo.or.kr)
를
통해 9시부터 22시까지 이용가능하며(연중무휴), 은행·상호금융
계좌, 보험 계약, 대부업체를 제외한 제도권 금융회사의 대출정보를 일괄조회 할 수 있습니다.",https://www.fss.or.kr/fss/bbs/B0000172/view.do?nttId=49732&menuNo=200202&viewType=&searchCnd=22&searchWrd=&pageIndex=1,https://www.fss.or.kr/fss/bbs/B0000172/list.do?menuNo=200202&bbsId=&cl1Cd=&cl2Cd=&cl3Cd=&pageIndex=1&paramDeptname=&viewType=&selectDeptname=&searchCnd=22&searchWrd=,85
어려운 금융용어 등을 쉽게 찾아볼 수 있는 사이트는 없나요?,"금융감독원은 금융소비자의 전문적인 금융용어에 대한 이해도를 제고하기 위해 관련 제도의 배경, 이슈 등을 종합적으로 반영해 작성한 ‘
금융용어사전
’을 오픈하였습니다.
‘금융용어사전’에는 핀테크 발달을 반영한 인터넷 전문은행, P2P(Peer to Peer) 대출, 로보어드바이저, 크라우드펀딩 등 전문 용어를 비롯한 533개 용어를 상세히 설명하고 있습니다.
금융감독원 홈페이지 및 ‘파인(FINE:fine.fss.or.kr)'의 금융용어사전’ 코너에서 찾아보실 수
있으며, 알고 싶은 용어명을 정확히 입력하지 않더라고 일부 단어만으로도 검색이 가능합니다.",https://www.fss.or.kr/fss/bbs/B0000172/view.do?nttId=49731&menuNo=200202&viewType=&searchCnd=22&searchWrd=&pageIndex=1,https://www.fss.or.kr/fss/bbs/B0000172/list.do?menuNo=200202&bbsId=&cl1Cd=&cl2Cd=&cl3Cd=&pageIndex=1&paramDeptname=&viewType=&selectDeptname=&searchCnd=22&searchWrd=,85
정기예금 및 적금 금리를 한눈에 비교해 볼 수 있는 곳은 없나요?,"금융감독원은 소비자의 금융상품 선택에 실질적인 도움이 될 수 있도록,
금융상품 통합 비교공시시스템 ‘금융상품한눈에’
를 오픈하였습니다.
예·적금, 대출 등 금융상품을 통합 비교공시하고 있으며,
실손보험, 자동차보험 등은 협회사이트(보험다모아)를 연결하여 제공하고 있습니다.
(다만 본 사이트의 금융상품 정보는 매월 20일 정기적으로 공시하고 있으며, 최신정보 제공을 위해 노력하고 있으나 금융상품의 금리 등 거래조건이 수시로 변경될 수 있으므로 거래전 반드시 해당 금융회사에 문의 후 구입을 결정하시기 바랍니다.)
* 홈페이지 주소 :
http://finlife.fss.or.kr",https://www.fss.or.kr/fss/bbs/B0000172/view.do?nttId=49730&menuNo=200202&viewType=&searchCnd=22&searchWrd=&pageIndex=1,https://www.fss.or.kr/fss/bbs/B0000172/list.do?menuNo=200202&bbsId=&cl1Cd=&cl2Cd=&cl3Cd=&pageIndex=1&paramDeptname=&viewType=&selectDeptname=&searchCnd=22&searchWrd=,85
「보이는 ARS」는 어떻게 이용할 수 있나요?,"금융감독원은
금감원 콜센터(☎1332)의 음성
ARS
안내
내용
을
스
마트폰
화면
을
통해
한 번에 확
인
할
수 있는
｢
보이는 1332｣ 서
비스
를
시
행중에 있습니다. 동 서비스 이용방법은 첨부파일을 참고하여 주시기 바랍니다.",https://www.fss.or.kr/fss/bbs/B0000172/view.do?nttId=49729&menuNo=200202&viewType=&searchCnd=22&searchWrd=&pageIndex=1,https://www.fss.or.kr/fss/bbs/B0000172/list.do?menuNo=200202&bbsId=&cl1Cd=&cl2Cd=&cl3Cd=&pageIndex=1&paramDeptname=&viewType=&selectDeptname=&searchCnd=22&searchWrd=,85
대차료 지급기준 참고(예시),"자동차보험 대차료 지급기준 개선
*
내용을 반영한 FAQ를 게시하오니 참고하시기 바랍니다.
* '22.9.29. 금융감독원 보도자료 ""현행 내연기관 중심의 자동차보험 대차료 지급기준을 친환경차 보급 확대 등 환경변화에 맞게 개선합니다
(
'22.10.11.부터 시행예정
)
""
참조",https://www.fss.or.kr/fss/bbs/B0000172/view.do?nttId=49737&menuNo=200202&viewType=&searchCnd=22&searchWrd=&pageIndex=1,https://www.fss.or.kr/fss/bbs/B0000172/list.do?menuNo=200202&bbsId=&cl1Cd=&cl2Cd=&cl3Cd=&pageIndex=1&paramDeptname=&viewType=&selectDeptname=&searchCnd=22&searchWrd=,86
소비자보호실태평가 결과는 어디서 확인할 수 있나요?,"소비자보호실태평가 결과는 금융감독원 홈페이지
(www.fss.or.kr
)
또는 개별 금융기관 및 협회 홈페이지
*
등을 통해 확인하실 수 있습니다.
※ 금융 권역별 협회 홈페이지 목록
은      행 : 전국은행연합회(www.kfb.or.kr)
생명보험 : 생명보험협회(www.klia.or.kr)
손해보험 : 손해보험협회(www.knia.or.kr)
카      드 : 여신금융협회(www.crefia.or.kr)
저축은행 : 저축은행중앙회(www.fsb.or.kr)
금융투자 : 금융투자협회(www.kofia.or.kr)",https://www.fss.or.kr/fss/bbs/B0000172/view.do?nttId=49736&menuNo=200202&viewType=&searchCnd=22&searchWrd=&pageIndex=1,https://www.fss.or.kr/fss/bbs/B0000172/list.do?menuNo=200202&bbsId=&cl1Cd=&cl2Cd=&cl3Cd=&pageIndex=1&paramDeptname=&viewType=&selectDeptname=&searchCnd=22&searchWrd=,86
소비자보호실태평가의 평가방법이 궁금합니다.,"「금융소비자보호 모범규준」에 명기된 소비자보호 사항의 이행여부 점검을 위해 계량 5개, 비계량 5개 등 총 10개 부문으로 구성하여 각 부문별로 평가하고 있습니다.
자세한 내용은 첨부파일을 참고해주시길 바랍니다.",https://www.fss.or.kr/fss/bbs/B0000172/view.do?nttId=49735&menuNo=200202&viewType=&searchCnd=22&searchWrd=&pageIndex=1,https://www.fss.or.kr/fss/bbs/B0000172/list.do?menuNo=200202&bbsId=&cl1Cd=&cl2Cd=&cl3Cd=&pageIndex=1&paramDeptname=&viewType=&selectDeptname=&searchCnd=22&searchWrd=,86
소비자보호실태평가는 어떤 제도인가요?,"금융감독원은 금융회사의 민원예방 노력 유도 등을 위해 2002년부터 「민원발생평가제도」를 운영
*
해왔습니다.
* 금감원이 처리한 민원건수를 기초로 금융회사를 1∼5등급으로 평가하고 대외에 공표(’14년은 81개사 평가)
그러나 민원건수 위주의 평가만으로는 금융회사의 소비자보호 수준을 평가하고, 금융회사의 자율적 개선노력을 유도하는데 한계가 있어 제도 개선의 필요성이 지속적으로 제기되어 왔습니다.
이에 따라 기존 민원발생평가제도를 대신하여 금융회사의 다양한 소비자보호 활동을 종합적으로 평가할 수 있는 「금융소비자보호 실태평가제도」를 도입·시행
('16.4월 시행)
하게 되었습니다.
소비자보호실태평가제도는
금융소비자에게는 거래 금융회사 선택에 필요한 유용한 정보를 제공하는 한편, 금융회사에게는 소비자보호 중심의 경영문화 확산을 유도하는데 중점을 두고 있습니다.",https://www.fss.or.kr/fss/bbs/B0000172/view.do?nttId=49734&menuNo=200202&viewType=&searchCnd=22&searchWrd=&pageIndex=1,https://www.fss.or.kr/fss/bbs/B0000172/list.do?menuNo=200202&bbsId=&cl1Cd=&cl2Cd=&cl3Cd=&pageIndex=1&paramDeptname=&viewType=&selectDeptname=&searchCnd=22&searchWrd=,86
금융감독원의 민원대상 금융회사가 궁금합니다.,"금융감독원은 은행, 금융투자업자, 보험회사, 여신전문금융회사, 상호저축은행 등 금융기관에 대한 민원을 처리하고 있습니다.
금융감독원의 민원대상 금융기관 조회방법은 다음과 같습니다.
1. 금융감독원 홈페이지 → e-금융민원센터 → 민원안내 → 금융민원신청 안내 → 유의사항
2.
http://www.fcsc.kr/D/fu_d_01_02.jsp
→  유의사항
참고로, 금융감독원의 민원대상 금융기관이 아닌 경우 타 부처 등으로 민원이 이송될 수 있음을 알려드립니다.",https://www.fss.or.kr/fss/bbs/B0000172/view.do?nttId=49733&menuNo=200202&viewType=&searchCnd=22&searchWrd=&pageIndex=1,https://www.fss.or.kr/fss/bbs/B0000172/list.do?menuNo=200202&bbsId=&cl1Cd=&cl2Cd=&cl3Cd=&pageIndex=1&paramDeptname=&viewType=&selectDeptname=&searchCnd=22&searchWrd=,86
내 금융계좌를 한번에 조회할 수 있는 사이트는 없나요?,"‘내 계좌 한눈에’ 서비스를 통하여 본인의 주요 금융계좌 정보를 한번에 조회할 수 있습니다!
금융소비자정보포털 ‘파인’(fine.fss.or.kr) 또는 ’내 계좌 한눈에‘ 홈페이지 (
www.accountinfo.or.kr)
를
통해 9시부터 22시까지 이용가능하며(연중무휴), 은행·상호금융
계좌, 보험 계약, 대부업체를 제외한 제도권 금융회사의 대출정보를 일괄조회 할 수 있습니다.",https://www.fss.or.kr/fss/bbs/B0000172/view.do?nttId=49732&menuNo=200202&viewType=&searchCnd=22&searchWrd=&pageIndex=1,https://www.fss.or.kr/fss/bbs/B0000172/list.do?menuNo=200202&bbsId=&cl1Cd=&cl2Cd=&cl3Cd=&pageIndex=1&paramDeptname=&viewType=&selectDeptname=&searchCnd=22&searchWrd=,86
어려운 금융용어 등을 쉽게 찾아볼 수 있는 사이트는 없나요?,"금융감독원은 금융소비자의 전문적인 금융용어에 대한 이해도를 제고하기 위해 관련 제도의 배경, 이슈 등을 종합적으로 반영해 작성한 ‘
금융용어사전
’을 오픈하였습니다.
‘금융용어사전’에는 핀테크 발달을 반영한 인터넷 전문은행, P2P(Peer to Peer) 대출, 로보어드바이저, 크라우드펀딩 등 전문 용어를 비롯한 533개 용어를 상세히 설명하고 있습니다.
금융감독원 홈페이지 및 ‘파인(FINE:fine.fss.or.kr)'의 금융용어사전’ 코너에서 찾아보실 수
있으며, 알고 싶은 용어명을 정확히 입력하지 않더라고 일부 단어만으로도 검색이 가능합니다.",https://www.fss.or.kr/fss/bbs/B0000172/view.do?nttId=49731&menuNo=200202&viewType=&searchCnd=22&searchWrd=&pageIndex=1,https://www.fss.or.kr/fss/bbs/B0000172/list.do?menuNo=200202&bbsId=&cl1Cd=&cl2Cd=&cl3Cd=&pageIndex=1&paramDeptname=&viewType=&selectDeptname=&searchCnd=22&searchWrd=,86
정기예금 및 적금 금리를 한눈에 비교해 볼 수 있는 곳은 없나요?,"금융감독원은 소비자의 금융상품 선택에 실질적인 도움이 될 수 있도록,
금융상품 통합 비교공시시스템 ‘금융상품한눈에’
를 오픈하였습니다.
예·적금, 대출 등 금융상품을 통합 비교공시하고 있으며,
실손보험, 자동차보험 등은 협회사이트(보험다모아)를 연결하여 제공하고 있습니다.
(다만 본 사이트의 금융상품 정보는 매월 20일 정기적으로 공시하고 있으며, 최신정보 제공을 위해 노력하고 있으나 금융상품의 금리 등 거래조건이 수시로 변경될 수 있으므로 거래전 반드시 해당 금융회사에 문의 후 구입을 결정하시기 바랍니다.)
* 홈페이지 주소 :
http://finlife.fss.or.kr",https://www.fss.or.kr/fss/bbs/B0000172/view.do?nttId=49730&menuNo=200202&viewType=&searchCnd=22&searchWrd=&pageIndex=1,https://www.fss.or.kr/fss/bbs/B0000172/list.do?menuNo=200202&bbsId=&cl1Cd=&cl2Cd=&cl3Cd=&pageIndex=1&paramDeptname=&viewType=&selectDeptname=&searchCnd=22&searchWrd=,86
「보이는 ARS」는 어떻게 이용할 수 있나요?,"금융감독원은
금감원 콜센터(☎1332)의 음성
ARS
안내
내용
을
스
마트폰
화면
을
통해
한 번에 확
인
할
수 있는
｢
보이는 1332｣ 서
비스
를
시
행중에 있습니다. 동 서비스 이용방법은 첨부파일을 참고하여 주시기 바랍니다.",https://www.fss.or.kr/fss/bbs/B0000172/view.do?nttId=49729&menuNo=200202&viewType=&searchCnd=22&searchWrd=&pageIndex=1,https://www.fss.or.kr/fss/bbs/B0000172/list.do?menuNo=200202&bbsId=&cl1Cd=&cl2Cd=&cl3Cd=&pageIndex=1&paramDeptname=&viewType=&selectDeptname=&searchCnd=22&searchWrd=,86
대차료 지급기준 참고(예시),"자동차보험 대차료 지급기준 개선
*
내용을 반영한 FAQ를 게시하오니 참고하시기 바랍니다.
* '22.9.29. 금융감독원 보도자료 ""현행 내연기관 중심의 자동차보험 대차료 지급기준을 친환경차 보급 확대 등 환경변화에 맞게 개선합니다
(
'22.10.11.부터 시행예정
)
""
참조",https://www.fss.or.kr/fss/bbs/B0000172/view.do?nttId=49737&menuNo=200202&viewType=&searchCnd=22&searchWrd=&pageIndex=1,https://www.fss.or.kr/fss/bbs/B0000172/list.do?menuNo=200202&bbsId=&cl1Cd=&cl2Cd=&cl3Cd=&pageIndex=1&paramDeptname=&viewType=&selectDeptname=&searchCnd=22&searchWrd=,87
소비자보호실태평가 결과는 어디서 확인할 수 있나요?,"소비자보호실태평가 결과는 금융감독원 홈페이지
(www.fss.or.kr
)
또는 개별 금융기관 및 협회 홈페이지
*
등을 통해 확인하실 수 있습니다.
※ 금융 권역별 협회 홈페이지 목록
은      행 : 전국은행연합회(www.kfb.or.kr)
생명보험 : 생명보험협회(www.klia.or.kr)
손해보험 : 손해보험협회(www.knia.or.kr)
카      드 : 여신금융협회(www.crefia.or.kr)
저축은행 : 저축은행중앙회(www.fsb.or.kr)
금융투자 : 금융투자협회(www.kofia.or.kr)",https://www.fss.or.kr/fss/bbs/B0000172/view.do?nttId=49736&menuNo=200202&viewType=&searchCnd=22&searchWrd=&pageIndex=1,https://www.fss.or.kr/fss/bbs/B0000172/list.do?menuNo=200202&bbsId=&cl1Cd=&cl2Cd=&cl3Cd=&pageIndex=1&paramDeptname=&viewType=&selectDeptname=&searchCnd=22&searchWrd=,87
소비자보호실태평가의 평가방법이 궁금합니다.,"「금융소비자보호 모범규준」에 명기된 소비자보호 사항의 이행여부 점검을 위해 계량 5개, 비계량 5개 등 총 10개 부문으로 구성하여 각 부문별로 평가하고 있습니다.
자세한 내용은 첨부파일을 참고해주시길 바랍니다.",https://www.fss.or.kr/fss/bbs/B0000172/view.do?nttId=49735&menuNo=200202&viewType=&searchCnd=22&searchWrd=&pageIndex=1,https://www.fss.or.kr/fss/bbs/B0000172/list.do?menuNo=200202&bbsId=&cl1Cd=&cl2Cd=&cl3Cd=&pageIndex=1&paramDeptname=&viewType=&selectDeptname=&searchCnd=22&searchWrd=,87
소비자보호실태평가는 어떤 제도인가요?,"금융감독원은 금융회사의 민원예방 노력 유도 등을 위해 2002년부터 「민원발생평가제도」를 운영
*
해왔습니다.
* 금감원이 처리한 민원건수를 기초로 금융회사를 1∼5등급으로 평가하고 대외에 공표(’14년은 81개사 평가)
그러나 민원건수 위주의 평가만으로는 금융회사의 소비자보호 수준을 평가하고, 금융회사의 자율적 개선노력을 유도하는데 한계가 있어 제도 개선의 필요성이 지속적으로 제기되어 왔습니다.
이에 따라 기존 민원발생평가제도를 대신하여 금융회사의 다양한 소비자보호 활동을 종합적으로 평가할 수 있는 「금융소비자보호 실태평가제도」를 도입·시행
('16.4월 시행)
하게 되었습니다.
소비자보호실태평가제도는
금융소비자에게는 거래 금융회사 선택에 필요한 유용한 정보를 제공하는 한편, 금융회사에게는 소비자보호 중심의 경영문화 확산을 유도하는데 중점을 두고 있습니다.",https://www.fss.or.kr/fss/bbs/B0000172/view.do?nttId=49734&menuNo=200202&viewType=&searchCnd=22&searchWrd=&pageIndex=1,https://www.fss.or.kr/fss/bbs/B0000172/list.do?menuNo=200202&bbsId=&cl1Cd=&cl2Cd=&cl3Cd=&pageIndex=1&paramDeptname=&viewType=&selectDeptname=&searchCnd=22&searchWrd=,87
금융감독원의 민원대상 금융회사가 궁금합니다.,"금융감독원은 은행, 금융투자업자, 보험회사, 여신전문금융회사, 상호저축은행 등 금융기관에 대한 민원을 처리하고 있습니다.
금융감독원의 민원대상 금융기관 조회방법은 다음과 같습니다.
1. 금융감독원 홈페이지 → e-금융민원센터 → 민원안내 → 금융민원신청 안내 → 유의사항
2.
http://www.fcsc.kr/D/fu_d_01_02.jsp
→  유의사항
참고로, 금융감독원의 민원대상 금융기관이 아닌 경우 타 부처 등으로 민원이 이송될 수 있음을 알려드립니다.",https://www.fss.or.kr/fss/bbs/B0000172/view.do?nttId=49733&menuNo=200202&viewType=&searchCnd=22&searchWrd=&pageIndex=1,https://www.fss.or.kr/fss/bbs/B0000172/list.do?menuNo=200202&bbsId=&cl1Cd=&cl2Cd=&cl3Cd=&pageIndex=1&paramDeptname=&viewType=&selectDeptname=&searchCnd=22&searchWrd=,87
내 금융계좌를 한번에 조회할 수 있는 사이트는 없나요?,"‘내 계좌 한눈에’ 서비스를 통하여 본인의 주요 금융계좌 정보를 한번에 조회할 수 있습니다!
금융소비자정보포털 ‘파인’(fine.fss.or.kr) 또는 ’내 계좌 한눈에‘ 홈페이지 (
www.accountinfo.or.kr)
를
통해 9시부터 22시까지 이용가능하며(연중무휴), 은행·상호금융
계좌, 보험 계약, 대부업체를 제외한 제도권 금융회사의 대출정보를 일괄조회 할 수 있습니다.",https://www.fss.or.kr/fss/bbs/B0000172/view.do?nttId=49732&menuNo=200202&viewType=&searchCnd=22&searchWrd=&pageIndex=1,https://www.fss.or.kr/fss/bbs/B0000172/list.do?menuNo=200202&bbsId=&cl1Cd=&cl2Cd=&cl3Cd=&pageIndex=1&paramDeptname=&viewType=&selectDeptname=&searchCnd=22&searchWrd=,87
어려운 금융용어 등을 쉽게 찾아볼 수 있는 사이트는 없나요?,"금융감독원은 금융소비자의 전문적인 금융용어에 대한 이해도를 제고하기 위해 관련 제도의 배경, 이슈 등을 종합적으로 반영해 작성한 ‘
금융용어사전
’을 오픈하였습니다.
‘금융용어사전’에는 핀테크 발달을 반영한 인터넷 전문은행, P2P(Peer to Peer) 대출, 로보어드바이저, 크라우드펀딩 등 전문 용어를 비롯한 533개 용어를 상세히 설명하고 있습니다.
금융감독원 홈페이지 및 ‘파인(FINE:fine.fss.or.kr)'의 금융용어사전’ 코너에서 찾아보실 수
있으며, 알고 싶은 용어명을 정확히 입력하지 않더라고 일부 단어만으로도 검색이 가능합니다.",https://www.fss.or.kr/fss/bbs/B0000172/view.do?nttId=49731&menuNo=200202&viewType=&searchCnd=22&searchWrd=&pageIndex=1,https://www.fss.or.kr/fss/bbs/B0000172/list.do?menuNo=200202&bbsId=&cl1Cd=&cl2Cd=&cl3Cd=&pageIndex=1&paramDeptname=&viewType=&selectDeptname=&searchCnd=22&searchWrd=,87
정기예금 및 적금 금리를 한눈에 비교해 볼 수 있는 곳은 없나요?,"금융감독원은 소비자의 금융상품 선택에 실질적인 도움이 될 수 있도록,
금융상품 통합 비교공시시스템 ‘금융상품한눈에’
를 오픈하였습니다.
예·적금, 대출 등 금융상품을 통합 비교공시하고 있으며,
실손보험, 자동차보험 등은 협회사이트(보험다모아)를 연결하여 제공하고 있습니다.
(다만 본 사이트의 금융상품 정보는 매월 20일 정기적으로 공시하고 있으며, 최신정보 제공을 위해 노력하고 있으나 금융상품의 금리 등 거래조건이 수시로 변경될 수 있으므로 거래전 반드시 해당 금융회사에 문의 후 구입을 결정하시기 바랍니다.)
* 홈페이지 주소 :
http://finlife.fss.or.kr",https://www.fss.or.kr/fss/bbs/B0000172/view.do?nttId=49730&menuNo=200202&viewType=&searchCnd=22&searchWrd=&pageIndex=1,https://www.fss.or.kr/fss/bbs/B0000172/list.do?menuNo=200202&bbsId=&cl1Cd=&cl2Cd=&cl3Cd=&pageIndex=1&paramDeptname=&viewType=&selectDeptname=&searchCnd=22&searchWrd=,87
「보이는 ARS」는 어떻게 이용할 수 있나요?,"금융감독원은
금감원 콜센터(☎1332)의 음성
ARS
안내
내용
을
스
마트폰
화면
을
통해
한 번에 확
인
할
수 있는
｢
보이는 1332｣ 서
비스
를
시
행중에 있습니다. 동 서비스 이용방법은 첨부파일을 참고하여 주시기 바랍니다.",https://www.fss.or.kr/fss/bbs/B0000172/view.do?nttId=49729&menuNo=200202&viewType=&searchCnd=22&searchWrd=&pageIndex=1,https://www.fss.or.kr/fss/bbs/B0000172/list.do?menuNo=200202&bbsId=&cl1Cd=&cl2Cd=&cl3Cd=&pageIndex=1&paramDeptname=&viewType=&selectDeptname=&searchCnd=22&searchWrd=,87
대차료 지급기준 참고(예시),"자동차보험 대차료 지급기준 개선
*
내용을 반영한 FAQ를 게시하오니 참고하시기 바랍니다.
* '22.9.29. 금융감독원 보도자료 ""현행 내연기관 중심의 자동차보험 대차료 지급기준을 친환경차 보급 확대 등 환경변화에 맞게 개선합니다
(
'22.10.11.부터 시행예정
)
""
참조",https://www.fss.or.kr/fss/bbs/B0000172/view.do?nttId=49737&menuNo=200202&viewType=&searchCnd=22&searchWrd=&pageIndex=1,https://www.fss.or.kr/fss/bbs/B0000172/list.do?menuNo=200202&bbsId=&cl1Cd=&cl2Cd=&cl3Cd=&pageIndex=1&paramDeptname=&viewType=&selectDeptname=&searchCnd=22&searchWrd=,88
소비자보호실태평가 결과는 어디서 확인할 수 있나요?,"소비자보호실태평가 결과는 금융감독원 홈페이지
(www.fss.or.kr
)
또는 개별 금융기관 및 협회 홈페이지
*
등을 통해 확인하실 수 있습니다.
※ 금융 권역별 협회 홈페이지 목록
은      행 : 전국은행연합회(www.kfb.or.kr)
생명보험 : 생명보험협회(www.klia.or.kr)
손해보험 : 손해보험협회(www.knia.or.kr)
카      드 : 여신금융협회(www.crefia.or.kr)
저축은행 : 저축은행중앙회(www.fsb.or.kr)
금융투자 : 금융투자협회(www.kofia.or.kr)",https://www.fss.or.kr/fss/bbs/B0000172/view.do?nttId=49736&menuNo=200202&viewType=&searchCnd=22&searchWrd=&pageIndex=1,https://www.fss.or.kr/fss/bbs/B0000172/list.do?menuNo=200202&bbsId=&cl1Cd=&cl2Cd=&cl3Cd=&pageIndex=1&paramDeptname=&viewType=&selectDeptname=&searchCnd=22&searchWrd=,88
소비자보호실태평가의 평가방법이 궁금합니다.,"「금융소비자보호 모범규준」에 명기된 소비자보호 사항의 이행여부 점검을 위해 계량 5개, 비계량 5개 등 총 10개 부문으로 구성하여 각 부문별로 평가하고 있습니다.
자세한 내용은 첨부파일을 참고해주시길 바랍니다.",https://www.fss.or.kr/fss/bbs/B0000172/view.do?nttId=49735&menuNo=200202&viewType=&searchCnd=22&searchWrd=&pageIndex=1,https://www.fss.or.kr/fss/bbs/B0000172/list.do?menuNo=200202&bbsId=&cl1Cd=&cl2Cd=&cl3Cd=&pageIndex=1&paramDeptname=&viewType=&selectDeptname=&searchCnd=22&searchWrd=,88
소비자보호실태평가는 어떤 제도인가요?,"금융감독원은 금융회사의 민원예방 노력 유도 등을 위해 2002년부터 「민원발생평가제도」를 운영
*
해왔습니다.
* 금감원이 처리한 민원건수를 기초로 금융회사를 1∼5등급으로 평가하고 대외에 공표(’14년은 81개사 평가)
그러나 민원건수 위주의 평가만으로는 금융회사의 소비자보호 수준을 평가하고, 금융회사의 자율적 개선노력을 유도하는데 한계가 있어 제도 개선의 필요성이 지속적으로 제기되어 왔습니다.
이에 따라 기존 민원발생평가제도를 대신하여 금융회사의 다양한 소비자보호 활동을 종합적으로 평가할 수 있는 「금융소비자보호 실태평가제도」를 도입·시행
('16.4월 시행)
하게 되었습니다.
소비자보호실태평가제도는
금융소비자에게는 거래 금융회사 선택에 필요한 유용한 정보를 제공하는 한편, 금융회사에게는 소비자보호 중심의 경영문화 확산을 유도하는데 중점을 두고 있습니다.",https://www.fss.or.kr/fss/bbs/B0000172/view.do?nttId=49734&menuNo=200202&viewType=&searchCnd=22&searchWrd=&pageIndex=1,https://www.fss.or.kr/fss/bbs/B0000172/list.do?menuNo=200202&bbsId=&cl1Cd=&cl2Cd=&cl3Cd=&pageIndex=1&paramDeptname=&viewType=&selectDeptname=&searchCnd=22&searchWrd=,88
금융감독원의 민원대상 금융회사가 궁금합니다.,"금융감독원은 은행, 금융투자업자, 보험회사, 여신전문금융회사, 상호저축은행 등 금융기관에 대한 민원을 처리하고 있습니다.
금융감독원의 민원대상 금융기관 조회방법은 다음과 같습니다.
1. 금융감독원 홈페이지 → e-금융민원센터 → 민원안내 → 금융민원신청 안내 → 유의사항
2.
http://www.fcsc.kr/D/fu_d_01_02.jsp
→  유의사항
참고로, 금융감독원의 민원대상 금융기관이 아닌 경우 타 부처 등으로 민원이 이송될 수 있음을 알려드립니다.",https://www.fss.or.kr/fss/bbs/B0000172/view.do?nttId=49733&menuNo=200202&viewType=&searchCnd=22&searchWrd=&pageIndex=1,https://www.fss.or.kr/fss/bbs/B0000172/list.do?menuNo=200202&bbsId=&cl1Cd=&cl2Cd=&cl3Cd=&pageIndex=1&paramDeptname=&viewType=&selectDeptname=&searchCnd=22&searchWrd=,88
내 금융계좌를 한번에 조회할 수 있는 사이트는 없나요?,"‘내 계좌 한눈에’ 서비스를 통하여 본인의 주요 금융계좌 정보를 한번에 조회할 수 있습니다!
금융소비자정보포털 ‘파인’(fine.fss.or.kr) 또는 ’내 계좌 한눈에‘ 홈페이지 (
www.accountinfo.or.kr)
를
통해 9시부터 22시까지 이용가능하며(연중무휴), 은행·상호금융
계좌, 보험 계약, 대부업체를 제외한 제도권 금융회사의 대출정보를 일괄조회 할 수 있습니다.",https://www.fss.or.kr/fss/bbs/B0000172/view.do?nttId=49732&menuNo=200202&viewType=&searchCnd=22&searchWrd=&pageIndex=1,https://www.fss.or.kr/fss/bbs/B0000172/list.do?menuNo=200202&bbsId=&cl1Cd=&cl2Cd=&cl3Cd=&pageIndex=1&paramDeptname=&viewType=&selectDeptname=&searchCnd=22&searchWrd=,88
어려운 금융용어 등을 쉽게 찾아볼 수 있는 사이트는 없나요?,"금융감독원은 금융소비자의 전문적인 금융용어에 대한 이해도를 제고하기 위해 관련 제도의 배경, 이슈 등을 종합적으로 반영해 작성한 ‘
금융용어사전
’을 오픈하였습니다.
‘금융용어사전’에는 핀테크 발달을 반영한 인터넷 전문은행, P2P(Peer to Peer) 대출, 로보어드바이저, 크라우드펀딩 등 전문 용어를 비롯한 533개 용어를 상세히 설명하고 있습니다.
금융감독원 홈페이지 및 ‘파인(FINE:fine.fss.or.kr)'의 금융용어사전’ 코너에서 찾아보실 수
있으며, 알고 싶은 용어명을 정확히 입력하지 않더라고 일부 단어만으로도 검색이 가능합니다.",https://www.fss.or.kr/fss/bbs/B0000172/view.do?nttId=49731&menuNo=200202&viewType=&searchCnd=22&searchWrd=&pageIndex=1,https://www.fss.or.kr/fss/bbs/B0000172/list.do?menuNo=200202&bbsId=&cl1Cd=&cl2Cd=&cl3Cd=&pageIndex=1&paramDeptname=&viewType=&selectDeptname=&searchCnd=22&searchWrd=,88
정기예금 및 적금 금리를 한눈에 비교해 볼 수 있는 곳은 없나요?,"금융감독원은 소비자의 금융상품 선택에 실질적인 도움이 될 수 있도록,
금융상품 통합 비교공시시스템 ‘금융상품한눈에’
를 오픈하였습니다.
예·적금, 대출 등 금융상품을 통합 비교공시하고 있으며,
실손보험, 자동차보험 등은 협회사이트(보험다모아)를 연결하여 제공하고 있습니다.
(다만 본 사이트의 금융상품 정보는 매월 20일 정기적으로 공시하고 있으며, 최신정보 제공을 위해 노력하고 있으나 금융상품의 금리 등 거래조건이 수시로 변경될 수 있으므로 거래전 반드시 해당 금융회사에 문의 후 구입을 결정하시기 바랍니다.)
* 홈페이지 주소 :
http://finlife.fss.or.kr",https://www.fss.or.kr/fss/bbs/B0000172/view.do?nttId=49730&menuNo=200202&viewType=&searchCnd=22&searchWrd=&pageIndex=1,https://www.fss.or.kr/fss/bbs/B0000172/list.do?menuNo=200202&bbsId=&cl1Cd=&cl2Cd=&cl3Cd=&pageIndex=1&paramDeptname=&viewType=&selectDeptname=&searchCnd=22&searchWrd=,88
「보이는 ARS」는 어떻게 이용할 수 있나요?,"금융감독원은
금감원 콜센터(☎1332)의 음성
ARS
안내
내용
을
스
마트폰
화면
을
통해
한 번에 확
인
할
수 있는
｢
보이는 1332｣ 서
비스
를
시
행중에 있습니다. 동 서비스 이용방법은 첨부파일을 참고하여 주시기 바랍니다.",https://www.fss.or.kr/fss/bbs/B0000172/view.do?nttId=49729&menuNo=200202&viewType=&searchCnd=22&searchWrd=&pageIndex=1,https://www.fss.or.kr/fss/bbs/B0000172/list.do?menuNo=200202&bbsId=&cl1Cd=&cl2Cd=&cl3Cd=&pageIndex=1&paramDeptname=&viewType=&selectDeptname=&searchCnd=22&searchWrd=,88
대차료 지급기준 참고(예시),"자동차보험 대차료 지급기준 개선
*
내용을 반영한 FAQ를 게시하오니 참고하시기 바랍니다.
* '22.9.29. 금융감독원 보도자료 ""현행 내연기관 중심의 자동차보험 대차료 지급기준을 친환경차 보급 확대 등 환경변화에 맞게 개선합니다
(
'22.10.11.부터 시행예정
)
""
참조",https://www.fss.or.kr/fss/bbs/B0000172/view.do?nttId=49737&menuNo=200202&viewType=&searchCnd=22&searchWrd=&pageIndex=1,https://www.fss.or.kr/fss/bbs/B0000172/list.do?menuNo=200202&bbsId=&cl1Cd=&cl2Cd=&cl3Cd=&pageIndex=1&paramDeptname=&viewType=&selectDeptname=&searchCnd=22&searchWrd=,89
소비자보호실태평가 결과는 어디서 확인할 수 있나요?,"소비자보호실태평가 결과는 금융감독원 홈페이지
(www.fss.or.kr
)
또는 개별 금융기관 및 협회 홈페이지
*
등을 통해 확인하실 수 있습니다.
※ 금융 권역별 협회 홈페이지 목록
은      행 : 전국은행연합회(www.kfb.or.kr)
생명보험 : 생명보험협회(www.klia.or.kr)
손해보험 : 손해보험협회(www.knia.or.kr)
카      드 : 여신금융협회(www.crefia.or.kr)
저축은행 : 저축은행중앙회(www.fsb.or.kr)
금융투자 : 금융투자협회(www.kofia.or.kr)",https://www.fss.or.kr/fss/bbs/B0000172/view.do?nttId=49736&menuNo=200202&viewType=&searchCnd=22&searchWrd=&pageIndex=1,https://www.fss.or.kr/fss/bbs/B0000172/list.do?menuNo=200202&bbsId=&cl1Cd=&cl2Cd=&cl3Cd=&pageIndex=1&paramDeptname=&viewType=&selectDeptname=&searchCnd=22&searchWrd=,89
소비자보호실태평가의 평가방법이 궁금합니다.,"「금융소비자보호 모범규준」에 명기된 소비자보호 사항의 이행여부 점검을 위해 계량 5개, 비계량 5개 등 총 10개 부문으로 구성하여 각 부문별로 평가하고 있습니다.
자세한 내용은 첨부파일을 참고해주시길 바랍니다.",https://www.fss.or.kr/fss/bbs/B0000172/view.do?nttId=49735&menuNo=200202&viewType=&searchCnd=22&searchWrd=&pageIndex=1,https://www.fss.or.kr/fss/bbs/B0000172/list.do?menuNo=200202&bbsId=&cl1Cd=&cl2Cd=&cl3Cd=&pageIndex=1&paramDeptname=&viewType=&selectDeptname=&searchCnd=22&searchWrd=,89
소비자보호실태평가는 어떤 제도인가요?,"금융감독원은 금융회사의 민원예방 노력 유도 등을 위해 2002년부터 「민원발생평가제도」를 운영
*
해왔습니다.
* 금감원이 처리한 민원건수를 기초로 금융회사를 1∼5등급으로 평가하고 대외에 공표(’14년은 81개사 평가)
그러나 민원건수 위주의 평가만으로는 금융회사의 소비자보호 수준을 평가하고, 금융회사의 자율적 개선노력을 유도하는데 한계가 있어 제도 개선의 필요성이 지속적으로 제기되어 왔습니다.
이에 따라 기존 민원발생평가제도를 대신하여 금융회사의 다양한 소비자보호 활동을 종합적으로 평가할 수 있는 「금융소비자보호 실태평가제도」를 도입·시행
('16.4월 시행)
하게 되었습니다.
소비자보호실태평가제도는
금융소비자에게는 거래 금융회사 선택에 필요한 유용한 정보를 제공하는 한편, 금융회사에게는 소비자보호 중심의 경영문화 확산을 유도하는데 중점을 두고 있습니다.",https://www.fss.or.kr/fss/bbs/B0000172/view.do?nttId=49734&menuNo=200202&viewType=&searchCnd=22&searchWrd=&pageIndex=1,https://www.fss.or.kr/fss/bbs/B0000172/list.do?menuNo=200202&bbsId=&cl1Cd=&cl2Cd=&cl3Cd=&pageIndex=1&paramDeptname=&viewType=&selectDeptname=&searchCnd=22&searchWrd=,89
금융감독원의 민원대상 금융회사가 궁금합니다.,"금융감독원은 은행, 금융투자업자, 보험회사, 여신전문금융회사, 상호저축은행 등 금융기관에 대한 민원을 처리하고 있습니다.
금융감독원의 민원대상 금융기관 조회방법은 다음과 같습니다.
1. 금융감독원 홈페이지 → e-금융민원센터 → 민원안내 → 금융민원신청 안내 → 유의사항
2.
http://www.fcsc.kr/D/fu_d_01_02.jsp
→  유의사항
참고로, 금융감독원의 민원대상 금융기관이 아닌 경우 타 부처 등으로 민원이 이송될 수 있음을 알려드립니다.",https://www.fss.or.kr/fss/bbs/B0000172/view.do?nttId=49733&menuNo=200202&viewType=&searchCnd=22&searchWrd=&pageIndex=1,https://www.fss.or.kr/fss/bbs/B0000172/list.do?menuNo=200202&bbsId=&cl1Cd=&cl2Cd=&cl3Cd=&pageIndex=1&paramDeptname=&viewType=&selectDeptname=&searchCnd=22&searchWrd=,89
내 금융계좌를 한번에 조회할 수 있는 사이트는 없나요?,"‘내 계좌 한눈에’ 서비스를 통하여 본인의 주요 금융계좌 정보를 한번에 조회할 수 있습니다!
금융소비자정보포털 ‘파인’(fine.fss.or.kr) 또는 ’내 계좌 한눈에‘ 홈페이지 (
www.accountinfo.or.kr)
를
통해 9시부터 22시까지 이용가능하며(연중무휴), 은행·상호금융
계좌, 보험 계약, 대부업체를 제외한 제도권 금융회사의 대출정보를 일괄조회 할 수 있습니다.",https://www.fss.or.kr/fss/bbs/B0000172/view.do?nttId=49732&menuNo=200202&viewType=&searchCnd=22&searchWrd=&pageIndex=1,https://www.fss.or.kr/fss/bbs/B0000172/list.do?menuNo=200202&bbsId=&cl1Cd=&cl2Cd=&cl3Cd=&pageIndex=1&paramDeptname=&viewType=&selectDeptname=&searchCnd=22&searchWrd=,89
어려운 금융용어 등을 쉽게 찾아볼 수 있는 사이트는 없나요?,"금융감독원은 금융소비자의 전문적인 금융용어에 대한 이해도를 제고하기 위해 관련 제도의 배경, 이슈 등을 종합적으로 반영해 작성한 ‘
금융용어사전
’을 오픈하였습니다.
‘금융용어사전’에는 핀테크 발달을 반영한 인터넷 전문은행, P2P(Peer to Peer) 대출, 로보어드바이저, 크라우드펀딩 등 전문 용어를 비롯한 533개 용어를 상세히 설명하고 있습니다.
금융감독원 홈페이지 및 ‘파인(FINE:fine.fss.or.kr)'의 금융용어사전’ 코너에서 찾아보실 수
있으며, 알고 싶은 용어명을 정확히 입력하지 않더라고 일부 단어만으로도 검색이 가능합니다.",https://www.fss.or.kr/fss/bbs/B0000172/view.do?nttId=49731&menuNo=200202&viewType=&searchCnd=22&searchWrd=&pageIndex=1,https://www.fss.or.kr/fss/bbs/B0000172/list.do?menuNo=200202&bbsId=&cl1Cd=&cl2Cd=&cl3Cd=&pageIndex=1&paramDeptname=&viewType=&selectDeptname=&searchCnd=22&searchWrd=,89
정기예금 및 적금 금리를 한눈에 비교해 볼 수 있는 곳은 없나요?,"금융감독원은 소비자의 금융상품 선택에 실질적인 도움이 될 수 있도록,
금융상품 통합 비교공시시스템 ‘금융상품한눈에’
를 오픈하였습니다.
예·적금, 대출 등 금융상품을 통합 비교공시하고 있으며,
실손보험, 자동차보험 등은 협회사이트(보험다모아)를 연결하여 제공하고 있습니다.
(다만 본 사이트의 금융상품 정보는 매월 20일 정기적으로 공시하고 있으며, 최신정보 제공을 위해 노력하고 있으나 금융상품의 금리 등 거래조건이 수시로 변경될 수 있으므로 거래전 반드시 해당 금융회사에 문의 후 구입을 결정하시기 바랍니다.)
* 홈페이지 주소 :
http://finlife.fss.or.kr",https://www.fss.or.kr/fss/bbs/B0000172/view.do?nttId=49730&menuNo=200202&viewType=&searchCnd=22&searchWrd=&pageIndex=1,https://www.fss.or.kr/fss/bbs/B0000172/list.do?menuNo=200202&bbsId=&cl1Cd=&cl2Cd=&cl3Cd=&pageIndex=1&paramDeptname=&viewType=&selectDeptname=&searchCnd=22&searchWrd=,89
「보이는 ARS」는 어떻게 이용할 수 있나요?,"금융감독원은
금감원 콜센터(☎1332)의 음성
ARS
안내
내용
을
스
마트폰
화면
을
통해
한 번에 확
인
할
수 있는
｢
보이는 1332｣ 서
비스
를
시
행중에 있습니다. 동 서비스 이용방법은 첨부파일을 참고하여 주시기 바랍니다.",https://www.fss.or.kr/fss/bbs/B0000172/view.do?nttId=49729&menuNo=200202&viewType=&searchCnd=22&searchWrd=&pageIndex=1,https://www.fss.or.kr/fss/bbs/B0000172/list.do?menuNo=200202&bbsId=&cl1Cd=&cl2Cd=&cl3Cd=&pageIndex=1&paramDeptname=&viewType=&selectDeptname=&searchCnd=22&searchWrd=,89
대차료 지급기준 참고(예시),"자동차보험 대차료 지급기준 개선
*
내용을 반영한 FAQ를 게시하오니 참고하시기 바랍니다.
* '22.9.29. 금융감독원 보도자료 ""현행 내연기관 중심의 자동차보험 대차료 지급기준을 친환경차 보급 확대 등 환경변화에 맞게 개선합니다
(
'22.10.11.부터 시행예정
)
""
참조",https://www.fss.or.kr/fss/bbs/B0000172/view.do?nttId=49737&menuNo=200202&viewType=&searchCnd=22&searchWrd=&pageIndex=1,https://www.fss.or.kr/fss/bbs/B0000172/list.do?menuNo=200202&bbsId=&cl1Cd=&cl2Cd=&cl3Cd=&pageIndex=1&paramDeptname=&viewType=&selectDeptname=&searchCnd=22&searchWrd=,90
소비자보호실태평가 결과는 어디서 확인할 수 있나요?,"소비자보호실태평가 결과는 금융감독원 홈페이지
(www.fss.or.kr
)
또는 개별 금융기관 및 협회 홈페이지
*
등을 통해 확인하실 수 있습니다.
※ 금융 권역별 협회 홈페이지 목록
은      행 : 전국은행연합회(www.kfb.or.kr)
생명보험 : 생명보험협회(www.klia.or.kr)
손해보험 : 손해보험협회(www.knia.or.kr)
카      드 : 여신금융협회(www.crefia.or.kr)
저축은행 : 저축은행중앙회(www.fsb.or.kr)
금융투자 : 금융투자협회(www.kofia.or.kr)",https://www.fss.or.kr/fss/bbs/B0000172/view.do?nttId=49736&menuNo=200202&viewType=&searchCnd=22&searchWrd=&pageIndex=1,https://www.fss.or.kr/fss/bbs/B0000172/list.do?menuNo=200202&bbsId=&cl1Cd=&cl2Cd=&cl3Cd=&pageIndex=1&paramDeptname=&viewType=&selectDeptname=&searchCnd=22&searchWrd=,90
소비자보호실태평가의 평가방법이 궁금합니다.,"「금융소비자보호 모범규준」에 명기된 소비자보호 사항의 이행여부 점검을 위해 계량 5개, 비계량 5개 등 총 10개 부문으로 구성하여 각 부문별로 평가하고 있습니다.
자세한 내용은 첨부파일을 참고해주시길 바랍니다.",https://www.fss.or.kr/fss/bbs/B0000172/view.do?nttId=49735&menuNo=200202&viewType=&searchCnd=22&searchWrd=&pageIndex=1,https://www.fss.or.kr/fss/bbs/B0000172/list.do?menuNo=200202&bbsId=&cl1Cd=&cl2Cd=&cl3Cd=&pageIndex=1&paramDeptname=&viewType=&selectDeptname=&searchCnd=22&searchWrd=,90
소비자보호실태평가는 어떤 제도인가요?,"금융감독원은 금융회사의 민원예방 노력 유도 등을 위해 2002년부터 「민원발생평가제도」를 운영
*
해왔습니다.
* 금감원이 처리한 민원건수를 기초로 금융회사를 1∼5등급으로 평가하고 대외에 공표(’14년은 81개사 평가)
그러나 민원건수 위주의 평가만으로는 금융회사의 소비자보호 수준을 평가하고, 금융회사의 자율적 개선노력을 유도하는데 한계가 있어 제도 개선의 필요성이 지속적으로 제기되어 왔습니다.
이에 따라 기존 민원발생평가제도를 대신하여 금융회사의 다양한 소비자보호 활동을 종합적으로 평가할 수 있는 「금융소비자보호 실태평가제도」를 도입·시행
('16.4월 시행)
하게 되었습니다.
소비자보호실태평가제도는
금융소비자에게는 거래 금융회사 선택에 필요한 유용한 정보를 제공하는 한편, 금융회사에게는 소비자보호 중심의 경영문화 확산을 유도하는데 중점을 두고 있습니다.",https://www.fss.or.kr/fss/bbs/B0000172/view.do?nttId=49734&menuNo=200202&viewType=&searchCnd=22&searchWrd=&pageIndex=1,https://www.fss.or.kr/fss/bbs/B0000172/list.do?menuNo=200202&bbsId=&cl1Cd=&cl2Cd=&cl3Cd=&pageIndex=1&paramDeptname=&viewType=&selectDeptname=&searchCnd=22&searchWrd=,90
금융감독원의 민원대상 금융회사가 궁금합니다.,"금융감독원은 은행, 금융투자업자, 보험회사, 여신전문금융회사, 상호저축은행 등 금융기관에 대한 민원을 처리하고 있습니다.
금융감독원의 민원대상 금융기관 조회방법은 다음과 같습니다.
1. 금융감독원 홈페이지 → e-금융민원센터 → 민원안내 → 금융민원신청 안내 → 유의사항
2.
http://www.fcsc.kr/D/fu_d_01_02.jsp
→  유의사항
참고로, 금융감독원의 민원대상 금융기관이 아닌 경우 타 부처 등으로 민원이 이송될 수 있음을 알려드립니다.",https://www.fss.or.kr/fss/bbs/B0000172/view.do?nttId=49733&menuNo=200202&viewType=&searchCnd=22&searchWrd=&pageIndex=1,https://www.fss.or.kr/fss/bbs/B0000172/list.do?menuNo=200202&bbsId=&cl1Cd=&cl2Cd=&cl3Cd=&pageIndex=1&paramDeptname=&viewType=&selectDeptname=&searchCnd=22&searchWrd=,90
내 금융계좌를 한번에 조회할 수 있는 사이트는 없나요?,"‘내 계좌 한눈에’ 서비스를 통하여 본인의 주요 금융계좌 정보를 한번에 조회할 수 있습니다!
금융소비자정보포털 ‘파인’(fine.fss.or.kr) 또는 ’내 계좌 한눈에‘ 홈페이지 (
www.accountinfo.or.kr)
를
통해 9시부터 22시까지 이용가능하며(연중무휴), 은행·상호금융
계좌, 보험 계약, 대부업체를 제외한 제도권 금융회사의 대출정보를 일괄조회 할 수 있습니다.",https://www.fss.or.kr/fss/bbs/B0000172/view.do?nttId=49732&menuNo=200202&viewType=&searchCnd=22&searchWrd=&pageIndex=1,https://www.fss.or.kr/fss/bbs/B0000172/list.do?menuNo=200202&bbsId=&cl1Cd=&cl2Cd=&cl3Cd=&pageIndex=1&paramDeptname=&viewType=&selectDeptname=&searchCnd=22&searchWrd=,90
어려운 금융용어 등을 쉽게 찾아볼 수 있는 사이트는 없나요?,"금융감독원은 금융소비자의 전문적인 금융용어에 대한 이해도를 제고하기 위해 관련 제도의 배경, 이슈 등을 종합적으로 반영해 작성한 ‘
금융용어사전
’을 오픈하였습니다.
‘금융용어사전’에는 핀테크 발달을 반영한 인터넷 전문은행, P2P(Peer to Peer) 대출, 로보어드바이저, 크라우드펀딩 등 전문 용어를 비롯한 533개 용어를 상세히 설명하고 있습니다.
금융감독원 홈페이지 및 ‘파인(FINE:fine.fss.or.kr)'의 금융용어사전’ 코너에서 찾아보실 수
있으며, 알고 싶은 용어명을 정확히 입력하지 않더라고 일부 단어만으로도 검색이 가능합니다.",https://www.fss.or.kr/fss/bbs/B0000172/view.do?nttId=49731&menuNo=200202&viewType=&searchCnd=22&searchWrd=&pageIndex=1,https://www.fss.or.kr/fss/bbs/B0000172/list.do?menuNo=200202&bbsId=&cl1Cd=&cl2Cd=&cl3Cd=&pageIndex=1&paramDeptname=&viewType=&selectDeptname=&searchCnd=22&searchWrd=,90
정기예금 및 적금 금리를 한눈에 비교해 볼 수 있는 곳은 없나요?,"금융감독원은 소비자의 금융상품 선택에 실질적인 도움이 될 수 있도록,
금융상품 통합 비교공시시스템 ‘금융상품한눈에’
를 오픈하였습니다.
예·적금, 대출 등 금융상품을 통합 비교공시하고 있으며,
실손보험, 자동차보험 등은 협회사이트(보험다모아)를 연결하여 제공하고 있습니다.
(다만 본 사이트의 금융상품 정보는 매월 20일 정기적으로 공시하고 있으며, 최신정보 제공을 위해 노력하고 있으나 금융상품의 금리 등 거래조건이 수시로 변경될 수 있으므로 거래전 반드시 해당 금융회사에 문의 후 구입을 결정하시기 바랍니다.)
* 홈페이지 주소 :
http://finlife.fss.or.kr",https://www.fss.or.kr/fss/bbs/B0000172/view.do?nttId=49730&menuNo=200202&viewType=&searchCnd=22&searchWrd=&pageIndex=1,https://www.fss.or.kr/fss/bbs/B0000172/list.do?menuNo=200202&bbsId=&cl1Cd=&cl2Cd=&cl3Cd=&pageIndex=1&paramDeptname=&viewType=&selectDeptname=&searchCnd=22&searchWrd=,90
「보이는 ARS」는 어떻게 이용할 수 있나요?,"금융감독원은
금감원 콜센터(☎1332)의 음성
ARS
안내
내용
을
스
마트폰
화면
을
통해
한 번에 확
인
할
수 있는
｢
보이는 1332｣ 서
비스
를
시
행중에 있습니다. 동 서비스 이용방법은 첨부파일을 참고하여 주시기 바랍니다.",https://www.fss.or.kr/fss/bbs/B0000172/view.do?nttId=49729&menuNo=200202&viewType=&searchCnd=22&searchWrd=&pageIndex=1,https://www.fss.or.kr/fss/bbs/B0000172/list.do?menuNo=200202&bbsId=&cl1Cd=&cl2Cd=&cl3Cd=&pageIndex=1&paramDeptname=&viewType=&selectDeptname=&searchCnd=22&searchWrd=,90
대차료 지급기준 참고(예시),"자동차보험 대차료 지급기준 개선
*
내용을 반영한 FAQ를 게시하오니 참고하시기 바랍니다.
* '22.9.29. 금융감독원 보도자료 ""현행 내연기관 중심의 자동차보험 대차료 지급기준을 친환경차 보급 확대 등 환경변화에 맞게 개선합니다
(
'22.10.11.부터 시행예정
)
""
참조",https://www.fss.or.kr/fss/bbs/B0000172/view.do?nttId=49737&menuNo=200202&viewType=&searchCnd=22&searchWrd=&pageIndex=1,https://www.fss.or.kr/fss/bbs/B0000172/list.do?menuNo=200202&bbsId=&cl1Cd=&cl2Cd=&cl3Cd=&pageIndex=1&paramDeptname=&viewType=&selectDeptname=&searchCnd=22&searchWrd=,91
소비자보호실태평가 결과는 어디서 확인할 수 있나요?,"소비자보호실태평가 결과는 금융감독원 홈페이지
(www.fss.or.kr
)
또는 개별 금융기관 및 협회 홈페이지
*
등을 통해 확인하실 수 있습니다.
※ 금융 권역별 협회 홈페이지 목록
은      행 : 전국은행연합회(www.kfb.or.kr)
생명보험 : 생명보험협회(www.klia.or.kr)
손해보험 : 손해보험협회(www.knia.or.kr)
카      드 : 여신금융협회(www.crefia.or.kr)
저축은행 : 저축은행중앙회(www.fsb.or.kr)
금융투자 : 금융투자협회(www.kofia.or.kr)",https://www.fss.or.kr/fss/bbs/B0000172/view.do?nttId=49736&menuNo=200202&viewType=&searchCnd=22&searchWrd=&pageIndex=1,https://www.fss.or.kr/fss/bbs/B0000172/list.do?menuNo=200202&bbsId=&cl1Cd=&cl2Cd=&cl3Cd=&pageIndex=1&paramDeptname=&viewType=&selectDeptname=&searchCnd=22&searchWrd=,91
소비자보호실태평가의 평가방법이 궁금합니다.,"「금융소비자보호 모범규준」에 명기된 소비자보호 사항의 이행여부 점검을 위해 계량 5개, 비계량 5개 등 총 10개 부문으로 구성하여 각 부문별로 평가하고 있습니다.
자세한 내용은 첨부파일을 참고해주시길 바랍니다.",https://www.fss.or.kr/fss/bbs/B0000172/view.do?nttId=49735&menuNo=200202&viewType=&searchCnd=22&searchWrd=&pageIndex=1,https://www.fss.or.kr/fss/bbs/B0000172/list.do?menuNo=200202&bbsId=&cl1Cd=&cl2Cd=&cl3Cd=&pageIndex=1&paramDeptname=&viewType=&selectDeptname=&searchCnd=22&searchWrd=,91
소비자보호실태평가는 어떤 제도인가요?,"금융감독원은 금융회사의 민원예방 노력 유도 등을 위해 2002년부터 「민원발생평가제도」를 운영
*
해왔습니다.
* 금감원이 처리한 민원건수를 기초로 금융회사를 1∼5등급으로 평가하고 대외에 공표(’14년은 81개사 평가)
그러나 민원건수 위주의 평가만으로는 금융회사의 소비자보호 수준을 평가하고, 금융회사의 자율적 개선노력을 유도하는데 한계가 있어 제도 개선의 필요성이 지속적으로 제기되어 왔습니다.
이에 따라 기존 민원발생평가제도를 대신하여 금융회사의 다양한 소비자보호 활동을 종합적으로 평가할 수 있는 「금융소비자보호 실태평가제도」를 도입·시행
('16.4월 시행)
하게 되었습니다.
소비자보호실태평가제도는
금융소비자에게는 거래 금융회사 선택에 필요한 유용한 정보를 제공하는 한편, 금융회사에게는 소비자보호 중심의 경영문화 확산을 유도하는데 중점을 두고 있습니다.",https://www.fss.or.kr/fss/bbs/B0000172/view.do?nttId=49734&menuNo=200202&viewType=&searchCnd=22&searchWrd=&pageIndex=1,https://www.fss.or.kr/fss/bbs/B0000172/list.do?menuNo=200202&bbsId=&cl1Cd=&cl2Cd=&cl3Cd=&pageIndex=1&paramDeptname=&viewType=&selectDeptname=&searchCnd=22&searchWrd=,91
금융감독원의 민원대상 금융회사가 궁금합니다.,"금융감독원은 은행, 금융투자업자, 보험회사, 여신전문금융회사, 상호저축은행 등 금융기관에 대한 민원을 처리하고 있습니다.
금융감독원의 민원대상 금융기관 조회방법은 다음과 같습니다.
1. 금융감독원 홈페이지 → e-금융민원센터 → 민원안내 → 금융민원신청 안내 → 유의사항
2.
http://www.fcsc.kr/D/fu_d_01_02.jsp
→  유의사항
참고로, 금융감독원의 민원대상 금융기관이 아닌 경우 타 부처 등으로 민원이 이송될 수 있음을 알려드립니다.",https://www.fss.or.kr/fss/bbs/B0000172/view.do?nttId=49733&menuNo=200202&viewType=&searchCnd=22&searchWrd=&pageIndex=1,https://www.fss.or.kr/fss/bbs/B0000172/list.do?menuNo=200202&bbsId=&cl1Cd=&cl2Cd=&cl3Cd=&pageIndex=1&paramDeptname=&viewType=&selectDeptname=&searchCnd=22&searchWrd=,91
내 금융계좌를 한번에 조회할 수 있는 사이트는 없나요?,"‘내 계좌 한눈에’ 서비스를 통하여 본인의 주요 금융계좌 정보를 한번에 조회할 수 있습니다!
금융소비자정보포털 ‘파인’(fine.fss.or.kr) 또는 ’내 계좌 한눈에‘ 홈페이지 (
www.accountinfo.or.kr)
를
통해 9시부터 22시까지 이용가능하며(연중무휴), 은행·상호금융
계좌, 보험 계약, 대부업체를 제외한 제도권 금융회사의 대출정보를 일괄조회 할 수 있습니다.",https://www.fss.or.kr/fss/bbs/B0000172/view.do?nttId=49732&menuNo=200202&viewType=&searchCnd=22&searchWrd=&pageIndex=1,https://www.fss.or.kr/fss/bbs/B0000172/list.do?menuNo=200202&bbsId=&cl1Cd=&cl2Cd=&cl3Cd=&pageIndex=1&paramDeptname=&viewType=&selectDeptname=&searchCnd=22&searchWrd=,91
어려운 금융용어 등을 쉽게 찾아볼 수 있는 사이트는 없나요?,"금융감독원은 금융소비자의 전문적인 금융용어에 대한 이해도를 제고하기 위해 관련 제도의 배경, 이슈 등을 종합적으로 반영해 작성한 ‘
금융용어사전
’을 오픈하였습니다.
‘금융용어사전’에는 핀테크 발달을 반영한 인터넷 전문은행, P2P(Peer to Peer) 대출, 로보어드바이저, 크라우드펀딩 등 전문 용어를 비롯한 533개 용어를 상세히 설명하고 있습니다.
금융감독원 홈페이지 및 ‘파인(FINE:fine.fss.or.kr)'의 금융용어사전’ 코너에서 찾아보실 수
있으며, 알고 싶은 용어명을 정확히 입력하지 않더라고 일부 단어만으로도 검색이 가능합니다.",https://www.fss.or.kr/fss/bbs/B0000172/view.do?nttId=49731&menuNo=200202&viewType=&searchCnd=22&searchWrd=&pageIndex=1,https://www.fss.or.kr/fss/bbs/B0000172/list.do?menuNo=200202&bbsId=&cl1Cd=&cl2Cd=&cl3Cd=&pageIndex=1&paramDeptname=&viewType=&selectDeptname=&searchCnd=22&searchWrd=,91
정기예금 및 적금 금리를 한눈에 비교해 볼 수 있는 곳은 없나요?,"금융감독원은 소비자의 금융상품 선택에 실질적인 도움이 될 수 있도록,
금융상품 통합 비교공시시스템 ‘금융상품한눈에’
를 오픈하였습니다.
예·적금, 대출 등 금융상품을 통합 비교공시하고 있으며,
실손보험, 자동차보험 등은 협회사이트(보험다모아)를 연결하여 제공하고 있습니다.
(다만 본 사이트의 금융상품 정보는 매월 20일 정기적으로 공시하고 있으며, 최신정보 제공을 위해 노력하고 있으나 금융상품의 금리 등 거래조건이 수시로 변경될 수 있으므로 거래전 반드시 해당 금융회사에 문의 후 구입을 결정하시기 바랍니다.)
* 홈페이지 주소 :
http://finlife.fss.or.kr",https://www.fss.or.kr/fss/bbs/B0000172/view.do?nttId=49730&menuNo=200202&viewType=&searchCnd=22&searchWrd=&pageIndex=1,https://www.fss.or.kr/fss/bbs/B0000172/list.do?menuNo=200202&bbsId=&cl1Cd=&cl2Cd=&cl3Cd=&pageIndex=1&paramDeptname=&viewType=&selectDeptname=&searchCnd=22&searchWrd=,91
「보이는 ARS」는 어떻게 이용할 수 있나요?,"금융감독원은
금감원 콜센터(☎1332)의 음성
ARS
안내
내용
을
스
마트폰
화면
을
통해
한 번에 확
인
할
수 있는
｢
보이는 1332｣ 서
비스
를
시
행중에 있습니다. 동 서비스 이용방법은 첨부파일을 참고하여 주시기 바랍니다.",https://www.fss.or.kr/fss/bbs/B0000172/view.do?nttId=49729&menuNo=200202&viewType=&searchCnd=22&searchWrd=&pageIndex=1,https://www.fss.or.kr/fss/bbs/B0000172/list.do?menuNo=200202&bbsId=&cl1Cd=&cl2Cd=&cl3Cd=&pageIndex=1&paramDeptname=&viewType=&selectDeptname=&searchCnd=22&searchWrd=,91
대차료 지급기준 참고(예시),"자동차보험 대차료 지급기준 개선
*
내용을 반영한 FAQ를 게시하오니 참고하시기 바랍니다.
* '22.9.29. 금융감독원 보도자료 ""현행 내연기관 중심의 자동차보험 대차료 지급기준을 친환경차 보급 확대 등 환경변화에 맞게 개선합니다
(
'22.10.11.부터 시행예정
)
""
참조",https://www.fss.or.kr/fss/bbs/B0000172/view.do?nttId=49737&menuNo=200202&viewType=&searchCnd=22&searchWrd=&pageIndex=1,https://www.fss.or.kr/fss/bbs/B0000172/list.do?menuNo=200202&bbsId=&cl1Cd=&cl2Cd=&cl3Cd=&pageIndex=1&paramDeptname=&viewType=&selectDeptname=&searchCnd=22&searchWrd=,92
소비자보호실태평가 결과는 어디서 확인할 수 있나요?,"소비자보호실태평가 결과는 금융감독원 홈페이지
(www.fss.or.kr
)
또는 개별 금융기관 및 협회 홈페이지
*
등을 통해 확인하실 수 있습니다.
※ 금융 권역별 협회 홈페이지 목록
은      행 : 전국은행연합회(www.kfb.or.kr)
생명보험 : 생명보험협회(www.klia.or.kr)
손해보험 : 손해보험협회(www.knia.or.kr)
카      드 : 여신금융협회(www.crefia.or.kr)
저축은행 : 저축은행중앙회(www.fsb.or.kr)
금융투자 : 금융투자협회(www.kofia.or.kr)",https://www.fss.or.kr/fss/bbs/B0000172/view.do?nttId=49736&menuNo=200202&viewType=&searchCnd=22&searchWrd=&pageIndex=1,https://www.fss.or.kr/fss/bbs/B0000172/list.do?menuNo=200202&bbsId=&cl1Cd=&cl2Cd=&cl3Cd=&pageIndex=1&paramDeptname=&viewType=&selectDeptname=&searchCnd=22&searchWrd=,92
소비자보호실태평가의 평가방법이 궁금합니다.,"「금융소비자보호 모범규준」에 명기된 소비자보호 사항의 이행여부 점검을 위해 계량 5개, 비계량 5개 등 총 10개 부문으로 구성하여 각 부문별로 평가하고 있습니다.
자세한 내용은 첨부파일을 참고해주시길 바랍니다.",https://www.fss.or.kr/fss/bbs/B0000172/view.do?nttId=49735&menuNo=200202&viewType=&searchCnd=22&searchWrd=&pageIndex=1,https://www.fss.or.kr/fss/bbs/B0000172/list.do?menuNo=200202&bbsId=&cl1Cd=&cl2Cd=&cl3Cd=&pageIndex=1&paramDeptname=&viewType=&selectDeptname=&searchCnd=22&searchWrd=,92
소비자보호실태평가는 어떤 제도인가요?,"금융감독원은 금융회사의 민원예방 노력 유도 등을 위해 2002년부터 「민원발생평가제도」를 운영
*
해왔습니다.
* 금감원이 처리한 민원건수를 기초로 금융회사를 1∼5등급으로 평가하고 대외에 공표(’14년은 81개사 평가)
그러나 민원건수 위주의 평가만으로는 금융회사의 소비자보호 수준을 평가하고, 금융회사의 자율적 개선노력을 유도하는데 한계가 있어 제도 개선의 필요성이 지속적으로 제기되어 왔습니다.
이에 따라 기존 민원발생평가제도를 대신하여 금융회사의 다양한 소비자보호 활동을 종합적으로 평가할 수 있는 「금융소비자보호 실태평가제도」를 도입·시행
('16.4월 시행)
하게 되었습니다.
소비자보호실태평가제도는
금융소비자에게는 거래 금융회사 선택에 필요한 유용한 정보를 제공하는 한편, 금융회사에게는 소비자보호 중심의 경영문화 확산을 유도하는데 중점을 두고 있습니다.",https://www.fss.or.kr/fss/bbs/B0000172/view.do?nttId=49734&menuNo=200202&viewType=&searchCnd=22&searchWrd=&pageIndex=1,https://www.fss.or.kr/fss/bbs/B0000172/list.do?menuNo=200202&bbsId=&cl1Cd=&cl2Cd=&cl3Cd=&pageIndex=1&paramDeptname=&viewType=&selectDeptname=&searchCnd=22&searchWrd=,92
금융감독원의 민원대상 금융회사가 궁금합니다.,"금융감독원은 은행, 금융투자업자, 보험회사, 여신전문금융회사, 상호저축은행 등 금융기관에 대한 민원을 처리하고 있습니다.
금융감독원의 민원대상 금융기관 조회방법은 다음과 같습니다.
1. 금융감독원 홈페이지 → e-금융민원센터 → 민원안내 → 금융민원신청 안내 → 유의사항
2.
http://www.fcsc.kr/D/fu_d_01_02.jsp
→  유의사항
참고로, 금융감독원의 민원대상 금융기관이 아닌 경우 타 부처 등으로 민원이 이송될 수 있음을 알려드립니다.",https://www.fss.or.kr/fss/bbs/B0000172/view.do?nttId=49733&menuNo=200202&viewType=&searchCnd=22&searchWrd=&pageIndex=1,https://www.fss.or.kr/fss/bbs/B0000172/list.do?menuNo=200202&bbsId=&cl1Cd=&cl2Cd=&cl3Cd=&pageIndex=1&paramDeptname=&viewType=&selectDeptname=&searchCnd=22&searchWrd=,92
내 금융계좌를 한번에 조회할 수 있는 사이트는 없나요?,"‘내 계좌 한눈에’ 서비스를 통하여 본인의 주요 금융계좌 정보를 한번에 조회할 수 있습니다!
금융소비자정보포털 ‘파인’(fine.fss.or.kr) 또는 ’내 계좌 한눈에‘ 홈페이지 (
www.accountinfo.or.kr)
를
통해 9시부터 22시까지 이용가능하며(연중무휴), 은행·상호금융
계좌, 보험 계약, 대부업체를 제외한 제도권 금융회사의 대출정보를 일괄조회 할 수 있습니다.",https://www.fss.or.kr/fss/bbs/B0000172/view.do?nttId=49732&menuNo=200202&viewType=&searchCnd=22&searchWrd=&pageIndex=1,https://www.fss.or.kr/fss/bbs/B0000172/list.do?menuNo=200202&bbsId=&cl1Cd=&cl2Cd=&cl3Cd=&pageIndex=1&paramDeptname=&viewType=&selectDeptname=&searchCnd=22&searchWrd=,92
어려운 금융용어 등을 쉽게 찾아볼 수 있는 사이트는 없나요?,"금융감독원은 금융소비자의 전문적인 금융용어에 대한 이해도를 제고하기 위해 관련 제도의 배경, 이슈 등을 종합적으로 반영해 작성한 ‘
금융용어사전
’을 오픈하였습니다.
‘금융용어사전’에는 핀테크 발달을 반영한 인터넷 전문은행, P2P(Peer to Peer) 대출, 로보어드바이저, 크라우드펀딩 등 전문 용어를 비롯한 533개 용어를 상세히 설명하고 있습니다.
금융감독원 홈페이지 및 ‘파인(FINE:fine.fss.or.kr)'의 금융용어사전’ 코너에서 찾아보실 수
있으며, 알고 싶은 용어명을 정확히 입력하지 않더라고 일부 단어만으로도 검색이 가능합니다.",https://www.fss.or.kr/fss/bbs/B0000172/view.do?nttId=49731&menuNo=200202&viewType=&searchCnd=22&searchWrd=&pageIndex=1,https://www.fss.or.kr/fss/bbs/B0000172/list.do?menuNo=200202&bbsId=&cl1Cd=&cl2Cd=&cl3Cd=&pageIndex=1&paramDeptname=&viewType=&selectDeptname=&searchCnd=22&searchWrd=,92
정기예금 및 적금 금리를 한눈에 비교해 볼 수 있는 곳은 없나요?,"금융감독원은 소비자의 금융상품 선택에 실질적인 도움이 될 수 있도록,
금융상품 통합 비교공시시스템 ‘금융상품한눈에’
를 오픈하였습니다.
예·적금, 대출 등 금융상품을 통합 비교공시하고 있으며,
실손보험, 자동차보험 등은 협회사이트(보험다모아)를 연결하여 제공하고 있습니다.
(다만 본 사이트의 금융상품 정보는 매월 20일 정기적으로 공시하고 있으며, 최신정보 제공을 위해 노력하고 있으나 금융상품의 금리 등 거래조건이 수시로 변경될 수 있으므로 거래전 반드시 해당 금융회사에 문의 후 구입을 결정하시기 바랍니다.)
* 홈페이지 주소 :
http://finlife.fss.or.kr",https://www.fss.or.kr/fss/bbs/B0000172/view.do?nttId=49730&menuNo=200202&viewType=&searchCnd=22&searchWrd=&pageIndex=1,https://www.fss.or.kr/fss/bbs/B0000172/list.do?menuNo=200202&bbsId=&cl1Cd=&cl2Cd=&cl3Cd=&pageIndex=1&paramDeptname=&viewType=&selectDeptname=&searchCnd=22&searchWrd=,92
「보이는 ARS」는 어떻게 이용할 수 있나요?,"금융감독원은
금감원 콜센터(☎1332)의 음성
ARS
안내
내용
을
스
마트폰
화면
을
통해
한 번에 확
인
할
수 있는
｢
보이는 1332｣ 서
비스
를
시
행중에 있습니다. 동 서비스 이용방법은 첨부파일을 참고하여 주시기 바랍니다.",https://www.fss.or.kr/fss/bbs/B0000172/view.do?nttId=49729&menuNo=200202&viewType=&searchCnd=22&searchWrd=&pageIndex=1,https://www.fss.or.kr/fss/bbs/B0000172/list.do?menuNo=200202&bbsId=&cl1Cd=&cl2Cd=&cl3Cd=&pageIndex=1&paramDeptname=&viewType=&selectDeptname=&searchCnd=22&searchWrd=,92
대차료 지급기준 참고(예시),"자동차보험 대차료 지급기준 개선
*
내용을 반영한 FAQ를 게시하오니 참고하시기 바랍니다.
* '22.9.29. 금융감독원 보도자료 ""현행 내연기관 중심의 자동차보험 대차료 지급기준을 친환경차 보급 확대 등 환경변화에 맞게 개선합니다
(
'22.10.11.부터 시행예정
)
""
참조",https://www.fss.or.kr/fss/bbs/B0000172/view.do?nttId=49737&menuNo=200202&viewType=&searchCnd=22&searchWrd=&pageIndex=1,https://www.fss.or.kr/fss/bbs/B0000172/list.do?menuNo=200202&bbsId=&cl1Cd=&cl2Cd=&cl3Cd=&pageIndex=1&paramDeptname=&viewType=&selectDeptname=&searchCnd=22&searchWrd=,93
소비자보호실태평가 결과는 어디서 확인할 수 있나요?,"소비자보호실태평가 결과는 금융감독원 홈페이지
(www.fss.or.kr
)
또는 개별 금융기관 및 협회 홈페이지
*
등을 통해 확인하실 수 있습니다.
※ 금융 권역별 협회 홈페이지 목록
은      행 : 전국은행연합회(www.kfb.or.kr)
생명보험 : 생명보험협회(www.klia.or.kr)
손해보험 : 손해보험협회(www.knia.or.kr)
카      드 : 여신금융협회(www.crefia.or.kr)
저축은행 : 저축은행중앙회(www.fsb.or.kr)
금융투자 : 금융투자협회(www.kofia.or.kr)",https://www.fss.or.kr/fss/bbs/B0000172/view.do?nttId=49736&menuNo=200202&viewType=&searchCnd=22&searchWrd=&pageIndex=1,https://www.fss.or.kr/fss/bbs/B0000172/list.do?menuNo=200202&bbsId=&cl1Cd=&cl2Cd=&cl3Cd=&pageIndex=1&paramDeptname=&viewType=&selectDeptname=&searchCnd=22&searchWrd=,93
소비자보호실태평가의 평가방법이 궁금합니다.,"「금융소비자보호 모범규준」에 명기된 소비자보호 사항의 이행여부 점검을 위해 계량 5개, 비계량 5개 등 총 10개 부문으로 구성하여 각 부문별로 평가하고 있습니다.
자세한 내용은 첨부파일을 참고해주시길 바랍니다.",https://www.fss.or.kr/fss/bbs/B0000172/view.do?nttId=49735&menuNo=200202&viewType=&searchCnd=22&searchWrd=&pageIndex=1,https://www.fss.or.kr/fss/bbs/B0000172/list.do?menuNo=200202&bbsId=&cl1Cd=&cl2Cd=&cl3Cd=&pageIndex=1&paramDeptname=&viewType=&selectDeptname=&searchCnd=22&searchWrd=,93
소비자보호실태평가는 어떤 제도인가요?,"금융감독원은 금융회사의 민원예방 노력 유도 등을 위해 2002년부터 「민원발생평가제도」를 운영
*
해왔습니다.
* 금감원이 처리한 민원건수를 기초로 금융회사를 1∼5등급으로 평가하고 대외에 공표(’14년은 81개사 평가)
그러나 민원건수 위주의 평가만으로는 금융회사의 소비자보호 수준을 평가하고, 금융회사의 자율적 개선노력을 유도하는데 한계가 있어 제도 개선의 필요성이 지속적으로 제기되어 왔습니다.
이에 따라 기존 민원발생평가제도를 대신하여 금융회사의 다양한 소비자보호 활동을 종합적으로 평가할 수 있는 「금융소비자보호 실태평가제도」를 도입·시행
('16.4월 시행)
하게 되었습니다.
소비자보호실태평가제도는
금융소비자에게는 거래 금융회사 선택에 필요한 유용한 정보를 제공하는 한편, 금융회사에게는 소비자보호 중심의 경영문화 확산을 유도하는데 중점을 두고 있습니다.",https://www.fss.or.kr/fss/bbs/B0000172/view.do?nttId=49734&menuNo=200202&viewType=&searchCnd=22&searchWrd=&pageIndex=1,https://www.fss.or.kr/fss/bbs/B0000172/list.do?menuNo=200202&bbsId=&cl1Cd=&cl2Cd=&cl3Cd=&pageIndex=1&paramDeptname=&viewType=&selectDeptname=&searchCnd=22&searchWrd=,93
금융감독원의 민원대상 금융회사가 궁금합니다.,"금융감독원은 은행, 금융투자업자, 보험회사, 여신전문금융회사, 상호저축은행 등 금융기관에 대한 민원을 처리하고 있습니다.
금융감독원의 민원대상 금융기관 조회방법은 다음과 같습니다.
1. 금융감독원 홈페이지 → e-금융민원센터 → 민원안내 → 금융민원신청 안내 → 유의사항
2.
http://www.fcsc.kr/D/fu_d_01_02.jsp
→  유의사항
참고로, 금융감독원의 민원대상 금융기관이 아닌 경우 타 부처 등으로 민원이 이송될 수 있음을 알려드립니다.",https://www.fss.or.kr/fss/bbs/B0000172/view.do?nttId=49733&menuNo=200202&viewType=&searchCnd=22&searchWrd=&pageIndex=1,https://www.fss.or.kr/fss/bbs/B0000172/list.do?menuNo=200202&bbsId=&cl1Cd=&cl2Cd=&cl3Cd=&pageIndex=1&paramDeptname=&viewType=&selectDeptname=&searchCnd=22&searchWrd=,93
내 금융계좌를 한번에 조회할 수 있는 사이트는 없나요?,"‘내 계좌 한눈에’ 서비스를 통하여 본인의 주요 금융계좌 정보를 한번에 조회할 수 있습니다!
금융소비자정보포털 ‘파인’(fine.fss.or.kr) 또는 ’내 계좌 한눈에‘ 홈페이지 (
www.accountinfo.or.kr)
를
통해 9시부터 22시까지 이용가능하며(연중무휴), 은행·상호금융
계좌, 보험 계약, 대부업체를 제외한 제도권 금융회사의 대출정보를 일괄조회 할 수 있습니다.",https://www.fss.or.kr/fss/bbs/B0000172/view.do?nttId=49732&menuNo=200202&viewType=&searchCnd=22&searchWrd=&pageIndex=1,https://www.fss.or.kr/fss/bbs/B0000172/list.do?menuNo=200202&bbsId=&cl1Cd=&cl2Cd=&cl3Cd=&pageIndex=1&paramDeptname=&viewType=&selectDeptname=&searchCnd=22&searchWrd=,93
어려운 금융용어 등을 쉽게 찾아볼 수 있는 사이트는 없나요?,"금융감독원은 금융소비자의 전문적인 금융용어에 대한 이해도를 제고하기 위해 관련 제도의 배경, 이슈 등을 종합적으로 반영해 작성한 ‘
금융용어사전
’을 오픈하였습니다.
‘금융용어사전’에는 핀테크 발달을 반영한 인터넷 전문은행, P2P(Peer to Peer) 대출, 로보어드바이저, 크라우드펀딩 등 전문 용어를 비롯한 533개 용어를 상세히 설명하고 있습니다.
금융감독원 홈페이지 및 ‘파인(FINE:fine.fss.or.kr)'의 금융용어사전’ 코너에서 찾아보실 수
있으며, 알고 싶은 용어명을 정확히 입력하지 않더라고 일부 단어만으로도 검색이 가능합니다.",https://www.fss.or.kr/fss/bbs/B0000172/view.do?nttId=49731&menuNo=200202&viewType=&searchCnd=22&searchWrd=&pageIndex=1,https://www.fss.or.kr/fss/bbs/B0000172/list.do?menuNo=200202&bbsId=&cl1Cd=&cl2Cd=&cl3Cd=&pageIndex=1&paramDeptname=&viewType=&selectDeptname=&searchCnd=22&searchWrd=,93
정기예금 및 적금 금리를 한눈에 비교해 볼 수 있는 곳은 없나요?,"금융감독원은 소비자의 금융상품 선택에 실질적인 도움이 될 수 있도록,
금융상품 통합 비교공시시스템 ‘금융상품한눈에’
를 오픈하였습니다.
예·적금, 대출 등 금융상품을 통합 비교공시하고 있으며,
실손보험, 자동차보험 등은 협회사이트(보험다모아)를 연결하여 제공하고 있습니다.
(다만 본 사이트의 금융상품 정보는 매월 20일 정기적으로 공시하고 있으며, 최신정보 제공을 위해 노력하고 있으나 금융상품의 금리 등 거래조건이 수시로 변경될 수 있으므로 거래전 반드시 해당 금융회사에 문의 후 구입을 결정하시기 바랍니다.)
* 홈페이지 주소 :
http://finlife.fss.or.kr",https://www.fss.or.kr/fss/bbs/B0000172/view.do?nttId=49730&menuNo=200202&viewType=&searchCnd=22&searchWrd=&pageIndex=1,https://www.fss.or.kr/fss/bbs/B0000172/list.do?menuNo=200202&bbsId=&cl1Cd=&cl2Cd=&cl3Cd=&pageIndex=1&paramDeptname=&viewType=&selectDeptname=&searchCnd=22&searchWrd=,93
「보이는 ARS」는 어떻게 이용할 수 있나요?,"금융감독원은
금감원 콜센터(☎1332)의 음성
ARS
안내
내용
을
스
마트폰
화면
을
통해
한 번에 확
인
할
수 있는
｢
보이는 1332｣ 서
비스
를
시
행중에 있습니다. 동 서비스 이용방법은 첨부파일을 참고하여 주시기 바랍니다.",https://www.fss.or.kr/fss/bbs/B0000172/view.do?nttId=49729&menuNo=200202&viewType=&searchCnd=22&searchWrd=&pageIndex=1,https://www.fss.or.kr/fss/bbs/B0000172/list.do?menuNo=200202&bbsId=&cl1Cd=&cl2Cd=&cl3Cd=&pageIndex=1&paramDeptname=&viewType=&selectDeptname=&searchCnd=22&searchWrd=,93
대차료 지급기준 참고(예시),"자동차보험 대차료 지급기준 개선
*
내용을 반영한 FAQ를 게시하오니 참고하시기 바랍니다.
* '22.9.29. 금융감독원 보도자료 ""현행 내연기관 중심의 자동차보험 대차료 지급기준을 친환경차 보급 확대 등 환경변화에 맞게 개선합니다
(
'22.10.11.부터 시행예정
)
""
참조",https://www.fss.or.kr/fss/bbs/B0000172/view.do?nttId=49737&menuNo=200202&viewType=&searchCnd=22&searchWrd=&pageIndex=1,https://www.fss.or.kr/fss/bbs/B0000172/list.do?menuNo=200202&bbsId=&cl1Cd=&cl2Cd=&cl3Cd=&pageIndex=1&paramDeptname=&viewType=&selectDeptname=&searchCnd=22&searchWrd=,94
소비자보호실태평가 결과는 어디서 확인할 수 있나요?,"소비자보호실태평가 결과는 금융감독원 홈페이지
(www.fss.or.kr
)
또는 개별 금융기관 및 협회 홈페이지
*
등을 통해 확인하실 수 있습니다.
※ 금융 권역별 협회 홈페이지 목록
은      행 : 전국은행연합회(www.kfb.or.kr)
생명보험 : 생명보험협회(www.klia.or.kr)
손해보험 : 손해보험협회(www.knia.or.kr)
카      드 : 여신금융협회(www.crefia.or.kr)
저축은행 : 저축은행중앙회(www.fsb.or.kr)
금융투자 : 금융투자협회(www.kofia.or.kr)",https://www.fss.or.kr/fss/bbs/B0000172/view.do?nttId=49736&menuNo=200202&viewType=&searchCnd=22&searchWrd=&pageIndex=1,https://www.fss.or.kr/fss/bbs/B0000172/list.do?menuNo=200202&bbsId=&cl1Cd=&cl2Cd=&cl3Cd=&pageIndex=1&paramDeptname=&viewType=&selectDeptname=&searchCnd=22&searchWrd=,94
소비자보호실태평가의 평가방법이 궁금합니다.,"「금융소비자보호 모범규준」에 명기된 소비자보호 사항의 이행여부 점검을 위해 계량 5개, 비계량 5개 등 총 10개 부문으로 구성하여 각 부문별로 평가하고 있습니다.
자세한 내용은 첨부파일을 참고해주시길 바랍니다.",https://www.fss.or.kr/fss/bbs/B0000172/view.do?nttId=49735&menuNo=200202&viewType=&searchCnd=22&searchWrd=&pageIndex=1,https://www.fss.or.kr/fss/bbs/B0000172/list.do?menuNo=200202&bbsId=&cl1Cd=&cl2Cd=&cl3Cd=&pageIndex=1&paramDeptname=&viewType=&selectDeptname=&searchCnd=22&searchWrd=,94
소비자보호실태평가는 어떤 제도인가요?,"금융감독원은 금융회사의 민원예방 노력 유도 등을 위해 2002년부터 「민원발생평가제도」를 운영
*
해왔습니다.
* 금감원이 처리한 민원건수를 기초로 금융회사를 1∼5등급으로 평가하고 대외에 공표(’14년은 81개사 평가)
그러나 민원건수 위주의 평가만으로는 금융회사의 소비자보호 수준을 평가하고, 금융회사의 자율적 개선노력을 유도하는데 한계가 있어 제도 개선의 필요성이 지속적으로 제기되어 왔습니다.
이에 따라 기존 민원발생평가제도를 대신하여 금융회사의 다양한 소비자보호 활동을 종합적으로 평가할 수 있는 「금융소비자보호 실태평가제도」를 도입·시행
('16.4월 시행)
하게 되었습니다.
소비자보호실태평가제도는
금융소비자에게는 거래 금융회사 선택에 필요한 유용한 정보를 제공하는 한편, 금융회사에게는 소비자보호 중심의 경영문화 확산을 유도하는데 중점을 두고 있습니다.",https://www.fss.or.kr/fss/bbs/B0000172/view.do?nttId=49734&menuNo=200202&viewType=&searchCnd=22&searchWrd=&pageIndex=1,https://www.fss.or.kr/fss/bbs/B0000172/list.do?menuNo=200202&bbsId=&cl1Cd=&cl2Cd=&cl3Cd=&pageIndex=1&paramDeptname=&viewType=&selectDeptname=&searchCnd=22&searchWrd=,94
금융감독원의 민원대상 금융회사가 궁금합니다.,"금융감독원은 은행, 금융투자업자, 보험회사, 여신전문금융회사, 상호저축은행 등 금융기관에 대한 민원을 처리하고 있습니다.
금융감독원의 민원대상 금융기관 조회방법은 다음과 같습니다.
1. 금융감독원 홈페이지 → e-금융민원센터 → 민원안내 → 금융민원신청 안내 → 유의사항
2.
http://www.fcsc.kr/D/fu_d_01_02.jsp
→  유의사항
참고로, 금융감독원의 민원대상 금융기관이 아닌 경우 타 부처 등으로 민원이 이송될 수 있음을 알려드립니다.",https://www.fss.or.kr/fss/bbs/B0000172/view.do?nttId=49733&menuNo=200202&viewType=&searchCnd=22&searchWrd=&pageIndex=1,https://www.fss.or.kr/fss/bbs/B0000172/list.do?menuNo=200202&bbsId=&cl1Cd=&cl2Cd=&cl3Cd=&pageIndex=1&paramDeptname=&viewType=&selectDeptname=&searchCnd=22&searchWrd=,94
내 금융계좌를 한번에 조회할 수 있는 사이트는 없나요?,"‘내 계좌 한눈에’ 서비스를 통하여 본인의 주요 금융계좌 정보를 한번에 조회할 수 있습니다!
금융소비자정보포털 ‘파인’(fine.fss.or.kr) 또는 ’내 계좌 한눈에‘ 홈페이지 (
www.accountinfo.or.kr)
를
통해 9시부터 22시까지 이용가능하며(연중무휴), 은행·상호금융
계좌, 보험 계약, 대부업체를 제외한 제도권 금융회사의 대출정보를 일괄조회 할 수 있습니다.",https://www.fss.or.kr/fss/bbs/B0000172/view.do?nttId=49732&menuNo=200202&viewType=&searchCnd=22&searchWrd=&pageIndex=1,https://www.fss.or.kr/fss/bbs/B0000172/list.do?menuNo=200202&bbsId=&cl1Cd=&cl2Cd=&cl3Cd=&pageIndex=1&paramDeptname=&viewType=&selectDeptname=&searchCnd=22&searchWrd=,94
어려운 금융용어 등을 쉽게 찾아볼 수 있는 사이트는 없나요?,"금융감독원은 금융소비자의 전문적인 금융용어에 대한 이해도를 제고하기 위해 관련 제도의 배경, 이슈 등을 종합적으로 반영해 작성한 ‘
금융용어사전
’을 오픈하였습니다.
‘금융용어사전’에는 핀테크 발달을 반영한 인터넷 전문은행, P2P(Peer to Peer) 대출, 로보어드바이저, 크라우드펀딩 등 전문 용어를 비롯한 533개 용어를 상세히 설명하고 있습니다.
금융감독원 홈페이지 및 ‘파인(FINE:fine.fss.or.kr)'의 금융용어사전’ 코너에서 찾아보실 수
있으며, 알고 싶은 용어명을 정확히 입력하지 않더라고 일부 단어만으로도 검색이 가능합니다.",https://www.fss.or.kr/fss/bbs/B0000172/view.do?nttId=49731&menuNo=200202&viewType=&searchCnd=22&searchWrd=&pageIndex=1,https://www.fss.or.kr/fss/bbs/B0000172/list.do?menuNo=200202&bbsId=&cl1Cd=&cl2Cd=&cl3Cd=&pageIndex=1&paramDeptname=&viewType=&selectDeptname=&searchCnd=22&searchWrd=,94
정기예금 및 적금 금리를 한눈에 비교해 볼 수 있는 곳은 없나요?,"금융감독원은 소비자의 금융상품 선택에 실질적인 도움이 될 수 있도록,
금융상품 통합 비교공시시스템 ‘금융상품한눈에’
를 오픈하였습니다.
예·적금, 대출 등 금융상품을 통합 비교공시하고 있으며,
실손보험, 자동차보험 등은 협회사이트(보험다모아)를 연결하여 제공하고 있습니다.
(다만 본 사이트의 금융상품 정보는 매월 20일 정기적으로 공시하고 있으며, 최신정보 제공을 위해 노력하고 있으나 금융상품의 금리 등 거래조건이 수시로 변경될 수 있으므로 거래전 반드시 해당 금융회사에 문의 후 구입을 결정하시기 바랍니다.)
* 홈페이지 주소 :
http://finlife.fss.or.kr",https://www.fss.or.kr/fss/bbs/B0000172/view.do?nttId=49730&menuNo=200202&viewType=&searchCnd=22&searchWrd=&pageIndex=1,https://www.fss.or.kr/fss/bbs/B0000172/list.do?menuNo=200202&bbsId=&cl1Cd=&cl2Cd=&cl3Cd=&pageIndex=1&paramDeptname=&viewType=&selectDeptname=&searchCnd=22&searchWrd=,94
「보이는 ARS」는 어떻게 이용할 수 있나요?,"금융감독원은
금감원 콜센터(☎1332)의 음성
ARS
안내
내용
을
스
마트폰
화면
을
통해
한 번에 확
인
할
수 있는
｢
보이는 1332｣ 서
비스
를
시
행중에 있습니다. 동 서비스 이용방법은 첨부파일을 참고하여 주시기 바랍니다.",https://www.fss.or.kr/fss/bbs/B0000172/view.do?nttId=49729&menuNo=200202&viewType=&searchCnd=22&searchWrd=&pageIndex=1,https://www.fss.or.kr/fss/bbs/B0000172/list.do?menuNo=200202&bbsId=&cl1Cd=&cl2Cd=&cl3Cd=&pageIndex=1&paramDeptname=&viewType=&selectDeptname=&searchCnd=22&searchWrd=,94
대차료 지급기준 참고(예시),"자동차보험 대차료 지급기준 개선
*
내용을 반영한 FAQ를 게시하오니 참고하시기 바랍니다.
* '22.9.29. 금융감독원 보도자료 ""현행 내연기관 중심의 자동차보험 대차료 지급기준을 친환경차 보급 확대 등 환경변화에 맞게 개선합니다
(
'22.10.11.부터 시행예정
)
""
참조",https://www.fss.or.kr/fss/bbs/B0000172/view.do?nttId=49737&menuNo=200202&viewType=&searchCnd=22&searchWrd=&pageIndex=1,https://www.fss.or.kr/fss/bbs/B0000172/list.do?menuNo=200202&bbsId=&cl1Cd=&cl2Cd=&cl3Cd=&pageIndex=1&paramDeptname=&viewType=&selectDeptname=&searchCnd=22&searchWrd=,95
소비자보호실태평가 결과는 어디서 확인할 수 있나요?,"소비자보호실태평가 결과는 금융감독원 홈페이지
(www.fss.or.kr
)
또는 개별 금융기관 및 협회 홈페이지
*
등을 통해 확인하실 수 있습니다.
※ 금융 권역별 협회 홈페이지 목록
은      행 : 전국은행연합회(www.kfb.or.kr)
생명보험 : 생명보험협회(www.klia.or.kr)
손해보험 : 손해보험협회(www.knia.or.kr)
카      드 : 여신금융협회(www.crefia.or.kr)
저축은행 : 저축은행중앙회(www.fsb.or.kr)
금융투자 : 금융투자협회(www.kofia.or.kr)",https://www.fss.or.kr/fss/bbs/B0000172/view.do?nttId=49736&menuNo=200202&viewType=&searchCnd=22&searchWrd=&pageIndex=1,https://www.fss.or.kr/fss/bbs/B0000172/list.do?menuNo=200202&bbsId=&cl1Cd=&cl2Cd=&cl3Cd=&pageIndex=1&paramDeptname=&viewType=&selectDeptname=&searchCnd=22&searchWrd=,95
소비자보호실태평가의 평가방법이 궁금합니다.,"「금융소비자보호 모범규준」에 명기된 소비자보호 사항의 이행여부 점검을 위해 계량 5개, 비계량 5개 등 총 10개 부문으로 구성하여 각 부문별로 평가하고 있습니다.
자세한 내용은 첨부파일을 참고해주시길 바랍니다.",https://www.fss.or.kr/fss/bbs/B0000172/view.do?nttId=49735&menuNo=200202&viewType=&searchCnd=22&searchWrd=&pageIndex=1,https://www.fss.or.kr/fss/bbs/B0000172/list.do?menuNo=200202&bbsId=&cl1Cd=&cl2Cd=&cl3Cd=&pageIndex=1&paramDeptname=&viewType=&selectDeptname=&searchCnd=22&searchWrd=,95
소비자보호실태평가는 어떤 제도인가요?,"금융감독원은 금융회사의 민원예방 노력 유도 등을 위해 2002년부터 「민원발생평가제도」를 운영
*
해왔습니다.
* 금감원이 처리한 민원건수를 기초로 금융회사를 1∼5등급으로 평가하고 대외에 공표(’14년은 81개사 평가)
그러나 민원건수 위주의 평가만으로는 금융회사의 소비자보호 수준을 평가하고, 금융회사의 자율적 개선노력을 유도하는데 한계가 있어 제도 개선의 필요성이 지속적으로 제기되어 왔습니다.
이에 따라 기존 민원발생평가제도를 대신하여 금융회사의 다양한 소비자보호 활동을 종합적으로 평가할 수 있는 「금융소비자보호 실태평가제도」를 도입·시행
('16.4월 시행)
하게 되었습니다.
소비자보호실태평가제도는
금융소비자에게는 거래 금융회사 선택에 필요한 유용한 정보를 제공하는 한편, 금융회사에게는 소비자보호 중심의 경영문화 확산을 유도하는데 중점을 두고 있습니다.",https://www.fss.or.kr/fss/bbs/B0000172/view.do?nttId=49734&menuNo=200202&viewType=&searchCnd=22&searchWrd=&pageIndex=1,https://www.fss.or.kr/fss/bbs/B0000172/list.do?menuNo=200202&bbsId=&cl1Cd=&cl2Cd=&cl3Cd=&pageIndex=1&paramDeptname=&viewType=&selectDeptname=&searchCnd=22&searchWrd=,95
금융감독원의 민원대상 금융회사가 궁금합니다.,"금융감독원은 은행, 금융투자업자, 보험회사, 여신전문금융회사, 상호저축은행 등 금융기관에 대한 민원을 처리하고 있습니다.
금융감독원의 민원대상 금융기관 조회방법은 다음과 같습니다.
1. 금융감독원 홈페이지 → e-금융민원센터 → 민원안내 → 금융민원신청 안내 → 유의사항
2.
http://www.fcsc.kr/D/fu_d_01_02.jsp
→  유의사항
참고로, 금융감독원의 민원대상 금융기관이 아닌 경우 타 부처 등으로 민원이 이송될 수 있음을 알려드립니다.",https://www.fss.or.kr/fss/bbs/B0000172/view.do?nttId=49733&menuNo=200202&viewType=&searchCnd=22&searchWrd=&pageIndex=1,https://www.fss.or.kr/fss/bbs/B0000172/list.do?menuNo=200202&bbsId=&cl1Cd=&cl2Cd=&cl3Cd=&pageIndex=1&paramDeptname=&viewType=&selectDeptname=&searchCnd=22&searchWrd=,95
내 금융계좌를 한번에 조회할 수 있는 사이트는 없나요?,"‘내 계좌 한눈에’ 서비스를 통하여 본인의 주요 금융계좌 정보를 한번에 조회할 수 있습니다!
금융소비자정보포털 ‘파인’(fine.fss.or.kr) 또는 ’내 계좌 한눈에‘ 홈페이지 (
www.accountinfo.or.kr)
를
통해 9시부터 22시까지 이용가능하며(연중무휴), 은행·상호금융
계좌, 보험 계약, 대부업체를 제외한 제도권 금융회사의 대출정보를 일괄조회 할 수 있습니다.",https://www.fss.or.kr/fss/bbs/B0000172/view.do?nttId=49732&menuNo=200202&viewType=&searchCnd=22&searchWrd=&pageIndex=1,https://www.fss.or.kr/fss/bbs/B0000172/list.do?menuNo=200202&bbsId=&cl1Cd=&cl2Cd=&cl3Cd=&pageIndex=1&paramDeptname=&viewType=&selectDeptname=&searchCnd=22&searchWrd=,95
어려운 금융용어 등을 쉽게 찾아볼 수 있는 사이트는 없나요?,"금융감독원은 금융소비자의 전문적인 금융용어에 대한 이해도를 제고하기 위해 관련 제도의 배경, 이슈 등을 종합적으로 반영해 작성한 ‘
금융용어사전
’을 오픈하였습니다.
‘금융용어사전’에는 핀테크 발달을 반영한 인터넷 전문은행, P2P(Peer to Peer) 대출, 로보어드바이저, 크라우드펀딩 등 전문 용어를 비롯한 533개 용어를 상세히 설명하고 있습니다.
금융감독원 홈페이지 및 ‘파인(FINE:fine.fss.or.kr)'의 금융용어사전’ 코너에서 찾아보실 수
있으며, 알고 싶은 용어명을 정확히 입력하지 않더라고 일부 단어만으로도 검색이 가능합니다.",https://www.fss.or.kr/fss/bbs/B0000172/view.do?nttId=49731&menuNo=200202&viewType=&searchCnd=22&searchWrd=&pageIndex=1,https://www.fss.or.kr/fss/bbs/B0000172/list.do?menuNo=200202&bbsId=&cl1Cd=&cl2Cd=&cl3Cd=&pageIndex=1&paramDeptname=&viewType=&selectDeptname=&searchCnd=22&searchWrd=,95
정기예금 및 적금 금리를 한눈에 비교해 볼 수 있는 곳은 없나요?,"금융감독원은 소비자의 금융상품 선택에 실질적인 도움이 될 수 있도록,
금융상품 통합 비교공시시스템 ‘금융상품한눈에’
를 오픈하였습니다.
예·적금, 대출 등 금융상품을 통합 비교공시하고 있으며,
실손보험, 자동차보험 등은 협회사이트(보험다모아)를 연결하여 제공하고 있습니다.
(다만 본 사이트의 금융상품 정보는 매월 20일 정기적으로 공시하고 있으며, 최신정보 제공을 위해 노력하고 있으나 금융상품의 금리 등 거래조건이 수시로 변경될 수 있으므로 거래전 반드시 해당 금융회사에 문의 후 구입을 결정하시기 바랍니다.)
* 홈페이지 주소 :
http://finlife.fss.or.kr",https://www.fss.or.kr/fss/bbs/B0000172/view.do?nttId=49730&menuNo=200202&viewType=&searchCnd=22&searchWrd=&pageIndex=1,https://www.fss.or.kr/fss/bbs/B0000172/list.do?menuNo=200202&bbsId=&cl1Cd=&cl2Cd=&cl3Cd=&pageIndex=1&paramDeptname=&viewType=&selectDeptname=&searchCnd=22&searchWrd=,95
「보이는 ARS」는 어떻게 이용할 수 있나요?,"금융감독원은
금감원 콜센터(☎1332)의 음성
ARS
안내
내용
을
스
마트폰
화면
을
통해
한 번에 확
인
할
수 있는
｢
보이는 1332｣ 서
비스
를
시
행중에 있습니다. 동 서비스 이용방법은 첨부파일을 참고하여 주시기 바랍니다.",https://www.fss.or.kr/fss/bbs/B0000172/view.do?nttId=49729&menuNo=200202&viewType=&searchCnd=22&searchWrd=&pageIndex=1,https://www.fss.or.kr/fss/bbs/B0000172/list.do?menuNo=200202&bbsId=&cl1Cd=&cl2Cd=&cl3Cd=&pageIndex=1&paramDeptname=&viewType=&selectDeptname=&searchCnd=22&searchWrd=,95
